t_ms,x_mm,y_mm,theta_rad,lap
0,0.0,0.0,0.0001,1
10,29.91,-1.31,-0.0289,1
20,59.27,-4.28,-0.072,1
30,88.52,-8.19,-0.1028,1
40,117.75,-12.22,-0.1199,1
50,147.69,-15.41,-0.1094,1
60,177.98,-17.43,-0.0898,1
70,207.89,-18.97,-0.0831,1
80,236.85,-21.87,-0.1231,1
90,265.5,-26.87,-0.1761,1
100,293.71,-34.08,-0.2315,1
110,322.23,-42.45,-0.2546,1
120,351.11,-50.59,-0.2494,1
130,380.82,-57.85,-0.2336,1
140,411.3,-64.29,-0.2264,1
150,442.69,-70.61,-0.2299,1
160,474.42,-77.88,-0.2506,1
170,506.32,-86.67,-0.2722,1
180,538.28,-97.14,-0.2963,1
190,570.5,-108.48,-0.3071,1
200,603.43,-119.32,-0.297,1
210,637.33,-128.66,-0.2722,1
220,672.11,-136.58,-0.2496,1
230,707.46,-144.28,-0.2452,1
240,742.97,-153.34,-0.2627,1
250,778.4,-164.45,-0.2897,1
260,813.89,-176.89,-0.3061,1
270,849.98,-189.0,-0.2995,1
280,887.07,-199.43,-0.2749,1
290,925.28,-208.21,-0.2505,1
300,964.07,-216.65,-0.2445,1
310,1002.96,-226.46,-0.2612,1
320,1041.68,-238.52,-0.2882,1
330,1080.37,-252.04,-0.3054,1
340,1119.62,-265.27,-0.2999,1
350,1159.86,-276.68,-0.2757,1
360,1201.05,-286.17,-0.2509,1
370,1242.71,-295.19,-0.2438,1
380,1284.02,-305.51,-0.2597,1
390,1324.73,-318.05,-0.2868,1
400,1364.97,-332.06,-0.3047,1
410,1405.32,-345.71,-0.3003,1
420,1446.26,-357.43,-0.2766,1
430,1487.76,-367.09,-0.2514,1
440,1529.39,-376.05,-0.2433,1
450,1570.73,-386.27,-0.2583,1
460,1611.46,-398.68,-0.2853,1
470,1651.72,-412.65,-0.304,1
480,1692.07,-426.35,-0.3006,1
490,1732.99,-438.14,-0.2775,1
500,1774.47,-447.84,-0.2519,1
510,1816.13,-456.79,-0.2428,1
520,1857.52,-466.9,-0.2569,1
530,1898.28,-479.24,-0.2837,1
540,1938.57,-493.16,-0.3033,1
550,1978.91,-506.89,-0.3009,1
560,2019.82,-518.78,-0.2784,1
570,2061.28,-528.54,-0.2524,1
580,2102.95,-537.48,-0.2423,1
590,2144.35,-547.49,-0.2555,1
600,2185.16,-559.71,-0.2822,1
610,2225.44,-573.58,-0.3024,1
620,2265.76,-587.34,-0.3011,1
630,2306.61,-599.33,-0.2793,1
640,2348.05,-609.14,-0.253,1
650,2389.72,-618.06,-0.2419,1
660,2431.15,-627.99,-0.2542,1
670,2471.97,-640.08,-0.2807,1
680,2512.28,-653.88,-0.3016,1
690,2552.6,-667.7,-0.3013,1
700,2593.46,-679.76,-0.2801,1
710,2634.89,-689.64,-0.2536,1
720,2676.57,-698.53,-0.2415,1
730,2718.01,-708.36,-0.2529,1
740,2758.88,-720.35,-0.2791,1
750,2799.21,-734.1,-0.3007,1
760,2839.52,-747.92,-0.3015,1
770,2880.34,-760.08,-0.2809,1
780,2921.75,-770.03,-0.2542,1
790,2963.43,-778.92,-0.2412,1
800,3004.91,-788.67,-0.2516,1
810,3045.8,-800.55,-0.2775,1
820,3086.15,-814.26,-0.2997,1
830,3126.46,-828.1,-0.3015,1
840,3167.25,-840.33,-0.2817,1
850,3208.65,-850.35,-0.2548,1
860,3250.33,-859.22,-0.2409,1
870,3291.81,-868.87,-0.2503,1
880,3332.74,-880.63,-0.2759,1
890,3373.1,-894.25,-0.2987,1
900,3413.38,-908.11,-0.3016,1
910,3454.16,-920.42,-0.2825,1
920,3495.53,-930.49,-0.2554,1
930,3537.22,-939.35,-0.2406,1
940,3578.73,-948.92,-0.249,1
950,3619.69,-960.57,-0.2743,1
960,3660.08,-974.13,-0.2976,1
970,3700.36,-988.0,-0.3016,1
980,3741.11,-1000.38,-0.2832,1
990,3782.48,-1010.56,-0.2561,1
1000,3824.15,-1019.42,-0.2405,1
1010,3865.68,-1028.89,-0.2478,1
1020,3906.68,-1040.41,-0.2727,1
1030,3947.1,-1053.9,-0.2966,1
1040,3987.38,-1067.8,-0.3016,1
1050,4028.11,-1080.26,-0.284,1
1060,4069.47,-1090.5,-0.2569,1
1070,4111.14,-1099.34,-0.2403,1
1080,4152.7,-1108.74,-0.2467,1
1090,4193.71,-1120.15,-0.2711,1
1100,4234.14,-1133.55,-0.2955,1
1110,4274.42,-1147.45,-0.3015,1
1120,4315.15,-1159.98,-0.2848,1
1130,4356.48,-1170.31,-0.2576,1
1140,4398.15,-1179.19,-0.2403,1
1150,4439.72,-1188.5,-0.2456,1
1160,4480.79,-1199.81,-0.2696,1
1170,4521.26,-1213.14,-0.2944,1
1180,4561.54,-1227.06,-0.3014,1
1190,4602.22,-1239.68,-0.2855,1
1200,4643.54,-1250.08,-0.2584,1
1210,4685.2,-1258.98,-0.2403,1
1220,4726.78,-1268.22,-0.2445,1
1230,4767.87,-1279.42,-0.268,1
1240,4808.36,-1292.68,-0.2931,1
1250,4848.65,-1306.56,-0.3013,1
1260,4889.31,-1319.24,-0.2862,1
1270,4930.59,-1329.71,-0.2592,1
1280,4972.25,-1338.62,-0.2402,1
1290,5013.86,-1347.78,-0.2434,1
1300,5054.98,-1358.85,-0.2664,1
1310,5095.49,-1372.02,-0.2919,1
1320,5135.77,-1385.93,-0.301,1
1330,5176.42,-1398.69,-0.2869,1
1340,5217.68,-1409.23,-0.26,1
1350,5259.35,-1418.16,-0.2403,1
1360,5300.97,-1427.27,-0.2424,1
1370,5342.12,-1438.23,-0.2648,1
1380,5382.66,-1451.32,-0.2906,1
1390,5422.95,-1465.2,-0.3007,1
1400,5463.58,-1478.02,-0.2875,1
1410,5504.82,-1488.66,-0.2608,1
1420,5546.48,-1497.61,-0.2403,1
1430,5588.09,-1506.65,-0.2414,1
1440,5629.27,-1517.48,-0.2631,1
1450,5669.85,-1530.46,-0.2893,1
1460,5710.14,-1544.33,-0.3004,1
1470,5750.73,-1557.24,-0.2886,1
1480,5791.93,-1568.08,-0.2631,1
1490,5833.56,-1577.17,-0.2418,1
1500,5875.22,-1586.01,-0.2388,1
1510,5916.57,-1596.21,-0.2552,1
1520,5957.37,-1608.45,-0.2799,1
1530,5997.73,-1622.11,-0.2975,1
1540,6038.07,-1635.8,-0.2978,1
1550,6078.83,-1648.14,-0.2813,1
1560,6120.12,-1658.57,-0.258,1
1570,6161.76,-1667.57,-0.2407,1
1580,6203.44,-1676.35,-0.2379,1
1590,6244.81,-1686.14,-0.2505,1
1600,6285.12,-1697.5,-0.2715,1
1610,6324.42,-1710.22,-0.2907,1
1620,6363.21,-1723.55,-0.2994,1
1630,6401.56,-1736.28,-0.2944,1
1640,6439.7,-1747.55,-0.2778,1
1650,6477.97,-1757.15,-0.2569,1
1660,6515.93,-1765.39,-0.2408,1
1670,6553.32,-1773.2,-0.2369,1
1680,6590.22,-1781.73,-0.2474,1
1690,6626.1,-1791.55,-0.2675,1
1700,6660.91,-1802.61,-0.2877,1
1710,6695.14,-1814.41,-0.301,1
1720,6728.65,-1826.15,-0.3095,1
1730,6761.7,-1837.0,-0.3054,1
1740,6794.72,-1846.77,-0.2962,1
1750,6827.3,-1855.42,-0.285,1
1760,6859.61,-1863.62,-0.2796,1
1770,6890.96,-1872.56,-0.3004,1
1780,6921.3,-1883.31,-0.3443,1
1790,6950.87,-1896.04,-0.3896,1
1800,6979.8,-1910.24,-0.4268,1
1810,7009.16,-1924.78,-0.4306,1
1820,7039.13,-1938.65,-0.4171,1
1830,7069.66,-1951.94,-0.4152,1
1840,7100.38,-1964.8,-0.4196,1
1850,7131.02,-1977.85,-0.4339,1
1860,7161.47,-1991.95,-0.4595,1
1870,7191.29,-2006.95,-0.4758,1
1880,7219.81,-2022.8,-0.4967,1
1890,7247.06,-2040.05,-0.537,1
1900,7273.72,-2058.16,-0.5655,1
1910,7300.29,-2076.43,-0.5801,1
1920,7327.43,-2094.3,-0.5793,1
1930,7355.73,-2111.41,-0.5595,1
1940,7384.45,-2127.88,-0.5501,1
1950,7412.21,-2144.62,-0.5728,1
1960,7439.12,-2162.65,-0.6087,1
1970,7464.86,-2182.36,-0.6517,1
1980,7489.75,-2203.53,-0.6848,1
1990,7514.34,-2225.37,-0.6952,1
2000,7538.32,-2246.76,-0.6994,1
2010,7562.08,-2267.79,-0.7098,1
2020,7586.17,-2288.43,-0.7142,1
2030,7610.49,-2308.81,-0.7211,1
2040,7635.09,-2329.31,-0.7262,1
2050,7659.84,-2350.4,-0.7316,1
2060,7683.59,-2372.02,-0.7479,1
2070,7705.42,-2394.52,-0.7898,1
2080,7725.92,-2418.23,-0.8311,1
2090,7745.6,-2442.62,-0.8608,1
2100,7765.29,-2467.37,-0.8754,1
2110,7786.03,-2491.59,-0.8577,1
2120,7807.68,-2514.97,-0.8379,1
2130,7829.49,-2537.66,-0.8339,1
2140,7850.53,-2560.52,-0.8571,1
2150,7870.48,-2584.33,-0.8935,1
2160,7888.82,-2609.37,-0.9388,1
2170,7906.08,-2635.54,-0.9688,1
2180,7923.02,-2662.6,-0.9801,1
2190,7940.03,-2689.56,-0.9786,1
2200,7956.9,-2716.11,-0.9896,1
2210,7974.17,-2742.4,-0.9946,1
2220,7991.76,-2768.5,-1.0018,1
2230,8009.4,-2794.9,-1.013,1
2240,8026.95,-2821.74,-1.0182,1
2250,8043.41,-2848.8,-1.0341,1
2260,8057.99,-2876.02,-1.0692,1
2270,8070.95,-2904.04,-1.111,1
2280,8082.9,-2932.52,-1.1423,1
2290,8094.54,-2961.1,-1.1603,1
2300,8107.27,-2989.82,-1.148,1
2310,8121.41,-3018.52,-1.128,1
2320,8136.25,-3046.91,-1.1173,1
2330,8150.33,-3075.23,-1.1394,1
2340,8163.1,-3104.16,-1.1749,1
2350,8174.04,-3133.82,-1.2188,1
2360,8183.4,-3164.3,-1.2544,1
2370,8192.21,-3195.55,-1.266,1
2380,8200.86,-3226.21,-1.2655,1
2390,8209.68,-3256.41,-1.2696,1
2400,8218.79,-3286.1,-1.2753,1
2410,8228.25,-3315.69,-1.2822,1
2420,8237.55,-3345.36,-1.2982,1
2430,8246.61,-3375.4,-1.3055,1
2440,8254.86,-3406.25,-1.321,1
2450,8261.53,-3437.11,-1.3492,1
2460,8266.29,-3467.93,-1.392,1
2470,8269.89,-3498.89,-1.4232,1
2480,8273.21,-3529.88,-1.4408,1
2490,8277.22,-3561.11,-1.436,1
2500,8282.5,-3592.43,-1.4164,1
2510,8288.66,-3623.45,-1.4017,1
2520,8294.39,-3654.16,-1.4174,1
2530,8298.75,-3684.66,-1.4516,1
2540,8301.22,-3715.36,-1.4955,1
2550,8301.61,-3746.18,-1.5419,1
2560,8301.12,-3777.57,-1.557,1
2570,8300.6,-3809.25,-1.5574,1
2580,8300.56,-3841.48,-1.5547,1
2590,8301.11,-3873.55,-1.559,1
2600,8302.04,-3905.61,-1.5656,1
2610,8302.61,-3937.74,-1.5842,1
2620,8302.57,-3969.78,-1.5954,1
2630,8301.24,-4001.02,-1.6158,1
2640,8298.09,-4031.32,-1.6547,1
2650,8293.32,-4061.41,-1.6969,1
2660,8287.96,-4091.4,-1.7223,1
2670,8283.06,-4121.75,-1.7247,1
2680,8279.53,-4152.88,-1.7017,1
2690,8276.74,-4184.65,-1.689,1
2700,8272.99,-4216.6,-1.7152,1
2710,8267.31,-4248.81,-1.7549,1
2720,8259.41,-4281.11,-1.7989,1
2730,8250.03,-4313.57,-1.8244,1
2740,8240.1,-4346.14,-1.8363,1
2750,8230.39,-4379.31,-1.8352,1
2760,8221.63,-4412.99,-1.8256,1
2770,8213.77,-4447.41,-1.8143,1
2780,8206.64,-4482.26,-1.8028,1
2790,8199.38,-4517.59,-1.8031,1
2800,8191.29,-4552.98,-1.8142,1
2810,8181.84,-4588.54,-1.8317,1
2820,8171.09,-4623.96,-1.8492,1
2830,8159.56,-4658.9,-1.861,1
2840,8147.95,-4693.5,-1.8638,1
2850,8136.88,-4727.87,-1.8573,1
2860,8126.94,-4761.88,-1.844,1
2870,8118.18,-4795.81,-1.8279,1
2880,8110.48,-4829.66,-1.8133,1
2890,8103.48,-4863.31,-1.8037,1
2900,8096.75,-4896.65,-1.8009,1
2910,8089.85,-4929.57,-1.8051,1
2920,8082.45,-4961.6,-1.8148,1
2930,8074.32,-4993.07,-1.8278,1
2940,8065.44,-5023.95,-1.8412,1
2950,8055.99,-5054.23,-1.8526,1
2960,8046.19,-5084.0,-1.8603,1
2970,8036.33,-5113.33,-1.8632,1
2980,8026.72,-5142.32,-1.8614,1
2990,8017.5,-5171.45,-1.8547,1
3000,8009.02,-5200.35,-1.8441,1
3010,8001.37,-5229.04,-1.8315,1
3020,7994.52,-5257.52,-1.8193,1
3030,7988.34,-5285.73,-1.809,1
3040,7982.63,-5313.58,-1.8022,1
3050,7977.12,-5341.03,-1.8001,1
3060,7971.51,-5368.01,-1.8034,1
3070,7965.59,-5394.44,-1.8113,1
3080,7959.19,-5420.29,-1.8221,1
3090,7952.29,-5445.53,-1.8342,1
3100,7944.96,-5470.13,-1.8461,1
3110,7937.17,-5494.1,-1.86,1
3120,7928.89,-5517.38,-1.8819,1
3130,7920.38,-5540.04,-1.8988,1
3140,7911.91,-5562.15,-1.9103,1
3150,7903.68,-5583.79,-1.9173,1
3160,7895.85,-5604.96,-1.9213,1
3170,7888.03,-5625.57,-1.9425,1
3180,7880.11,-5645.77,-1.9638,1
3190,7872.11,-5665.32,-1.9878,1
3200,7863.86,-5684.11,-2.0156,1
3210,7855.24,-5702.07,-2.0485,1
3220,7846.12,-5719.07,-2.0868,1
3230,7836.26,-5734.85,-2.1418,1
3240,7825.24,-5750.44,-2.186,1
3250,7813.1,-5765.77,-2.2296,1
3260,7799.91,-5780.77,-2.2703,1
3270,7786.49,-5794.73,-2.3077,1
3280,7773.01,-5807.67,-2.3448,1
3290,7758.71,-5820.44,-2.3839,1
3300,7743.85,-5833.24,-2.4082,1
3310,7728.53,-5846.21,-2.4287,1
3320,7713.35,-5858.87,-2.4474,1
3330,7698.08,-5871.42,-2.4668,1
3340,7683.05,-5883.25,-2.498,1
3350,7668.27,-5894.36,-2.5278,1
3360,7652.77,-5905.28,-2.5583,1
3370,7636.48,-5915.85,-2.5928,1
3380,7619.33,-5925.87,-2.6314,1
3390,7601.28,-5935.16,-2.6738,1
3400,7582.85,-5943.07,-2.7313,1
3410,7564.0,-5949.91,-2.7767,1
3420,7544.4,-5955.88,-2.8193,1
3430,7524.7,-5961.0,-2.8569,1
3440,7505.43,-5965.35,-2.8893,1
3450,7486.73,-5969.15,-2.9164,1
3460,7468.57,-5972.38,-2.9522,1
3470,7449.94,-5975.56,-2.9718,1
3480,7430.82,-5978.69,-2.9906,1
3490,7411.23,-5981.68,-3.011,1
3500,7391.43,-5984.37,-3.035,1
3510,7372.16,-5986.34,-3.0702,1
3520,7353.49,-5987.45,-3.1117,1
3530,7334.32,-5987.67,-3.151,1
3540,7314.71,-5986.86,-3.1928,1
3550,7295.06,-5984.96,-3.2357,1
3560,7276.2,-5982.1,-3.2786,1
3570,7258.19,-5978.13,-3.3338,1
3580,7239.92,-5973.25,-3.3727,1
3590,7221.38,-5967.6,-3.406,1
3600,7202.56,-5961.36,-3.4339,1
3610,7183.7,-5954.79,-3.4576,1
3620,7165.5,-5948.24,-3.4787,1
3630,7148.04,-5941.57,-3.5105,1
3640,7130.19,-5934.62,-3.5295,1
3650,7111.99,-5927.28,-3.5509,1
3660,7093.54,-5919.4,-3.5757,1
3670,7074.92,-5910.78,-3.6051,1
3680,7057.15,-5901.7,-3.6401,1
3690,7039.89,-5891.46,-3.6944,1
3700,7022.88,-5880.01,-3.7396,1
3710,7006.63,-5867.61,-3.7852,1
3720,6991.1,-5854.32,-3.8294,1
3730,6977.15,-5841.13,-3.8713,1
3740,6964.27,-5827.79,-3.9137,1
3750,6951.57,-5813.61,-3.9521,1
3760,6938.83,-5798.88,-3.9768,1
3770,6926.25,-5784.03,-3.9972,1
3780,6913.46,-5768.75,-4.0155,1
3790,6900.76,-5753.4,-4.0341,1
3800,6888.84,-5738.24,-4.0688,1
3810,6877.61,-5723.38,-4.0954,1
3820,6866.56,-5707.81,-4.1269,1
3830,6855.87,-5691.41,-4.1627,1
3840,6845.88,-5674.38,-4.2025,1
3850,6837.14,-5657.38,-4.2462,1
3860,6829.89,-5640.42,-4.3044,1
3870,6823.42,-5622.61,-4.3481,1
3880,6817.72,-5604.07,-4.3881,1
3890,6812.66,-5584.87,-4.4237,1
3900,6808.2,-5565.55,-4.4549,1
3910,6804.29,-5546.76,-4.4815,1
3920,6801.01,-5528.5,-4.5179,1
3930,6797.83,-5509.76,-4.5393,1
3940,6794.71,-5490.56,-4.5606,1
3950,6791.73,-5470.85,-4.5842,1
3960,6789.14,-5450.96,-4.6126,1
3970,6787.53,-5431.59,-4.6609,1
3980,6786.79,-5411.3,-4.7022,1
3990,6787.26,-5390.72,-4.7504,1
4000,6789.07,-5370.85,-4.8031,1
4010,6792.14,-5351.76,-4.8566,1
4020,6796.49,-5333.61,-4.9207,1
4030,6802.02,-5314.81,-4.9671,1
4040,6808.35,-5295.78,-5.0056,1
4050,6815.08,-5276.78,-5.0367,1
4060,6822.02,-5258.53,-5.0768,1
4070,6829.09,-5240.5,-5.1024,1
4080,6836.68,-5222.2,-5.1326,1
4090,6844.95,-5204.0,-5.1705,1
4100,6853.58,-5187.42,-5.2191,1
4110,6863.74,-5171.17,-5.2843,1
4120,6875.37,-5155.36,-5.3435,1
4130,6888.43,-5140.13,-5.4019,1
4140,6903.03,-5125.08,-5.4535,1
4150,6918.42,-5110.25,-5.4844,1
4160,6933.95,-5095.0,-5.4833,1
4170,6949.73,-5078.86,-5.4755,1
4180,6965.34,-5062.02,-5.4645,1
4190,6980.79,-5044.5,-5.4551,1
4200,6996.13,-5026.42,-5.4459,1
4210,7011.6,-5007.45,-5.4272,1
4220,7026.95,-4987.97,-5.404,1
4230,7042.46,-4968.13,-5.387,1
4240,7058.09,-4948.19,-5.3729,1
4250,7073.93,-4927.94,-5.3573,1
4260,7090.22,-4907.62,-5.3587,1
4270,7106.47,-4887.05,-5.3499,1
4280,7121.46,-4866.13,-5.3111,1
4290,7135.13,-4844.35,-5.2645,1
4300,7147.29,-4821.72,-5.2144,1
4310,7158.15,-4798.03,-5.1666,1
4320,7168.68,-4773.94,-5.1559,1
4330,7178.67,-4750.13,-5.1378,1
4340,7188.26,-4726.72,-5.1162,1
4350,7197.86,-4703.3,-5.0997,1
4360,7207.45,-4679.88,-5.0825,1
4370,7217.14,-4656.09,-5.0699,1
4380,7226.81,-4632.43,-5.0702,1
4390,7234.96,-4609.28,-5.0292,1
4400,7241.53,-4585.66,-4.9774,1
4410,7246.38,-4561.61,-4.9231,1
4420,7249.68,-4537.26,-4.8723,1
4430,7252.39,-4512.47,-4.8529,1
4440,7255.11,-4486.97,-4.8445,1
4450,7257.87,-4461.17,-4.8303,1
4460,7260.88,-4435.03,-4.8199,1
4470,7264.04,-4408.24,-4.8073,1
4480,7267.1,-4381.1,-4.7938,1
4490,7269.95,-4353.3,-4.7857,1
4500,7271.35,-4325.54,-4.7458,1
4510,7271.03,-4297.75,-4.7003,1
4520,7268.99,-4270.04,-4.6559,1
4530,7265.59,-4242.43,-4.6177,1
4540,7261.84,-4214.53,-4.6098,1
4550,7257.97,-4187.25,-4.597,1
4560,7254.09,-4160.03,-4.5839,1
4570,7250.38,-4132.78,-4.5744,1
4580,7246.79,-4105.5,-4.5646,1
4590,7243.09,-4078.22,-4.5513,1
4600,7239.37,-4050.29,-4.5482,1
4610,7235.25,-4022.1,-4.538,1
4620,7230.17,-3994.39,-4.5095,1
4630,7223.89,-3966.95,-4.4779,1
4640,7216.38,-3939.83,-4.4454,1
4650,7207.67,-3913.05,-4.4135,1
4660,7197.89,-3886.62,-4.3837,1
4670,7187.43,-3860.12,-4.3673,1
4680,7176.97,-3833.72,-4.3656,1
4690,7166.44,-3807.85,-4.3511,1
4700,7155.89,-3782.02,-4.3409,1
4710,7145.48,-3756.12,-4.3331,1
4720,7135.24,-3730.16,-4.3258,1
4730,7125.06,-3704.21,-4.3167,1
4740,7114.94,-3678.7,-4.3063,1
4750,7105.12,-3653.57,-4.3087,1
4760,7095.08,-3629.01,-4.2952,1
4770,7084.42,-3605.25,-4.2684,1
4780,7072.96,-3582.41,-4.2373,1
4790,7060.7,-3560.52,-4.2039,1
4800,7047.73,-3539.67,-4.1713,1
4810,7034.25,-3519.74,-4.142,1
4820,7020.64,-3500.53,-4.1261,1
4830,7007.28,-3481.8,-4.1242,1
4840,6993.91,-3463.75,-4.1015,1
4850,6980.71,-3446.28,-4.0834,1
4860,6967.46,-3428.85,-4.0688,1
4870,6954.54,-3411.89,-4.0552,1
4880,6941.91,-3395.43,-4.0403,1
4890,6929.37,-3379.68,-4.0142,1
4900,6916.84,-3364.72,-3.9841,1
4910,6903.52,-3349.84,-3.9524,1
4920,6889.29,-3335.2,-3.9168,1
4930,6874.11,-3321.03,-3.8777,1
4940,6858.65,-3308.08,-3.8356,1
4950,6842.83,-3296.6,-3.7788,1
4960,6826.03,-3285.79,-3.7346,1
4970,6808.35,-3275.58,-3.6941,1
4980,6790.11,-3265.95,-3.6587,1
4990,6772.16,-3257.08,-3.6284,1
5000,6754.63,-3248.81,-3.6029,1
5010,6737.54,-3241.2,-3.5693,1
5020,6719.95,-3233.5,-3.5497,1
5030,6701.89,-3225.77,-3.53,1
5040,6683.31,-3218.08,-3.508,1
5050,6664.36,-3210.71,-3.4817,1
5060,6645.73,-3204.28,-3.4428,1
5070,6627.42,-3198.96,-3.3986,1
5080,6608.43,-3194.46,-3.3568,1
5090,6588.78,-3190.94,-3.3132,1
5100,6568.97,-3188.54,-3.2697,1
5110,6549.66,-3187.26,-3.227,1
5120,6530.96,-3187.16,-3.1745,1
5130,6511.81,-3187.81,-3.1393,1
5140,6492.24,-3189.02,-3.1097,1
5150,6472.23,-3190.62,-3.0854,1
5160,6452.3,-3192.43,-3.0647,1
5170,6433.03,-3194.34,-3.0459,1
5180,6414.44,-3196.51,-3.0146,1
5190,6395.41,-3198.95,-2.9932,1
5200,6375.98,-3201.76,-2.9686,1
5210,6356.17,-3205.15,-2.9399,1
5220,6336.31,-3209.3,-2.9064,1
5230,6317.26,-3214.2,-2.8675,1
5240,6298.17,-3220.51,-2.8118,1
5250,6279.08,-3228.1,-2.7658,1
5260,6260.36,-3236.83,-2.7202,1
5270,6242.67,-3246.26,-2.6774,1
5280,6225.93,-3256.15,-2.6382,1
5290,6210.22,-3266.44,-2.5926,1
5300,6194.39,-3277.34,-2.5634,1
5310,6178.29,-3288.72,-2.5392,1
5320,6161.94,-3300.48,-2.5172,1
5330,6145.78,-3312.3,-2.4944,1
5340,6130.47,-3324.19,-2.4553,1
5350,6115.66,-3336.41,-2.4203,1
5360,6101.08,-3349.59,-2.3775,1
5370,6087.21,-3363.75,-2.3276,1
5380,6074.74,-3378.33,-2.274,1
5390,6063.9,-3393.37,-2.2073,1
5400,6053.52,-3409.82,-2.1569,1
5410,6043.77,-3427.2,-2.1127,1
5420,6034.6,-3444.98,-2.0765,1
5430,6026.1,-3462.39,-2.0471,1
5440,6018.31,-3479.43,-2.0097,1
5450,6010.47,-3496.96,-1.9863,1
5460,6002.63,-3514.99,-1.9621,1
5470,5994.78,-3533.99,-1.9343,1
5480,5987.71,-3552.69,-1.9004,1
5490,5981.59,-3572.18,-1.8475,1
5500,5976.51,-3592.41,-1.8003,1
5510,5972.66,-3613.31,-1.7494,1
5520,5970.15,-3634.84,-1.6983,1
5530,5968.94,-3656.88,-1.649,1
5540,5968.3,-3679.74,-1.6293,1
5550,5967.71,-3702.99,-1.6265,1
5560,5966.82,-3726.62,-1.6308,1
5570,5965.39,-3750.57,-1.6403,1
5580,5963.27,-3774.86,-1.653,1
5590,5959.79,-3798.33,-1.6994,1
5600,5955.08,-3821.57,-1.7417,1
5610,5949.5,-3844.63,-1.7765,1
5620,5943.42,-3867.53,-1.8037,1
5630,5937.24,-3889.85,-1.8249,1
5640,5931.07,-3911.61,-1.8453,1
5650,5924.76,-3933.75,-1.8621,1
5660,5918.05,-3956.57,-1.8818,1
5670,5911.04,-3978.86,-1.9067,1
5680,5903.48,-4000.38,-1.9385,1
5690,5895.02,-4020.96,-1.9827,1
5700,5885.16,-4041.34,-2.0298,1
5710,5873.82,-4061.39,-2.0785,1
5720,5861.28,-4080.8,-2.1246,1
5730,5848.08,-4099.14,-2.1661,1
5740,5833.93,-4117.23,-2.2035,1
5750,5819.13,-4135.31,-2.23,1
5760,5803.93,-4153.54,-2.2503,1
5770,5788.67,-4171.8,-2.2666,1
5780,5774.07,-4189.21,-2.2826,1
5790,5759.01,-4206.74,-2.3064,1
5800,5743.31,-4224.23,-2.3336,1
5810,5726.86,-4241.25,-2.3682,1
5820,5709.64,-4257.42,-2.4088,1
5830,5691.91,-4272.21,-2.4535,1
5840,5673.72,-4285.51,-2.5034,1
5850,5654.11,-4298.11,-2.5493,1
5860,5633.53,-4309.94,-2.5906,1
5870,5612.64,-4320.96,-2.6251,1
5880,5592.0,-4331.29,-2.6522,1
5890,5571.73,-4341.13,-2.6768,1
5900,5550.75,-4351.24,-2.6955,1
5910,5529.39,-4361.42,-2.7155,1
5920,5507.96,-4371.24,-2.7412,1
5930,5487.19,-4379.9,-2.778,1
5940,5465.63,-4387.57,-2.823,1
5950,5443.24,-4393.89,-2.8754,1
5960,5419.99,-4398.63,-2.9315,1
5970,5396.99,-4401.67,-2.9855,1
5980,5374.38,-4403.41,-3.0343,1
5990,5350.96,-4404.46,-3.0694,1
6000,5327.17,-4405.23,-3.0951,1
6010,5304.1,-4405.95,-3.1159,1
6020,5281.58,-4406.4,-3.1435,1
6030,5258.29,-4406.29,-3.1781,1
6040,5234.77,-4404.95,-3.2258,1
6050,5211.38,-4401.85,-3.2855,1
6060,5187.54,-4397.02,-3.3328,1
6070,5163.63,-4390.76,-3.3722,1
6080,5139.27,-4383.49,-3.4004,1
6090,5114.26,-4376.05,-3.4088,1
6100,5088.68,-4369.45,-3.3913,1
6110,5062.22,-4363.62,-3.3771,1
6120,5035.03,-4358.12,-3.372,1
6130,5007.62,-4352.18,-3.3825,1
6140,4979.84,-4345.08,-3.4013,1
6150,4951.82,-4336.53,-3.4243,1
6160,4923.52,-4326.91,-3.4401,1
6170,4894.65,-4317.14,-3.4396,1
6180,4864.94,-4308.17,-3.4224,1
6190,4834.54,-4300.59,-3.3981,1
6200,4803.34,-4293.93,-3.3812,1
6210,4771.61,-4287.09,-3.3822,1
6220,4739.65,-4278.95,-3.4009,1
6230,4707.72,-4268.75,-3.4355,1
6240,4675.79,-4256.89,-3.4662,1
6250,4643.43,-4244.68,-3.4767,1
6260,4610.14,-4233.62,-3.46,1
6270,4575.87,-4224.08,-3.4352,1
6280,4540.92,-4215.04,-3.4259,1
6290,4505.79,-4204.91,-3.4393,1
6300,4470.57,-4192.72,-3.466,1
6310,4435.41,-4178.94,-3.4861,1
6320,4399.8,-4165.08,-3.4846,1
6330,4363.17,-4152.68,-3.4626,1
6340,4325.57,-4141.8,-3.4439,1
6350,4287.49,-4130.96,-3.4506,1
6360,4249.5,-4118.35,-3.4806,1
6370,4211.74,-4103.25,-3.514,1
6380,4174.23,-4086.42,-3.5348,1
6390,4136.3,-4069.45,-3.5344,1
6400,4097.31,-4053.94,-3.513,1
6410,4057.14,-4040.41,-3.4865,1
6420,4016.44,-4027.74,-3.4747,1
6430,3976.07,-4014.14,-3.4862,1
6440,3936.48,-3998.43,-3.5124,1
6450,3897.71,-3980.75,-3.5418,1
6460,3859.3,-3962.32,-3.5595,1
6470,3820.51,-3944.76,-3.5567,1
6480,3780.98,-3928.91,-3.5381,1
6490,3740.97,-3914.25,-3.5227,1
6500,3701.09,-3899.29,-3.527,1
6510,3661.86,-3882.71,-3.5473,1
6520,3623.45,-3864.28,-3.5709,1
6530,3585.5,-3844.88,-3.5839,1
6540,3547.4,-3825.8,-3.5795,1
6550,3508.64,-3808.14,-3.5608,1
6560,3469.14,-3792.27,-3.5382,1
6570,3429.22,-3777.39,-3.5277,1
6580,3390.03,-3762.18,-3.5412,1
6590,3352.05,-3745.64,-3.5683,1
6600,3315.31,-3727.19,-3.6022,1
6610,3279.86,-3707.57,-3.624,1
6620,3245.25,-3687.66,-3.632,1
6630,3210.71,-3668.25,-3.6271,1
6640,3176.17,-3650.21,-3.6118,1
6650,3141.27,-3633.65,-3.5926,1
6660,3106.14,-3618.33,-3.5766,1
6670,3071.39,-3603.78,-3.5692,1
6680,3037.04,-3589.15,-3.5723,1
6690,3003.66,-3573.99,-3.5843,1
6700,2971.13,-3557.86,-3.6009,1
6710,2939.43,-3540.85,-3.617,1
6720,2908.7,-3523.5,-3.628,1
6730,2878.5,-3505.93,-3.6373,1
6740,2848.61,-3488.51,-3.6425,1
6750,2818.85,-3471.63,-3.641,1
6760,2789.08,-3455.5,-3.636,1
6770,2759.34,-3440.17,-3.6306,1
6780,2729.98,-3425.66,-3.6241,1
6790,2700.78,-3411.72,-3.6175,1
6800,2671.92,-3397.95,-3.6174,1
6810,2643.59,-3384.01,-3.6234,1
6820,2615.9,-3369.65,-3.6339,1
6830,2588.95,-3354.76,-3.647,1
6840,2562.79,-3339.36,-3.6606,1
6850,2537.28,-3323.61,-3.6716,1
6860,2512.34,-3307.75,-3.6779,1
6870,2487.79,-3292.08,-3.6787,1
6880,2463.46,-3276.87,-3.6739,1
6890,2439.21,-3262.36,-3.6641,1
6900,2414.98,-3248.72,-3.6509,1
6910,2390.76,-3235.96,-3.637,1
6920,2366.65,-3223.97,-3.6254,1
6930,2342.8,-3212.53,-3.618,1
6940,2319.34,-3201.39,-3.6156,1
6950,2296.23,-3190.57,-3.6069,1
6960,2273.66,-3179.83,-3.6037,1
6970,2252.15,-3169.25,-3.6039,1
6980,2231.24,-3158.6,-3.6051,1
6990,2210.94,-3147.95,-3.6049,1
7000,2191.03,-3137.71,-3.5891,1
7010,2170.98,-3128.07,-3.5585,1
7020,2150.57,-3119.24,-3.5213,1
7030,2129.73,-3111.49,-3.4788,1
7040,2109.0,-3105.09,-3.4336,1
7050,2088.47,-3100.09,-3.3869,1
7060,2068.24,-3096.56,-3.3329,1
7070,2047.42,-3094.08,-3.2878,1
7080,2026.1,-3092.47,-3.2488,1
7090,2004.86,-3091.47,-3.2167,1
7100,1984.21,-3090.89,-3.1904,1
7110,1964.16,-3090.65,-3.1625,1
7120,1943.68,-3090.53,-3.1433,1
7130,1922.74,-3090.54,-3.123,1
7140,1901.4,-3090.86,-3.0999,1
7150,1879.9,-3091.68,-3.0722,1
7160,1859.02,-3093.23,-3.0381,1
7170,1838.42,-3095.9,-2.9901,1
7180,1817.62,-3099.84,-2.9434,1
7190,1796.69,-3105.17,-2.8955,1
7200,1776.38,-3111.64,-2.8493,1
7210,1756.98,-3118.96,-2.8059,1
7220,1738.56,-3127.02,-2.7603,1
7230,1720.01,-3135.86,-2.7263,1
7240,1701.29,-3145.31,-2.6981,1
7250,1682.29,-3155.19,-2.675,1
7260,1663.08,-3165.37,-2.6548,1
7270,1644.45,-3175.4,-2.6345,1
7280,1626.5,-3185.45,-2.6067,1
7290,1608.38,-3196.09,-2.5796,1
7300,1590.28,-3207.55,-2.5464,1
7310,1572.36,-3220.03,-2.5082,1
7320,1555.42,-3233.2,-2.4658,1
7330,1539.81,-3247.07,-2.4136,1
7340,1525.51,-3261.46,-2.365,1
7350,1511.78,-3276.97,-2.3184,1
7360,1498.56,-3293.46,-2.2772,1
7370,1486.07,-3310.2,-2.2428,1
7380,1474.31,-3326.76,-2.2142,1
7390,1462.65,-3343.9,-2.1848,1
7400,1450.89,-3361.49,-2.164,1
7410,1439.01,-3379.47,-2.1439,1
7420,1427.43,-3397.42,-2.1224,1
7430,1416.46,-3415.07,-2.0971,1
7440,1406.43,-3432.58,-2.0592,1
7450,1396.95,-3450.89,-2.021,1
7460,1388.29,-3470.05,-1.9774,1
7470,1380.62,-3490.08,-1.9311,1
7480,1374.17,-3510.53,-1.8845,1
7490,1369.05,-3530.73,-1.839,1
7500,1365.23,-3550.62,-1.7901,1
7510,1362.16,-3571.07,-1.7516,1
7520,1359.61,-3592.01,-1.7197,1
7530,1357.39,-3613.43,-1.6939,1
7540,1355.38,-3634.94,-1.6719,1
7550,1353.65,-3655.89,-1.6469,1
7560,1352.15,-3676.28,-1.6254,1
7570,1350.93,-3697.1,-1.6016,1
7580,1350.21,-3718.79,-1.5726,1
7590,1350.29,-3740.16,-1.5385,1
7600,1351.33,-3760.89,-1.4992,1
7610,1353.61,-3780.89,-1.4478,1
7620,1357.25,-3801.15,-1.398,1
7630,1362.22,-3821.56,-1.3492,1
7640,1368.41,-3842.09,-1.3048,1
7650,1375.31,-3861.86,-1.2662,1
7660,1382.66,-3880.85,-1.2307,1
7670,1390.59,-3900.05,-1.2015,1
7680,1398.89,-3919.55,-1.18,1
7690,1407.46,-3939.38,-1.1606,1
7700,1416.15,-3959.2,-1.1409,1
7710,1424.84,-3978.37,-1.1181,1
7720,1433.89,-3996.72,-1.0821,1
7730,1443.84,-4015.08,-1.0445,1
7740,1455.07,-4033.55,-1.0019,1
7750,1467.17,-4051.12,-0.9563,1
7760,1479.95,-4067.48,-0.9087,1
7770,1493.36,-4082.49,-0.8563,1
7780,1507.91,-4097.03,-0.8106,1
7790,1523.41,-4111.18,-0.7709,1
7800,1539.7,-4125.09,-0.737,1
7810,1556.41,-4138.79,-0.7089,1
7820,1572.83,-4151.92,-0.6856,1
7830,1588.91,-4164.47,-0.6574,1
7840,1605.82,-4177.38,-0.6328,1
7850,1623.32,-4190.2,-0.6025,1
7860,1641.05,-4202.24,-0.5642,1
7870,1658.96,-4212.89,-0.5114,1
7880,1677.4,-4222.2,-0.4562,1
7890,1696.88,-4230.26,-0.3973,1
7900,1717.31,-4237.0,-0.3392,1
7910,1737.87,-4242.4,-0.2867,1
7920,1758.62,-4246.76,-0.2374,1
7930,1779.85,-4250.7,-0.2025,1
7940,1800.97,-4254.35,-0.1736,1
7950,1821.55,-4257.69,-0.1452,1
7960,1842.05,-4260.45,-0.1055,1
7970,1863.09,-4262.4,-0.0615,1
7980,1885.0,-4263.02,-0.0061,1
7990,1907.24,-4261.84,0.0578,1
8000,1930.12,-4259.07,0.106,1
8010,1953.27,-4255.36,0.1316,1
8020,1977.08,-4251.1,0.146,1
8030,2001.27,-4246.96,0.1483,1
8040,2026.3,-4243.52,0.1332,1
8050,2051.78,-4241.01,0.1138,1
8060,2078.04,-4239.69,0.0794,1
8070,2104.67,-4239.12,0.052,1
8080,2131.96,-4238.71,0.0362,1
8090,2159.55,-4238.05,0.0282,1
8100,2187.74,-4236.5,0.041,1
8110,2216.21,-4234.14,0.0544,1
8120,2245.31,-4232.17,0.0362,1
8130,2274.67,-4231.54,-0.0002,1
8140,2304.02,-4232.73,-0.0449,1
8150,2333.24,-4235.85,-0.0912,1
8160,2362.94,-4239.99,-0.1104,1
8170,2392.94,-4244.34,-0.113,1
8180,2423.21,-4248.78,-0.125,1
8190,2453.51,-4252.92,-0.1325,1
8200,2483.86,-4256.65,-0.1387,1
8210,2514.22,-4260.39,-0.151,1
8220,2544.55,-4264.07,-0.1515,1
8230,2574.38,-4268.29,-0.1612,1
8240,2603.11,-4274.09,-0.2029,1
8250,2631.41,-4281.64,-0.2466,1
8260,2659.28,-4290.64,-0.2848,1
8270,2686.87,-4300.54,-0.3135,1
8280,2714.75,-4310.51,-0.3172,1
8290,2743.17,-4319.84,-0.3044,1
8300,2772.31,-4328.61,-0.295,1
8310,2801.13,-4336.98,-0.3013,1
8320,2829.95,-4345.37,-0.3118,1
8330,2858.65,-4354.15,-0.3287,1
8340,2887.11,-4363.72,-0.3522,1
8350,2915.22,-4374.28,-0.3771,1
8360,2943.59,-4385.77,-0.39,1
8370,2971.9,-4398.14,-0.4035,1
8380,2999.72,-4411.33,-0.4221,1
8390,3026.74,-4425.2,-0.4466,1
8400,3053.41,-4439.68,-0.4658,1
8410,3079.92,-4454.5,-0.4798,1
8420,3106.36,-4469.4,-0.4891,1
8430,3132.8,-4484.21,-0.4952,1
8440,3158.99,-4498.65,-0.4992,1
8450,3185.13,-4512.28,-0.4887,1
8460,3211.17,-4525.18,-0.4778,1
8470,3237.03,-4537.47,-0.4697,1
8480,3262.5,-4549.6,-0.4752,1
8490,3287.39,-4561.93,-0.4904,1
8500,3311.98,-4574.84,-0.5102,1
8510,3335.73,-4588.27,-0.5344,1
8520,3358.56,-4602.39,-0.562,1
8530,3380.39,-4617.18,-0.5912,1
8540,3401.26,-4632.53,-0.619,1
8550,3421.45,-4647.98,-0.6281,1
8560,3441.09,-4663.33,-0.6337,1
8570,3460.3,-4678.41,-0.6347,1
8580,3479.3,-4692.93,-0.6247,1
8590,3498.2,-4706.72,-0.6099,1
8600,3517.01,-4719.68,-0.5928,1
8610,3535.75,-4731.77,-0.5744,1
8620,3554.83,-4743.3,-0.5557,1
8630,3573.75,-4754.03,-0.5383,1
8640,3592.61,-4763.62,-0.4993,1
8650,3611.28,-4772.25,-0.4643,1
8660,3629.62,-4780.13,-0.4343,1
8670,3647.51,-4787.43,-0.4087,1
8680,3664.86,-4794.26,-0.3863,1
8690,3681.68,-4800.7,-0.3635,1
8700,3697.99,-4806.46,-0.3269,1
8710,3714.84,-4812.2,-0.3055,1
8720,3732.24,-4817.8,-0.2815,1
8730,3749.93,-4822.98,-0.2537,1
8740,3767.13,-4827.39,-0.221,1
8750,3784.49,-4831.02,-0.1827,1
8760,3801.35,-4833.3,-0.1214,1
8770,3818.82,-4834.68,-0.0771,1
8780,3836.85,-4835.08,-0.0328,1
8790,3855.34,-4834.51,0.0108,1
8800,3874.26,-4833.0,0.0518,1
8810,3892.89,-4830.64,0.0942,1
8820,3910.76,-4827.65,0.1362,1
8830,3929.04,-4824.23,0.1605,1
8840,3947.72,-4820.52,0.1811,1
8850,3965.96,-4816.75,0.1997,1
8860,3983.51,-4813.01,0.2181,1
8870,4001.01,-4809.05,0.2419,1
8880,4017.69,-4804.72,0.2808,1
8890,4034.74,-4799.86,0.309,1
8900,4052.11,-4794.27,0.3417,1
8910,4069.67,-4787.78,0.3796,1
8920,4087.28,-4780.2,0.4224,1
8930,4104.14,-4771.5,0.4808,1
8940,4120.16,-4761.82,0.5352,1
8950,4135.96,-4750.94,0.582,1
8960,4151.19,-4739.25,0.6258,1
8970,4165.4,-4727.36,0.6649,1
8980,4178.67,-4715.42,0.7047,1
8990,4191.03,-4703.56,0.7459,1
9000,4203.98,-4690.87,0.7708,1
9010,4217.14,-4677.7,0.7952,1
9020,4230.28,-4664.2,0.8227,1
9030,4242.35,-4650.59,0.8755,1
9040,4254.13,-4636.1,0.919,1
9050,4265.3,-4620.49,0.9714,1
9060,4274.93,-4604.65,1.0306,1
9070,4282.91,-4588.68,1.0972,1
9080,4289.38,-4572.25,1.1708,1
9090,4295.02,-4554.98,1.2244,1
9100,4300.03,-4537.04,1.2691,1
9110,4304.49,-4519.36,1.3074,1
9120,4308.74,-4501.13,1.3421,1
9130,4313.06,-4482.45,1.3615,1
9140,4317.31,-4462.83,1.3878,1
9150,4320.91,-4442.62,1.4252,1
9160,4324.09,-4421.49,1.4402,1
9170,4326.54,-4399.87,1.4587,1
9180,4328.1,-4377.35,1.483,1
9190,4328.59,-4354.38,1.5197,1
9200,4328.53,-4330.64,1.5443,1
9210,4328.47,-4306.19,1.5564,1
9220,4329.03,-4281.37,1.5521,1
9230,4330.51,-4255.88,1.534,1
9240,4332.51,-4230.09,1.5244,1
9250,4333.92,-4203.56,1.5463,1
9260,4333.86,-4176.69,1.5866,1
9270,4331.95,-4149.23,1.6331,1
9280,4328.31,-4121.29,1.6763,1
9290,4324.18,-4093.12,1.6848,1
9300,4320.32,-4064.28,1.6788,1
9310,4317.16,-4035.06,1.6706,1
9320,4314.42,-4005.21,1.6743,1
9330,4311.86,-3975.03,1.6831,1
9340,4308.75,-3944.31,1.7031,1
9350,4304.69,-3913.15,1.7227,1
9360,4299.48,-3881.86,1.7404,1
9370,4293.14,-3851.23,1.76,1
9380,4285.37,-3821.32,1.796,1
9390,4276.74,-3791.68,1.8239,1
9400,4267.96,-3762.09,1.8392,1
9410,4259.5,-3732.1,1.8447,1
9420,4252.16,-3701.53,1.8254,1
9430,4245.39,-3670.24,1.8139,1
9440,4238.35,-3639.6,1.826,1
9450,4229.73,-3609.4,1.8647,1
9460,4219.16,-3579.87,1.9107,1
9470,4206.75,-3551.03,1.9545,1
9480,4193.4,-3522.01,1.9707,1
9490,4180.51,-3493.29,1.966,1
9500,4168.6,-3464.59,1.9534,1
9510,4157.29,-3436.12,1.9594,1
9520,4146.13,-3407.57,1.9701,1
9530,4134.48,-3379.23,1.9921,1
9540,4121.65,-3350.77,2.0171,1
9550,4107.68,-3322.55,2.0352,1
9560,4092.48,-3294.71,2.0552,1
9570,4076.07,-3268.04,2.0933,1
9580,4058.93,-3241.85,2.1202,1
9590,4041.75,-3215.7,2.1339,1
9600,4024.91,-3188.97,2.1346,1
9610,4008.8,-3161.15,2.1157,1
9620,3993.14,-3132.77,2.1052,1
9630,3977.2,-3105.44,2.1275,1
9640,3959.81,-3079.04,2.1671,1
9650,3940.71,-3053.84,2.2128,1
9660,3919.98,-3029.58,2.2541,1
9670,3898.72,-3005.4,2.2613,1
9680,3877.72,-2980.95,2.2553,1
9690,3857.4,-2956.43,2.255,1
9700,3837.72,-2931.91,2.2597,1
9710,3818.16,-2907.29,2.2697,1
9720,3798.15,-2882.99,2.2908,1
9730,3777.25,-2858.72,2.3032,1
9740,3755.32,-2835.01,2.3213,1
9750,3732.73,-2812.9,2.3517,1
9760,3709.16,-2792.12,2.3901,1
9770,3685.03,-2772.0,2.4165,1
9780,3660.87,-2751.93,2.43,1
9790,3637.16,-2730.88,2.418,1
9800,3613.9,-2708.54,2.3986,1
9810,3590.92,-2686.15,2.4004,1
9820,3567.43,-2664.9,2.4323,1
9830,3542.7,-2645.14,2.4756,1
9840,3516.69,-2627.08,2.5223,1
9850,3489.55,-2609.66,2.5426,1
9860,3462.76,-2592.63,2.545,1
9870,3436.46,-2575.56,2.5471,1
9880,3410.75,-2558.34,2.5539,1
9890,3385.26,-2540.82,2.5617,1
9900,3359.58,-2523.5,2.58,1
9910,3333.21,-2506.22,2.5871,1
9920,3305.7,-2489.7,2.6079,1
9930,3276.64,-2474.86,2.6543,1
9940,3246.56,-2461.48,2.6937,1
9950,3215.7,-2448.62,2.7181,1
9960,3184.7,-2434.82,2.7099,1
9970,3155.03,-2419.91,2.6865,1
9980,3125.84,-2404.91,2.6949,1
9990,3096.3,-2390.59,2.7205,1
10000,3065.96,-2378.07,2.7639,1
10010,3034.45,-2367.08,2.7951,1
10020,3002.04,-2357.17,2.8164,1
10030,2969.46,-2348.18,2.8434,1
10040,2936.96,-2338.87,2.8521,1
10050,2904.48,-2328.67,2.8519,1
10060,2871.82,-2317.25,2.8363,1
10070,2838.47,-2306.32,2.8505,1
10080,2804.02,-2297.4,2.8909,1
10090,2768.55,-2290.72,2.9333,1
10100,2732.44,-2284.82,2.9487,1
10110,2695.81,-2277.78,2.9346,1
10120,2659.17,-2268.67,2.9078,1
10130,2622.45,-2258.01,2.8884,1
10140,2585.23,-2247.35,2.89,1
10150,2547.18,-2238.15,2.9109,1
10160,2508.27,-2230.78,2.9361,1
10170,2468.73,-2224.34,2.949,1
10180,2428.86,-2217.27,2.942,1
10190,2388.93,-2208.37,2.9201,1
10200,2349.02,-2197.53,2.8971,1
10210,2308.91,-2185.72,2.8867,1
10220,2268.43,-2174.57,2.8954,1
10230,2227.08,-2165.18,2.9183,1
10240,2185.08,-2158.07,2.9511,1
10250,2143.03,-2152.13,2.9702,1
10260,2101.64,-2145.86,2.9703,1
10270,2061.15,-2137.94,2.9501,1
10280,2021.61,-2128.42,2.9286,1
10290,1982.83,-2118.41,2.9202,1
10300,1944.46,-2109.3,2.9298,1
10310,1906.06,-2101.96,2.9524,1
10320,1867.93,-2096.93,2.9873,1
10330,1829.95,-2093.33,3.0165,1
10340,1791.98,-2089.72,3.0263,1
10350,1753.94,-2084.67,3.0129,1
10360,1715.69,-2077.9,2.9916,1
10370,1677.43,-2070.67,2.9855,1
10380,1639.65,-2064.51,2.9984,1
10390,1602.26,-2060.29,3.0228,1
10400,1565.36,-2058.08,3.0549,1
10410,1528.39,-2056.95,3.0809,1
10420,1491.46,-2055.51,3.0876,1
10430,1454.12,-2052.71,3.0761,1
10440,1416.44,-2048.49,3.0578,1
10450,1378.56,-2044.08,3.0557,1
10460,1340.09,-2040.8,3.0711,1
10470,1301.08,-2039.35,3.0953,1
10480,1262.41,-2039.61,3.12,1
10490,1224.09,-2040.75,3.142,1
10500,1185.77,-2041.38,3.1457,1
10510,1147.2,-2040.76,3.1378,1
10520,1108.21,-2038.83,3.1208,1
10530,1068.78,-2036.87,3.1212,1
10540,1029.75,-2036.31,3.1386,1
10550,991.05,-2037.64,3.1632,1
10560,953.07,-2040.34,3.1824,1
10570,915.78,-2043.67,3.2024,1
10580,878.46,-2046.32,3.2048,1
10590,841.09,-2047.94,3.201,1
10600,803.17,-2048.49,3.1868,1
10610,764.81,-2049.4,3.191,1
10620,726.06,-2051.83,3.211,1
10630,687.54,-2056.11,3.2351,1
10640,649.8,-2061.36,3.2486,1
10650,612.44,-2066.92,3.2641,1
10660,574.98,-2071.64,3.2638,1
10670,537.17,-2075.42,3.2614,1
10680,498.81,-2078.46,3.2524,1
10690,460.27,-2082.1,3.2599,1
10700,421.5,-2087.45,3.2815,1
10710,382.93,-2094.61,3.3045,1
10720,345.13,-2102.46,3.3152,1
10730,307.99,-2110.2,3.3237,1
10740,270.68,-2117.01,3.3221,1
10750,233.21,-2122.9,3.3203,1
10760,195.18,-2128.45,3.3179,1
10770,156.83,-2134.82,3.3279,1
10780,118.38,-2143.02,3.3504,1
10790,80.47,-2152.82,3.3721,1
10800,43.35,-2163.1,3.3809,1
10810,6.8,-2172.98,3.3822,1
10820,-29.61,-2181.99,3.3815,1
10830,-66.24,-2190.14,3.3794,1
10840,-102.95,-2198.11,3.3857,1
10850,-140.05,-2206.37,3.3884,1
10860,-177.1,-2215.82,3.4038,1
10870,-214.18,-2226.91,3.4244,1
10880,-251.15,-2239.36,3.4414,1
10890,-287.65,-2252.19,3.448,1
10900,-323.69,-2264.39,3.4423,1
10910,-359.6,-2275.94,3.4424,1
10920,-395.73,-2286.7,3.4397,1
10930,-431.95,-2296.89,3.4398,1
10940,-467.89,-2307.01,3.4478,1
10950,-503.05,-2317.31,3.4545,1
10960,-537.64,-2328.28,3.4658,1
10970,-571.54,-2340.26,3.4819,1
10980,-604.4,-2353.04,3.4979,1
10990,-636.64,-2366.46,3.5097,1
11000,-668.42,-2380.05,3.5145,1
11010,-699.91,-2393.33,3.5117,1
11020,-731.32,-2405.86,3.5024,1
11030,-762.22,-2417.68,3.5014,1
11040,-792.97,-2428.8,3.4992,1
11050,-823.5,-2439.42,3.4994,1
11060,-853.67,-2449.86,3.5052,1
11070,-883.35,-2460.55,3.5183,1
11080,-912.49,-2471.58,3.5268,1
11090,-940.58,-2483.05,3.5397,1
11100,-967.92,-2495.22,3.5552,1
11110,-994.53,-2507.98,3.5694,1
11120,-1020.5,-2521.05,3.5789,1
11130,-1046.05,-2534.07,3.5815,1
11140,-1070.91,-2546.43,3.5766,1
11150,-1095.66,-2558.04,3.5655,1
11160,-1120.37,-2568.54,3.543,1
11170,-1145.08,-2577.88,3.518,1
11180,-1169.63,-2586.27,3.4965,1
11190,-1193.89,-2593.98,3.4809,1
11200,-1217.23,-2601.24,3.4726,1
11210,-1240.14,-2608.22,3.4578,1
11220,-1262.59,-2614.92,3.4381,1
11230,-1285.02,-2621.54,3.4199,1
11240,-1307.51,-2628.0,3.3995,1
11250,-1330.12,-2634.08,3.3738,1
11260,-1353.29,-2639.52,3.3416,1
11270,-1376.53,-2643.87,3.3021,1
11280,-1399.95,-2646.86,3.2569,1
11290,-1423.53,-2648.38,3.2088,1
11300,-1447.16,-2648.4,3.1612,1
11310,-1471.18,-2647.17,3.1189,1
11320,-1494.66,-2645.03,3.0823,1
11330,-1518.06,-2642.3,3.0531,1
11340,-1541.42,-2639.29,3.0305,1
11350,-1564.78,-2636.19,3.012,1
11360,-1588.16,-2633.06,2.9948,1
11370,-1611.26,-2629.73,2.9734,1
11380,-1634.27,-2625.89,2.9461,1
11390,-1657.12,-2621.26,2.9115,1
11400,-1679.73,-2615.48,2.8699,1
11410,-1701.98,-2608.36,2.8233,1
11420,-1724.09,-2599.68,2.7743,1
11430,-1745.39,-2589.77,2.727,1
11440,-1766.16,-2578.78,2.6847,1
11450,-1786.54,-2567.02,2.6496,1
11460,-1806.72,-2554.87,2.6236,1
11470,-1827.08,-2542.34,2.6027,1
11480,-1847.05,-2529.95,2.5847,1
11490,-1866.99,-2517.48,2.5663,1
11500,-1886.78,-2504.76,2.5441,1
11510,-1906.31,-2491.54,2.5154,1
11520,-1925.62,-2477.36,2.4801,1
11530,-1943.95,-2462.34,2.4372,1
11540,-1961.28,-2446.25,2.3897,1
11550,-1977.57,-2429.1,2.3413,1
11560,-1992.87,-2410.99,2.2959,1
11570,-2007.21,-2392.3,2.2562,1
11580,-2020.78,-2373.38,2.2231,1
11590,-2033.94,-2354.24,2.1969,1
11600,-2046.97,-2334.98,2.176,1
11610,-2059.95,-2315.67,2.1573,1
11620,-2073.05,-2295.97,2.1389,1
11630,-2085.96,-2275.98,2.1154,1
11640,-2098.28,-2255.65,2.0847,1
11650,-2109.72,-2234.77,2.0462,1
11660,-2119.97,-2213.29,2.0018,1
11670,-2128.88,-2191.22,1.9553,1
11680,-2136.23,-2169.13,1.9073,1
11690,-2142.33,-2146.68,1.8626,1
11700,-2147.44,-2124.01,1.824,1
11710,-2151.89,-2101.15,1.7925,1
11720,-2156.06,-2077.88,1.7685,1
11730,-2160.15,-2054.52,1.7499,1
11740,-2164.17,-2031.17,1.7326,1
11750,-2168.06,-2007.81,1.7133,1
11760,-2171.55,-1984.35,1.6886,1
11770,-2174.34,-1960.76,1.6573,1
11780,-2175.9,-1937.61,1.615,1
11790,-2176.03,-1914.43,1.5657,1
11800,-2174.53,-1891.29,1.5127,1
11810,-2171.49,-1868.27,1.4605,1
11820,-2167.13,-1845.07,1.4153,1
11830,-2161.85,-1821.69,1.379,1
11840,-2156.13,-1798.39,1.3514,1
11850,-2150.29,-1775.11,1.3301,1
11860,-2144.41,-1751.81,1.3111,1
11870,-2138.42,-1729.33,1.2841,1
11880,-2131.73,-1707.09,1.2472,1
11890,-2123.83,-1685.25,1.1984,1
11900,-2114.3,-1664.02,1.1398,1
11910,-2103.06,-1643.58,1.0782,1
11920,-2090.35,-1624.04,1.0193,1
11930,-2076.58,-1605.22,0.9708,1
11940,-2062.24,-1586.8,0.9343,1
11950,-2047.38,-1567.86,0.9149,1
11960,-2032.38,-1548.55,0.8998,1
11970,-2016.88,-1528.75,0.8808,1
11980,-2000.7,-1509.01,0.8526,1
11990,-1983.74,-1489.05,0.841,1
12000,-1965.96,-1469.35,0.8262,1
12010,-1947.02,-1449.85,0.8077,1
12020,-1926.84,-1431.13,0.7726,1
12030,-1905.68,-1413.02,0.7392,1
12040,-1883.72,-1394.89,0.7167,1
12050,-1861.56,-1376.55,0.7043,1
12060,-1839.5,-1357.16,0.7152,1
12070,-1817.88,-1336.82,0.7319,1
12080,-1796.15,-1315.72,0.74,1
12090,-1773.94,-1295.2,0.7184,1
12100,-1751.01,-1276.19,0.6782,1
12110,-1726.88,-1258.72,0.6322,1
12120,-1701.71,-1242.75,0.5885,1
12130,-1675.91,-1227.24,0.5722,1
12140,-1650.21,-1211.57,0.5756,1
12150,-1625.31,-1195.44,0.5891,1
12160,-1601.41,-1179.3,0.5892,1
12170,-1577.66,-1163.03,0.5786,1
12180,-1553.74,-1147.0,0.5597,1
12190,-1529.28,-1131.79,0.5284,1
12200,-1503.75,-1117.17,0.5052,1
12210,-1477.43,-1103.42,0.4861,1
12220,-1450.1,-1090.33,0.4688,1
12230,-1422.57,-1078.34,0.4412,1
12240,-1395.17,-1067.11,0.4172,1
12250,-1367.8,-1055.88,0.4039,1
12260,-1340.53,-1044.31,0.3963,1
12270,-1313.32,-1031.89,0.4058,1
12280,-1285.78,-1018.75,0.4148,1
12290,-1258.53,-1005.86,0.4127,1
12300,-1231.51,-994.5,0.3819,1
12310,-1203.86,-984.89,0.3366,1
12320,-1175.65,-977.02,0.2917,1
12330,-1147.07,-970.51,0.2539,1
12340,-1117.9,-964.09,0.2457,1
12350,-1088.57,-956.9,0.258,1
12360,-1059.06,-948.46,0.2765,1
12370,-1030.08,-939.59,0.2781,1
12380,-1001.46,-930.96,0.2628,1
12390,-972.6,-923.14,0.2356,1
12400,-943.38,-916.78,0.197,1
12410,-913.61,-911.75,0.1691,1
12420,-883.36,-907.71,0.1513,1
12430,-853.6,-904.41,0.1405,1
12440,-824.22,-901.64,0.1242,1
12450,-795.25,-899.07,0.1079,1
12460,-766.33,-896.25,0.0986,1
12470,-737.4,-893.15,0.0895,1
12480,-708.22,-889.66,0.0893,1
12490,0.0,0.0,0.0896,2
12500,30.11,3.27,0.0841,2
12510,60.04,3.94,0.0365,2
12520,89.53,2.89,-0.0067,2
12530,118.98,0.9,-0.0374,2
12540,148.41,-1.23,-0.0545,2
12550,178.49,-2.44,-0.0441,2
12560,208.84,-2.48,-0.0245,2
12570,238.79,-2.07,-0.0177,2
12580,267.86,-3.06,-0.0578,2
12590,296.78,-6.18,-0.1108,2
12600,325.38,-11.52,-0.1661,2
12610,354.37,-18.0,-0.1893,2
12620,383.71,-24.25,-0.184,2
12630,413.83,-29.53,-0.1682,2
12640,444.65,-33.98,-0.161,2
12650,476.37,-38.23,-0.1645,2
12660,508.5,-43.43,-0.1853,2
12670,540.9,-50.11,-0.2069,2
12680,573.46,-58.48,-0.2309,2
12690,606.34,-67.68,-0.2417,2
12700,639.89,-76.34,-0.2316,2
12710,674.32,-83.45,-0.2068,2
12720,709.55,-89.07,-0.1842,2
12730,745.31,-94.46,-0.1798,2
12740,781.32,-101.19,-0.1973,2
12750,817.4,-109.97,-0.2243,2
12760,853.62,-120.07,-0.2407,2
12770,890.45,-129.78,-0.2341,2
12780,928.13,-137.78,-0.2095,2
12790,966.85,-144.04,-0.1851,2
12800,1006.1,-149.9,-0.1791,2
12810,1045.56,-157.16,-0.1958,2
12820,1084.98,-166.64,-0.2229,2
12830,1124.49,-177.6,-0.24,2
12840,1164.51,-188.21,-0.2345,2
12850,1205.42,-196.99,-0.2104,2
12860,1247.13,-203.81,-0.1855,2
12870,1289.26,-210.08,-0.1785,2
12880,1331.15,-217.69,-0.1944,2
12890,1372.6,-227.57,-0.2214,2
12900,1413.67,-238.93,-0.2394,2
12910,1454.84,-249.92,-0.2349,2
12920,1496.47,-258.93,-0.2113,2
12930,1538.51,-265.86,-0.186,2
12940,1580.66,-272.08,-0.1779,2
12950,1622.58,-279.57,-0.193,2
12960,1664.03,-289.31,-0.2199,2
12970,1705.12,-300.61,-0.2387,2
12980,1746.28,-311.63,-0.2353,2
12990,1787.88,-320.75,-0.2122,2
13000,1829.9,-327.72,-0.1866,2
13010,1872.07,-333.92,-0.1775,2
13020,1914.02,-341.31,-0.1916,2
13030,1955.51,-350.94,-0.2184,2
13040,1996.6,-362.19,-0.2379,2
13050,2037.75,-373.25,-0.2356,2
13060,2079.35,-382.45,-0.2131,2
13070,2121.36,-389.48,-0.1871,2
13080,2163.52,-395.68,-0.177,2
13090,2205.49,-402.97,-0.1902,2
13100,2247.0,-412.5,-0.2169,2
13110,2288.1,-423.68,-0.2371,2
13120,2329.23,-434.8,-0.2358,2
13130,2370.8,-444.08,-0.2139,2
13140,2412.81,-451.18,-0.1876,2
13150,2454.97,-457.33,-0.1766,2
13160,2496.96,-464.54,-0.1888,2
13170,2538.49,-473.95,-0.2153,2
13180,2579.62,-485.09,-0.2362,2
13190,2620.75,-496.23,-0.236,2
13200,2662.31,-505.6,-0.2147,2
13210,2704.3,-512.75,-0.1882,2
13220,2746.47,-518.87,-0.1762,2
13230,2788.48,-525.99,-0.1875,2
13240,2830.05,-535.3,-0.2137,2
13250,2871.19,-546.4,-0.2353,2
13260,2912.32,-557.57,-0.2361,2
13270,2953.85,-567.02,-0.2155,2
13280,2995.84,-574.24,-0.1888,2
13290,3038.0,-580.38,-0.1759,2
13300,3080.02,-587.4,-0.1862,2
13310,3121.59,-596.58,-0.2122,2
13320,3162.76,-607.6,-0.2344,2
13330,3203.87,-618.77,-0.2362,2
13340,3245.38,-628.31,-0.2163,2
13350,3287.34,-635.6,-0.1895,2
13360,3329.52,-641.74,-0.1756,2
13370,3371.56,-648.66,-0.1849,2
13380,3413.17,-657.72,-0.2106,2
13390,3454.33,-668.69,-0.2334,2
13400,3495.43,-679.89,-0.2363,2
13410,3536.92,-689.5,-0.2171,2
13420,3578.87,-696.86,-0.1901,2
13430,3621.04,-702.96,-0.1753,2
13440,3663.08,-709.8,-0.1837,2
13450,3704.71,-718.74,-0.209,2
13460,3745.89,-729.62,-0.2323,2
13470,3787.0,-740.83,-0.2363,2
13480,3828.48,-750.53,-0.218,2
13490,3870.44,-757.98,-0.1909,2
13500,3912.61,-764.1,-0.1752,2
13510,3954.67,-770.85,-0.1826,2
13520,3996.32,-779.67,-0.2074,2
13530,4037.53,-790.48,-0.2313,2
13540,4078.64,-801.7,-0.2363,2
13550,4120.1,-811.47,-0.2188,2
13560,4162.01,-818.99,-0.1916,2
13570,4204.17,-825.13,-0.1751,2
13580,4246.24,-831.81,-0.1814,2
13590,4287.93,-840.52,-0.2059,2
13600,4329.17,-851.26,-0.2302,2
13610,4370.27,-862.5,-0.2363,2
13620,4411.72,-872.35,-0.2195,2
13630,4453.63,-879.95,-0.1923,2
13640,4495.81,-886.09,-0.175,2
13650,4537.9,-892.67,-0.1803,2
13660,4579.62,-901.26,-0.2042,2
13670,4620.86,-911.93,-0.229,2
13680,4661.95,-923.18,-0.2361,2
13690,4703.38,-933.11,-0.2202,2
13700,4745.27,-940.77,-0.1931,2
13710,4787.43,-946.91,-0.1749,2
13720,4829.52,-953.42,-0.1792,2
13730,4871.26,-961.91,-0.2026,2
13740,4912.54,-972.49,-0.2278,2
13750,4953.64,-983.72,-0.2359,2
13760,4995.04,-993.72,-0.2209,2
13770,5036.92,-1001.48,-0.1939,2
13780,5079.07,-1007.64,-0.1749,2
13790,5121.18,-1014.07,-0.1781,2
13800,5162.94,-1022.43,-0.201,2
13810,5204.21,-1032.93,-0.2266,2
13820,5245.31,-1044.18,-0.2357,2
13830,5286.7,-1054.25,-0.2215,2
13840,5328.57,-1062.08,-0.1946,2
13850,5370.74,-1068.25,-0.175,2
13860,5412.87,-1074.61,-0.1771,2
13870,5454.65,-1082.85,-0.1994,2
13880,5495.95,-1093.24,-0.2253,2
13890,5537.06,-1104.48,-0.2354,2
13900,5578.45,-1114.62,-0.2222,2
13910,5620.3,-1122.52,-0.1955,2
13920,5662.45,-1128.74,-0.1751,2
13930,5704.6,-1135.04,-0.1762,2
13940,5746.41,-1143.17,-0.1979,2
13950,5787.74,-1153.48,-0.2241,2
13960,5828.85,-1164.71,-0.2351,2
13970,5870.19,-1174.96,-0.2234,2
13980,5912.0,-1183.09,-0.1978,2
13990,5954.14,-1189.44,-0.1766,2
14000,5996.3,-1195.54,-0.1736,2
14010,6038.23,-1203.02,-0.19,2
14020,6079.74,-1212.57,-0.2147,2
14030,6120.91,-1223.58,-0.2323,2
14040,6162.07,-1234.61,-0.2326,2
14050,6203.54,-1244.28,-0.2162,2
14060,6245.43,-1252.0,-0.1929,2
14070,6287.58,-1258.26,-0.1755,2
14080,6329.75,-1264.32,-0.1727,2
14090,6371.64,-1271.4,-0.1853,2
14100,6412.63,-1280.13,-0.2063,2
14110,6452.67,-1290.25,-0.2255,2
14120,6492.25,-1301.02,-0.2343,2
14130,6531.34,-1311.23,-0.2292,2
14140,6570.14,-1320.01,-0.2126,2
14150,6608.96,-1327.1,-0.1917,2
14160,6647.38,-1332.85,-0.1756,2
14170,6685.2,-1338.2,-0.1718,2
14180,6722.57,-1344.3,-0.1823,2
14190,6759.0,-1351.77,-0.2023,2
14200,6794.47,-1360.54,-0.2225,2
14210,6829.38,-1370.08,-0.2359,2
14220,6863.59,-1379.6,-0.2443,2
14230,6897.27,-1388.27,-0.2403,2
14240,6930.85,-1395.84,-0.2311,2
14250,6963.91,-1402.34,-0.2198,2
14260,6996.69,-1408.43,-0.2144,2
14270,7028.53,-1415.29,-0.2352,2
14280,7059.49,-1424.05,-0.2792,2
14290,7089.85,-1434.82,-0.3244,2
14300,7119.62,-1447.12,-0.3617,2
14310,7149.86,-1459.71,-0.3655,2
14320,7180.67,-1471.58,-0.352,2
14330,7211.99,-1482.86,-0.3501,2
14340,7243.47,-1493.69,-0.3544,2
14350,7274.89,-1504.73,-0.3688,2
14360,7306.19,-1516.81,-0.3944,2
14370,7336.93,-1529.82,-0.4106,2
14380,7366.41,-1543.81,-0.4316,2
14390,7394.74,-1559.24,-0.4719,2
14400,7422.54,-1575.56,-0.5003,2
14410,7450.26,-1592.05,-0.515,2
14420,7478.51,-1608.13,-0.5142,2
14430,7507.86,-1623.34,-0.4943,2
14440,7537.6,-1637.92,-0.485,2
14450,7566.4,-1652.82,-0.5077,2
14460,7594.41,-1669.06,-0.5436,2
14470,7621.37,-1687.02,-0.5865,2
14480,7647.59,-1706.56,-0.6197,2
14490,7673.56,-1726.74,-0.6301,2
14500,7698.88,-1746.51,-0.6343,2
14510,7723.95,-1765.95,-0.6446,2
14520,7749.32,-1784.98,-0.649,2
14530,7774.92,-1803.73,-0.6559,2
14540,7800.81,-1822.6,-0.661,2
14550,7826.89,-1842.03,-0.6664,2
14560,7852.02,-1862.05,-0.6827,2
14570,7875.26,-1883.07,-0.7245,2
14580,7897.26,-1905.37,-0.7659,2
14590,7918.48,-1928.44,-0.7956,2
14600,7939.74,-1951.84,-0.8102,2
14610,7962.05,-1974.68,-0.7924,2
14620,7985.17,-1996.58,-0.7727,2
14630,8008.4,-2017.8,-0.7686,2
14640,8030.89,-2039.24,-0.7918,2
14650,8052.34,-2061.7,-0.8283,2
14660,8072.3,-2085.5,-0.8735,2
14670,8091.24,-2110.48,-0.9036,2
14680,8109.92,-2136.35,-0.9149,2
14690,8128.64,-2162.12,-0.9134,2
14700,8147.22,-2187.53,-0.9244,2
14710,8166.18,-2212.64,-0.9293,2
14720,8185.41,-2237.53,-0.9366,2
14730,8204.73,-2262.74,-0.9478,2
14740,8223.99,-2288.38,-0.953,2
14750,8242.18,-2314.3,-0.9688,2
14760,8258.5,-2340.52,-1.004,2
14770,8273.27,-2367.63,-1.0458,2
14780,8287.04,-2395.26,-1.0771,2
14790,8300.53,-2423.02,-1.0951,2
14800,8315.12,-2450.87,-1.0827,2
14810,8331.09,-2478.6,-1.0628,2
14820,8347.77,-2505.97,-1.0521,2
14830,8363.68,-2533.32,-1.0742,2
14840,8378.31,-2561.34,-1.1097,2
14850,8391.13,-2590.22,-1.1536,2
14860,8402.46,-2620.05,-1.1893,2
14870,8413.3,-2650.66,-1.2008,2
14880,8423.95,-2680.68,-1.2003,2
14890,8434.71,-2710.26,-1.2044,2
14900,8445.74,-2739.29,-1.2101,2
14910,8457.1,-2768.2,-1.2169,2
14920,8468.31,-2797.2,-1.233,2
14930,8479.31,-2826.58,-1.2403,2
14940,8489.57,-2856.82,-1.2557,2
14950,8498.23,-2887.17,-1.2839,2
14960,8504.98,-2917.61,-1.3267,2
14970,8510.59,-2948.27,-1.3579,2
14980,8515.9,-2979.0,-1.3755,2
14990,8521.94,-3009.88,-1.3707,2
15000,8529.26,-3040.76,-1.3511,2
15010,8537.42,-3071.3,-1.3365,2
15020,8545.15,-3101.54,-1.3521,2
15030,8551.48,-3131.69,-1.3863,2
15040,8555.93,-3162.2,-1.4302,2
15050,8558.35,-3192.95,-1.4766,2
15060,8559.91,-3224.33,-1.4917,2
15070,8561.47,-3255.99,-1.4921,2
15080,8563.57,-3288.15,-1.4894,2
15090,8566.2,-3320.12,-1.4937,2
15100,8569.22,-3352.06,-1.5004,2
15110,8571.89,-3384.04,-1.5189,2
15120,8573.92,-3416.03,-1.5302,2
15130,8574.64,-3447.29,-1.5505,2
15140,8573.49,-3477.74,-1.5895,2
15150,8570.7,-3508.06,-1.6317,2
15160,8567.3,-3538.34,-1.657,2
15170,8564.4,-3568.95,-1.6595,2
15180,8562.91,-3600.23,-1.6364,2
15190,8562.19,-3632.12,-1.6238,2
15200,8560.53,-3664.26,-1.6499,2
15210,8556.98,-3696.77,-1.6897,2
15220,8551.19,-3729.51,-1.7336,2
15230,8543.94,-3762.5,-1.7592,2
15240,8536.13,-3795.63,-1.7711,2
15250,8528.62,-3829.37,-1.77,2
15260,8522.05,-3863.55,-1.7603,2
15270,8516.45,-3898.41,-1.7491,2
15280,8511.59,-3933.65,-1.7377,2
15290,8506.65,-3969.38,-1.7379,2
15300,8500.88,-4005.21,-1.749,2
15310,8493.73,-4041.3,-1.7665,2
15320,8485.31,-4077.35,-1.784,2
15330,8476.08,-4112.98,-1.7958,2
15340,8466.72,-4148.24,-1.7986,2
15350,8457.9,-4183.27,-1.7921,2
15360,8450.19,-4217.84,-1.7788,2
15370,8443.66,-4252.3,-1.7627,2
15380,8438.18,-4286.58,-1.7482,2
15390,8433.43,-4320.61,-1.7385,2
15400,8428.91,-4354.32,-1.7357,2
15410,8424.14,-4387.63,-1.7399,2
15420,8418.88,-4420.09,-1.7496,2
15430,8412.83,-4452.01,-1.7626,2
15440,8406.0,-4483.38,-1.7761,2
15450,8398.52,-4514.22,-1.7875,2
15460,8390.68,-4544.58,-1.7952,2
15470,8382.76,-4574.49,-1.7982,2
15480,8375.06,-4604.05,-1.7963,2
15490,8367.74,-4633.7,-1.7896,2
15500,8361.15,-4663.09,-1.779,2
15510,8355.37,-4692.24,-1.7664,2
15520,8350.39,-4721.11,-1.7541,2
15530,8346.06,-4749.65,-1.7439,2
15540,8342.17,-4777.84,-1.737,2
15550,8338.46,-4805.59,-1.735,2
15560,8334.61,-4832.88,-1.7382,2
15570,8330.43,-4859.64,-1.7461,2
15580,8325.73,-4885.84,-1.757,2
15590,8320.5,-4911.48,-1.7691,2
15600,8314.77,-4936.52,-1.781,2
15610,8308.58,-4960.94,-1.7949,2
15620,8301.85,-4984.73,-1.8168,2
15630,8294.83,-5007.9,-1.8337,2
15640,8287.82,-5030.51,-1.8452,2
15650,8281.02,-5052.64,-1.8521,2
15660,8274.58,-5074.3,-1.8561,2
15670,8268.13,-5095.37,-1.8773,2
15680,8261.56,-5116.04,-1.8986,2
15690,8254.84,-5136.08,-1.9226,2
15700,8247.83,-5155.36,-1.9505,2
15710,8240.4,-5173.85,-1.9834,2
15720,8232.42,-5191.39,-2.0217,2
15730,8223.62,-5207.8,-2.0767,2
15740,8213.65,-5224.08,-2.1209,2
15750,8202.52,-5240.15,-2.1644,2
15760,8190.32,-5255.97,-2.2052,2
15770,8177.85,-5270.78,-2.2425,2
15780,8165.23,-5284.58,-2.2797,2
15790,8151.79,-5298.25,-2.3188,2
15800,8137.81,-5312.01,-2.3431,2
15810,8123.35,-5325.94,-2.3636,2
15820,8109.03,-5339.56,-2.3823,2
15830,8094.61,-5353.1,-2.4017,2
15840,8080.38,-5365.89,-2.4329,2
15850,8066.35,-5377.91,-2.4627,2
15860,8051.62,-5389.83,-2.4932,2
15870,8036.06,-5401.44,-2.5278,2
15880,8019.62,-5412.56,-2.5663,2
15890,8002.23,-5423.02,-2.6087,2
15900,7984.36,-5432.11,-2.6663,2
15910,7965.99,-5440.16,-2.7117,2
15920,7946.81,-5447.39,-2.7542,2
15930,7927.47,-5453.76,-2.7917,2
15940,7908.53,-5459.35,-2.8241,2
15950,7890.11,-5464.37,-2.8513,2
15960,7872.21,-5468.77,-2.8871,2
15970,7853.81,-5473.15,-2.9067,2
15980,7834.93,-5477.5,-2.9254,2
15990,7815.57,-5481.78,-2.9458,2
16000,7795.96,-5485.76,-2.9698,2
16010,7776.88,-5489.01,-3.0051,2
16020,7758.31,-5491.31,-3.0465,2
16030,7739.18,-5492.78,-3.0859,2
16040,7719.54,-5493.26,-3.1277,2
16050,7699.82,-5492.66,-3.1705,2
16060,7680.78,-5491.02,-3.2135,2
16070,7662.57,-5488.24,-3.2687,2
16080,7644.02,-5484.58,-3.3075,2
16090,7625.16,-5480.15,-3.3408,2
16100,7605.97,-5475.15,-3.3687,2
16110,7586.72,-5469.81,-3.3924,2
16120,7568.13,-5464.45,-3.4135,2
16130,7550.27,-5458.93,-3.4453,2
16140,7532.02,-5453.15,-3.4644,2
16150,7513.38,-5447.03,-3.4857,2
16160,7494.44,-5440.36,-3.5106,2
16170,7475.31,-5433.0,-3.54,2
16180,7457.0,-5425.09,-3.5749,2
16190,7439.1,-5416.0,-3.6292,2
16200,7421.39,-5405.67,-3.6744,2
16210,7404.36,-5394.35,-3.7201,2
16220,7388.01,-5382.12,-3.7643,2
16230,7373.23,-5369.87,-3.8061,2
16240,7359.5,-5357.39,-3.8486,2
16250,7345.91,-5344.08,-3.8869,2
16260,7332.25,-5330.23,-3.9116,2
16270,7318.72,-5316.24,-3.9319,2
16280,7304.99,-5301.85,-3.9503,2
16290,7291.33,-5287.35,-3.9689,2
16300,7278.45,-5273.0,-4.0036,2
16310,7266.27,-5258.89,-4.0302,2
16320,7254.23,-5244.06,-4.0617,2
16330,7242.5,-5228.4,-4.0974,2
16340,7231.42,-5212.05,-4.1373,2
16350,7221.6,-5195.65,-4.181,2
16360,7213.25,-5179.17,-4.2391,2
16370,7205.65,-5161.82,-4.2829,2
16380,7198.75,-5143.69,-4.3229,2
16390,7192.45,-5124.86,-4.3585,2
16400,7186.75,-5105.85,-4.3896,2
16410,7181.64,-5087.35,-4.4163,2
16420,7177.19,-5069.37,-4.4526,2
16430,7172.77,-5050.89,-4.4741,2
16440,7168.41,-5031.92,-4.4954,2
16450,7164.16,-5012.45,-4.519,2
16460,7160.28,-4992.77,-4.5474,2
16470,7157.42,-4973.55,-4.5957,2
16480,7155.37,-4953.33,-4.637,2
16490,7154.5,-4932.78,-4.6852,2
16500,7155.01,-4912.83,-4.7379,2
16510,7156.82,-4893.59,-4.7913,2
16520,7159.98,-4875.18,-4.8554,2
16530,7164.27,-4856.05,-4.9019,2
16540,7169.34,-4836.66,-4.9404,2
16550,7174.82,-4817.25,-4.9715,2
16560,7180.56,-4798.59,-5.0116,2
16570,7186.44,-4780.17,-5.0372,2
16580,7192.8,-4761.41,-5.0674,2
16590,7199.88,-4742.72,-5.1054,2
16600,7207.42,-4725.61,-5.1539,2
16610,7216.51,-4708.73,-5.2191,2
16620,7227.09,-4692.2,-5.2784,2
16630,7239.15,-4676.14,-5.3367,2
16640,7252.72,-4660.2,-5.3884,2
16650,7267.1,-4644.39,-5.4193,2
16660,7281.62,-4628.16,-5.4182,2
16670,7296.32,-4611.03,-5.4104,2
16680,7310.79,-4593.21,-5.3994,2
16690,7325.04,-4574.73,-5.39,2
16700,7339.18,-4555.69,-5.3808,2
16710,7353.37,-4535.76,-5.3621,2
16720,7367.43,-4515.33,-5.3388,2
16730,7381.6,-4494.54,-5.3218,2
16740,7395.91,-4473.62,-5.3077,2
16750,7410.43,-4452.39,-5.2922,2
16760,7425.37,-4431.01,-5.2935,2
16770,7440.24,-4409.42,-5.2847,2
16780,7453.86,-4387.57,-5.2459,2
16790,7466.06,-4364.97,-5.1993,2
16800,7476.72,-4341.58,-5.1492,2
16810,7486.02,-4317.25,-5.1014,2
16820,7494.97,-4292.53,-5.0907,2
16830,7503.39,-4268.13,-5.0726,2
16840,7511.42,-4244.13,-5.0511,2
16850,7519.49,-4220.17,-5.0346,2
16860,7527.56,-4196.18,-5.0173,2
16870,7535.68,-4171.81,-5.0048,2
16880,7543.81,-4147.57,-5.0051,2
16890,7550.43,-4123.92,-4.9641,2
16900,7555.43,-4099.91,-4.9123,2
16910,7558.7,-4075.61,-4.858,2
16920,7560.38,-4051.1,-4.8072,2
16930,7561.46,-4026.19,-4.7877,2
16940,7562.51,-4000.56,-4.7793,2
16950,7563.57,-3974.63,-4.7651,2
16960,7564.86,-3948.35,-4.7548,2
16970,7566.28,-3921.42,-4.7421,2
16980,7567.55,-3894.15,-4.7286,2
16990,7568.58,-3866.23,-4.7206,2
17000,7568.19,-3838.41,-4.6806,2
17010,7566.06,-3810.72,-4.6352,2
17020,7562.22,-3783.19,-4.5908,2
17030,7557.04,-3755.87,-4.5525,2
17040,7551.48,-3728.3,-4.5446,2
17050,7545.84,-3701.32,-4.5318,2
17060,7540.18,-3674.38,-4.5188,2
17070,7534.71,-3647.41,-4.5093,2
17080,7529.35,-3620.43,-4.4995,2
17090,7523.91,-3593.44,-4.4862,2
17100,7518.38,-3565.81,-4.483,2
17110,7512.42,-3537.95,-4.4729,2
17120,7505.53,-3510.65,-4.4443,2
17130,7497.49,-3483.69,-4.4128,2
17140,7488.23,-3457.1,-4.3803,2
17150,7477.81,-3430.94,-4.3484,2
17160,7466.33,-3405.21,-4.3185,2
17170,7454.17,-3379.43,-4.3022,2
17180,7442.02,-3353.79,-4.3005,2
17190,7429.82,-3328.65,-4.2859,2
17200,7417.63,-3303.56,-4.2757,2
17210,7405.56,-3278.39,-4.2679,2
17220,7393.64,-3253.15,-4.2606,2
17230,7381.78,-3227.91,-4.2515,2
17240,7370.05,-3203.11,-4.2411,2
17250,7358.62,-3178.66,-4.2435,2
17260,7346.99,-3154.83,-4.23,2
17270,7334.79,-3131.82,-4.2032,2
17280,7321.87,-3109.76,-4.1721,2
17290,7308.22,-3088.73,-4.1387,2
17300,7293.92,-3068.76,-4.1061,2
17310,7279.18,-3049.74,-4.0768,2
17320,7264.36,-3031.45,-4.0609,2
17330,7249.82,-3013.62,-4.059,2
17340,7235.3,-2996.46,-4.0363,2
17350,7221.0,-2979.89,-4.0183,2
17360,7206.65,-2963.35,-4.0036,2
17370,7192.66,-2947.27,-3.99,2
17380,7179.0,-2931.67,-3.9751,2
17390,7165.48,-2916.75,-3.949,2
17400,7152.01,-2902.64,-3.9189,2
17410,7137.76,-2888.65,-3.8872,2
17420,7122.63,-2874.99,-3.8516,2
17430,7106.55,-2861.83,-3.8125,2
17440,7090.27,-2849.92,-3.7704,2
17450,7073.74,-2839.51,-3.7136,2
17460,7056.27,-2829.8,-3.6694,2
17470,7037.95,-2820.76,-3.6289,2
17480,7019.14,-2812.35,-3.5935,2
17490,7000.64,-2804.67,-3.5632,2
17500,6982.61,-2797.56,-3.5376,2
17510,6965.04,-2791.07,-3.504,2
17520,6947.01,-2784.52,-3.4845,2
17530,6928.48,-2777.98,-3.4648,2
17540,6909.43,-2771.54,-3.4428,2
17550,6890.03,-2765.41,-3.4164,2
17560,6871.01,-2760.21,-3.3776,2
17570,6852.39,-2756.09,-3.3334,2
17580,6833.13,-2752.85,-3.2915,2
17590,6813.29,-2750.62,-3.248,2
17600,6793.36,-2749.52,-3.2044,2
17610,6774.01,-2749.49,-3.1617,2
17620,6755.34,-2750.6,-3.1092,2
17630,6736.26,-2752.5,-3.074,2
17640,6716.78,-2754.98,-3.0445,2
17650,6696.91,-2757.89,-3.0202,2
17660,6677.14,-2761.02,-2.9995,2
17670,6658.02,-2764.15,-2.9807,2
17680,6639.59,-2767.55,-2.9494,2
17690,6620.76,-2771.21,-2.928,2
17700,6601.54,-2775.28,-2.9033,2
17710,6582.0,-2779.97,-2.8747,2
17720,6562.46,-2785.4,-2.8411,2
17730,6543.78,-2791.56,-2.8022,2
17740,6525.14,-2799.1,-2.7466,2
17750,6506.58,-2807.93,-2.7005,2
17760,6488.47,-2817.87,-2.655,2
17770,6471.41,-2828.44,-2.6121,2
17780,6455.35,-2839.4,-2.5729,2
17790,6440.34,-2850.68,-2.5274,2
17800,6425.22,-2862.59,-2.4982,2
17810,6409.91,-2874.98,-2.4739,2
17820,6394.36,-2887.77,-2.4519,2
17830,6379.0,-2900.62,-2.4292,2
17840,6364.48,-2913.49,-2.39,2
17850,6350.49,-2926.66,-2.355,2
17860,6336.79,-2940.78,-2.3122,2
17870,6323.88,-2955.81,-2.2623,2
17880,6312.4,-2971.18,-2.2088,2
17890,6302.56,-2986.88,-2.1421,2
17900,6293.28,-3003.99,-2.0916,2
17910,6284.7,-3021.97,-2.0475,2
17920,6276.7,-3040.34,-2.0113,2
17930,6269.37,-3058.29,-1.9818,2
17940,6262.69,-3075.81,-1.9445,2
17950,6256.0,-3093.83,-1.9211,2
17960,6249.35,-3112.34,-1.8968,2
17970,6242.77,-3131.79,-1.869,2
17980,6236.93,-3150.91,-1.8352,2
17990,6232.08,-3170.74,-1.7823,2
18000,6228.31,-3191.24,-1.735,2
18010,6225.83,-3212.37,-1.6842,2
18020,6224.75,-3234.01,-1.6331,2
18030,6225.01,-3256.11,-1.5838,2
18040,6225.87,-3278.96,-1.5641,2
18050,6226.8,-3302.22,-1.5613,2
18060,6227.46,-3325.85,-1.5656,2
18070,6227.58,-3349.85,-1.5751,2
18080,6227.04,-3374.21,-1.5878,2
18090,6225.07,-3397.86,-1.6342,2
18100,6221.9,-3421.37,-1.6765,2
18110,6217.84,-3444.74,-1.7113,2
18120,6213.26,-3467.98,-1.7385,2
18130,6208.54,-3490.66,-1.7597,2
18140,6203.81,-3512.79,-1.7801,2
18150,6198.95,-3535.28,-1.7969,2
18160,6193.75,-3558.48,-1.8165,2
18170,6188.22,-3581.18,-1.8414,2
18180,6182.08,-3603.15,-1.8733,2
18190,6174.97,-3624.25,-1.9174,2
18200,6166.45,-3645.24,-1.9645,2
18210,6156.44,-3666.0,-2.0133,2
18220,6145.18,-3686.2,-2.0593,2
18230,6133.19,-3705.35,-2.1008,2
18240,6120.23,-3724.33,-2.1382,2
18250,6106.65,-3743.33,-2.1648,2
18260,6092.68,-3762.53,-2.1851,2
18270,6078.63,-3781.74,-2.2014,2
18280,6065.19,-3800.07,-2.2173,2
18290,6051.28,-3818.54,-2.2411,2
18300,6036.75,-3837.01,-2.2684,2
18310,6021.46,-3855.08,-2.303,2
18320,6005.32,-3872.34,-2.3435,2
18330,5988.58,-3888.27,-2.3882,2
18340,5971.28,-3902.72,-2.4381,2
18350,5952.52,-3916.59,-2.4841,2
18360,5932.77,-3929.72,-2.5254,2
18370,5912.65,-3942.07,-2.5599,2
18380,5892.75,-3953.72,-2.5871,2
18390,5873.16,-3964.87,-2.6116,2
18400,5852.88,-3976.35,-2.6303,2
18410,5832.25,-3987.89,-2.6504,2
18420,5811.49,-3999.08,-2.676,2
18430,5791.35,-4009.05,-2.7129,2
18440,5770.36,-4018.12,-2.7578,2
18450,5748.42,-4025.88,-2.8102,2
18460,5725.54,-4032.13,-2.8664,2
18470,5702.77,-4036.68,-2.9204,2
18480,5680.31,-4039.89,-2.9692,2
18490,5657.02,-4042.45,-3.0042,2
18500,5633.32,-4044.77,-3.0299,2
18510,5610.36,-4046.98,-3.0507,2
18520,5587.93,-4048.91,-3.0783,2
18530,5564.67,-4050.29,-3.1129,2
18540,5541.11,-4050.48,-3.1606,2
18550,5517.57,-4048.91,-3.2203,2
18560,5493.47,-4045.64,-3.2676,2
18570,5469.22,-4040.93,-3.307,2
18580,5444.45,-4035.26,-3.3352,2
18590,5419.0,-4029.44,-3.3436,2
18600,5393.03,-4024.52,-3.326,2
18610,5366.27,-4020.41,-3.3118,2
18620,5338.78,-4016.7,-3.3067,2
18630,5311.02,-4012.54,-3.3173,2
18640,5282.85,-4007.26,-3.3361,2
18650,5254.35,-4000.54,-3.3591,2
18660,5225.47,-3992.78,-3.3749,2
18670,5196.02,-3984.9,-3.3743,2
18680,5165.8,-3977.91,-3.3572,2
18690,5134.96,-3972.35,-3.3329,2
18700,5103.39,-3967.75,-3.316,2
18710,5071.28,-3962.98,-3.317,2
18720,5038.86,-3956.93,-3.3357,2
18730,5006.34,-3948.82,-3.3703,2
18740,4973.7,-3939.07,-3.401,2
18750,4940.63,-3929.03,-3.4115,2
18760,4906.71,-3920.14,-3.3948,2
18770,4871.89,-3912.85,-3.37,2
18780,4836.43,-3906.11,-3.3607,2
18790,4800.73,-3898.34,-3.3741,2
18800,4764.79,-3888.48,-3.4008,2
18810,4728.83,-3877.03,-3.4209,2
18820,4692.38,-3865.53,-3.4194,2
18830,4655.02,-3855.52,-3.3974,2
18840,4616.8,-3847.1,-3.3787,2
18850,4578.1,-3838.74,-3.3854,2
18860,4539.38,-3828.64,-3.4155,2
18870,4500.71,-3816.05,-3.4489,2
18880,4462.17,-3801.69,-3.4697,2
18890,4423.21,-3787.22,-3.4692,2
18900,4383.28,-3774.29,-3.4479,2
18910,4342.31,-3763.37,-3.4214,2
18920,4300.89,-3753.39,-3.4095,2
18930,4259.71,-3742.45,-3.421,2
18940,4219.17,-3729.36,-3.4473,2
18950,4179.34,-3714.24,-3.4766,2
18960,4139.8,-3698.37,-3.4943,2
18970,4099.95,-3683.35,-3.4916,2
18980,4059.46,-3670.1,-3.473,2
18990,4018.59,-3658.09,-3.4576,2
19000,3977.81,-3645.75,-3.4619,2
19010,3937.58,-3631.74,-3.4822,2
19020,3898.04,-3615.86,-3.5058,2
19030,3858.92,-3598.95,-3.5188,2
19040,3819.67,-3582.38,-3.5144,2
19050,3779.85,-3567.3,-3.4957,2
19060,3739.36,-3554.03,-3.4732,2
19070,3698.57,-3541.8,-3.4627,2
19080,3658.47,-3529.16,-3.4761,2
19090,3619.49,-3515.11,-3.5033,2
19100,3581.61,-3499.09,-3.5371,2
19110,3544.95,-3481.8,-3.5589,2
19120,3509.12,-3464.2,-3.5669,2
19130,3473.41,-3447.07,-3.5619,2
19140,3437.77,-3431.32,-3.5467,2
19150,3401.86,-3417.05,-3.5275,2
19160,3365.81,-3404.06,-3.5115,2
19170,3330.18,-3391.81,-3.5041,2
19180,3294.93,-3379.44,-3.5072,2
19190,3260.64,-3366.46,-3.5192,2
19200,3227.12,-3352.48,-3.5358,2
19210,3194.38,-3337.58,-3.5519,2
19220,3162.58,-3322.27,-3.5629,2
19230,3131.31,-3306.7,-3.5722,2
19240,3100.36,-3291.26,-3.5774,2
19250,3069.57,-3276.35,-3.5759,2
19260,3038.81,-3262.2,-3.5709,2
19270,3008.12,-3248.82,-3.5655,2
19280,2977.88,-3236.27,-3.5589,2
19290,2947.82,-3224.26,-3.5524,2
19300,2918.12,-3212.39,-3.5523,2
19310,2888.94,-3200.32,-3.5583,2
19320,2860.4,-3187.8,-3.5688,2
19330,2832.56,-3174.7,-3.5819,2
19340,2805.42,-3161.04,-3.5955,2
19350,2778.96,-3146.97,-3.6065,2
19360,2753.04,-3132.76,-3.6128,2
19370,2727.51,-3118.72,-3.6136,2
19380,2702.24,-3105.12,-3.6088,2
19390,2677.11,-3092.23,-3.599,2
19400,2652.04,-3080.19,-3.5858,2
19410,2627.05,-3069.04,-3.572,2
19420,2602.22,-3058.63,-3.5604,2
19430,2577.66,-3048.77,-3.553,2
19440,2553.51,-3039.18,-3.5505,2
19450,2529.77,-3029.89,-3.5419,2
19460,2506.55,-3020.64,-3.5386,2
19470,2484.39,-3011.47,-3.5389,2
19480,2462.84,-3002.2,-3.5401,2
19490,2441.88,-2992.89,-3.5398,2
19500,2421.36,-2983.93,-3.524,2
19510,2400.72,-2975.6,-3.4935,2
19520,2379.78,-2968.12,-3.4562,2
19530,2358.49,-2961.72,-3.4138,2
19540,2337.37,-2956.68,-3.3686,2
19550,2316.56,-2953.02,-3.3218,2
19560,2296.14,-2950.81,-3.2679,2
19570,2275.23,-2949.69,-3.2228,2
19580,2253.86,-2949.45,-3.1837,2
19590,2232.6,-2949.85,-3.1517,2
19600,2211.94,-2950.62,-3.1254,2
19610,2191.91,-2951.67,-3.0975,2
19620,2171.45,-2952.86,-3.0782,2
19630,2150.55,-2954.24,-3.0579,2
19640,2129.28,-2955.93,-3.0349,2
19650,2107.86,-2958.15,-3.0071,2
19660,2087.11,-2961.06,-2.9731,2
19670,2066.73,-2965.06,-2.9251,2
19680,2046.22,-2970.36,-2.8783,2
19690,2025.68,-2977.02,-2.8304,2
19700,2005.84,-2984.78,-2.7842,2
19710,1986.97,-2993.35,-2.7408,2
19720,1969.09,-3002.6,-2.6952,2
19730,1951.14,-3012.65,-2.6613,2
19740,1933.07,-3023.3,-2.633,2
19750,1914.76,-3034.39,-2.6099,2
19760,1896.24,-3045.79,-2.5897,2
19770,1878.3,-3057.03,-2.5694,2
19780,1861.05,-3068.25,-2.5416,2
19790,1843.66,-3080.05,-2.5145,2
19800,1826.33,-3092.66,-2.4814,2
19810,1809.25,-3106.28,-2.4431,2
19820,1793.2,-3120.54,-2.4007,2
19830,1778.51,-3135.4,-2.3485,2
19840,1765.18,-3150.69,-2.2999,2
19850,1752.49,-3167.06,-2.2533,2
19860,1740.36,-3184.38,-2.2121,2
19870,1728.99,-3201.91,-2.1777,2
19880,1718.35,-3219.18,-2.1491,2
19890,1707.84,-3237.05,-2.1197,2
19900,1697.25,-3255.36,-2.0989,2
19910,1686.58,-3274.1,-2.0788,2
19920,1676.18,-3292.77,-2.0573,2
19930,1666.4,-3311.1,-2.0319,2
19940,1657.54,-3329.23,-1.9941,2
19950,1649.26,-3348.1,-1.9559,2
19960,1641.87,-3367.78,-1.9123,2
19970,1635.51,-3388.28,-1.866,2
19980,1630.41,-3409.09,-1.8194,2
19990,1626.6,-3429.59,-1.7739,2
20000,1624.07,-3449.67,-1.725,2
20010,1622.32,-3470.28,-1.6865,2
20020,1621.15,-3491.34,-1.6546,2
20030,1620.31,-3512.83,-1.6288,2
20040,1619.68,-3534.42,-1.6068,2
20050,1619.32,-3555.43,-1.5818,2
20060,1619.18,-3575.85,-1.5603,2
20070,1619.31,-3596.71,-1.5365,2
20080,1620.0,-3618.41,-1.5075,2
20090,1621.46,-3639.68,-1.4734,2
20100,1623.87,-3660.3,-1.434,2
20110,1627.44,-3680.13,-1.3827,2
20120,1632.37,-3700.11,-1.3329,2
20130,1638.67,-3720.15,-1.284,2
20140,1646.18,-3740.21,-1.2396,2
20150,1654.35,-3759.48,-1.2011,2
20160,1662.93,-3777.93,-1.1655,2
20170,1672.11,-3796.57,-1.1364,2
20180,1681.66,-3815.5,-1.1149,2
20190,1691.48,-3834.74,-1.0954,2
20200,1701.46,-3853.95,-1.0758,2
20210,1711.4,-3872.5,-1.053,2
20220,1721.62,-3890.24,-1.017,2
20230,1732.74,-3907.93,-0.9793,2
20240,1745.16,-3925.62,-0.9367,2
20250,1758.36,-3942.38,-0.8911,2
20260,1772.18,-3957.84,-0.8436,2
20270,1786.56,-3971.96,-0.7912,2
20280,1802.02,-3985.53,-0.7455,2
20290,1818.42,-3998.65,-0.7058,2
20300,1835.58,-4011.46,-0.6718,2
20310,1853.15,-4024.04,-0.6438,2
20320,1870.37,-4036.09,-0.6205,2
20330,1887.24,-4047.59,-0.5923,2
20340,1904.95,-4059.36,-0.5676,2
20350,1923.25,-4070.99,-0.5374,2
20360,1941.74,-4081.83,-0.499,2
20370,1960.31,-4091.29,-0.4463,2
20380,1979.33,-4099.39,-0.3911,2
20390,1999.31,-4106.16,-0.3322,2
20400,2020.14,-4111.55,-0.274,2
20410,2040.98,-4115.6,-0.2216,2
20420,2061.97,-4118.63,-0.1723,2
20430,2083.44,-4121.15,-0.1373,2
20440,2104.75,-4123.42,-0.1084,2
20450,2125.5,-4125.43,-0.0801,2
20460,2146.16,-4126.85,-0.0403,2
20470,2167.26,-4127.43,0.0036,2
20480,2189.17,-4126.64,0.059,2
20490,2211.28,-4124.03,0.123,2
20500,2233.94,-4119.78,0.1712,2
20510,2256.79,-4114.55,0.1967,2
20520,2280.28,-4108.75,0.2112,2
20530,2304.14,-4103.05,0.2135,2
20540,2328.89,-4098.0,0.1984,2
20550,2354.15,-4093.85,0.179,2
20560,2380.26,-4090.8,0.1446,2
20570,2406.78,-4088.51,0.1172,2
20580,2433.99,-4086.33,0.1014,2
20590,2461.47,-4083.87,0.0933,2
20600,2489.48,-4080.46,0.1062,2
20610,2517.74,-4076.25,0.1196,2
20620,2546.66,-4072.4,0.1014,2
20630,2575.93,-4069.85,0.0649,2
20640,2605.29,-4069.11,0.0202,2
20650,2634.65,-4070.33,-0.026,2
20660,2664.56,-4072.52,-0.0452,2
20670,2694.75,-4074.9,-0.0478,2
20680,2725.23,-4077.38,-0.0598,2
20690,2755.73,-4079.54,-0.0673,2
20700,2786.26,-4081.32,-0.0735,2
20710,2816.81,-4083.08,-0.0859,2
20720,2847.31,-4084.78,-0.0864,2
20730,2877.36,-4087.05,-0.0961,2
20740,2906.38,-4090.95,-0.1377,2
20750,2935.1,-4096.64,-0.1815,2
20760,2963.5,-4103.79,-0.2197,2
20770,2991.68,-4111.89,-0.2483,2
20780,3020.14,-4120.01,-0.2521,2
20790,3049.09,-4127.47,-0.2392,2
20800,3078.72,-4134.31,-0.2299,2
20810,3108.04,-4140.81,-0.2361,2
20820,3137.34,-4147.32,-0.2466,2
20830,3166.55,-4154.22,-0.2635,2
20840,3195.54,-4161.91,-0.287,2
20850,3224.28,-4170.62,-0.3119,2
20860,3253.35,-4180.24,-0.3248,2
20870,3282.4,-4190.76,-0.3383,2
20880,3311.01,-4202.1,-0.357,2
20890,3338.87,-4214.19,-0.3814,2
20900,3366.46,-4226.91,-0.4006,2
20910,3393.89,-4239.97,-0.4146,2
20920,3421.24,-4253.14,-0.424,2
20930,3448.6,-4266.19,-0.43,2
20940,3475.68,-4278.89,-0.434,2
20950,3502.64,-4290.81,-0.4235,2
20960,3529.47,-4301.96,-0.4126,2
20970,3556.09,-4312.53,-0.4045,2
20980,3582.29,-4322.97,-0.41,2
20990,3607.92,-4333.63,-0.4252,2
21000,3633.29,-4344.89,-0.445,2
21010,3657.88,-4356.76,-0.4692,2
21020,3681.59,-4369.35,-0.4968,2
21030,3704.34,-4382.68,-0.526,2
21040,3726.16,-4396.64,-0.5538,2
21050,3747.32,-4410.73,-0.5629,2
21060,3767.9,-4424.8,-0.5684,2
21070,3788.06,-4438.6,-0.5695,2
21080,3807.97,-4451.85,-0.5595,2
21090,3827.73,-4464.37,-0.5447,2
21100,3847.36,-4476.08,-0.5275,2
21110,3866.83,-4486.92,-0.5091,2
21120,3886.63,-4497.17,-0.4904,2
21130,3906.21,-4506.64,-0.4731,2
21140,3925.65,-4514.98,-0.4341,2
21150,3944.85,-4522.38,-0.399,2
21160,3963.68,-4529.04,-0.369,2
21170,3981.99,-4535.15,-0.3434,2
21180,3999.77,-4540.83,-0.321,2
21190,4016.97,-4546.14,-0.2982,2
21200,4033.62,-4550.84,-0.2616,2
21210,4050.8,-4555.46,-0.2402,2
21220,4068.55,-4559.9,-0.2163,2
21230,4086.53,-4563.91,-0.1885,2
21240,4103.95,-4567.18,-0.1557,2
21250,4121.52,-4569.68,-0.1175,2
21260,4138.5,-4570.86,-0.0561,2
21270,4156.03,-4571.1,-0.0119,2
21280,4174.07,-4570.35,0.0324,2
21290,4192.5,-4568.57,0.076,2
21300,4211.29,-4565.81,0.117,2
21310,4229.75,-4562.25,0.1594,2
21320,4247.38,-4558.1,0.2014,2
21330,4265.4,-4553.51,0.2257,2
21340,4283.83,-4548.61,0.2463,2
21350,4301.77,-4543.66,0.2649,2
21360,4319.02,-4538.78,0.2834,2
21370,4336.23,-4533.69,0.3072,2
21380,4352.59,-4528.28,0.346,2
21390,4369.3,-4522.32,0.3742,2
21400,4386.25,-4515.62,0.4069,2
21410,4403.36,-4507.99,0.4448,2
21420,4420.45,-4499.27,0.4876,2
21430,4436.72,-4489.47,0.546,2
21440,4452.08,-4478.76,0.6005,2
21450,4467.14,-4466.87,0.6472,2
21460,4481.56,-4454.22,0.6911,2
21470,4494.97,-4441.44,0.7301,2
21480,4507.45,-4428.68,0.77,2
21490,4519.03,-4416.06,0.8111,2
21500,4531.12,-4402.55,0.836,2
21510,4543.42,-4388.57,0.8605,2
21520,4555.65,-4374.22,0.888,2
21530,4566.81,-4359.86,0.9408,2
21540,4577.61,-4344.63,0.9843,2
21550,4587.73,-4328.33,1.0367,2
21560,4596.32,-4311.91,1.0959,2
21570,4603.24,-4295.47,1.1625,2
21580,4608.63,-4278.65,1.2361,2
21590,4613.14,-4261.06,1.2897,2
21600,4616.97,-4242.83,1.3344,2
21610,4620.26,-4224.89,1.3727,2
21620,4623.33,-4206.42,1.4074,2
21630,4626.41,-4187.48,1.4267,2
21640,4629.37,-4167.6,1.453,2
21650,4631.64,-4147.2,1.4905,2
21660,4633.45,-4125.89,1.5054,2
21670,4634.49,-4104.12,1.5239,2
21680,4634.6,-4081.56,1.5483,2
21690,4633.59,-4058.62,1.5849,2
21700,4631.97,-4034.95,1.6095,2
21710,4630.33,-4010.56,1.6217,2
21720,4629.24,-3985.76,1.6174,2
21730,4629.06,-3960.24,1.5993,2
21740,4629.37,-3934.37,1.5897,2
21750,4629.02,-3907.84,1.6116,2
21760,4627.19,-3881.03,1.6519,2
21770,4623.5,-3853.76,1.6984,2
21780,4618.02,-3826.1,1.7416,2
21790,4612.07,-3798.24,1.7501,2
21800,4606.34,-3769.71,1.7441,2
21810,4601.26,-3740.76,1.7358,2
21820,4596.58,-3711.14,1.7396,2
21830,4592.04,-3681.19,1.7484,2
21840,4586.93,-3650.74,1.7683,2
21850,4580.85,-3619.88,1.788,2
21860,4573.61,-3589.0,1.8057,2
21870,4565.31,-3558.84,1.8253,2
21880,4555.62,-3529.51,1.8613,2
21890,4545.07,-3500.49,1.8892,2
21900,4534.37,-3471.53,1.9044,2
21910,4524.0,-3442.15,1.9099,2
21920,4514.65,-3412.11,1.8906,2
21930,4505.86,-3381.32,1.8791,2
21940,4496.84,-3351.22,1.8912,2
21950,4486.28,-3321.65,1.9299,2
21960,4473.78,-3292.87,1.9759,2
21970,4459.52,-3264.89,2.0197,2
21980,4444.3,-3236.79,2.036,2
21990,4429.56,-3208.97,2.0313,2
22000,4415.84,-3181.1,2.0187,2
22010,4402.69,-3153.43,2.0247,2
22020,4389.7,-3125.67,2.0353,2
22030,4376.21,-3098.13,2.0574,2
22040,4361.55,-3070.57,2.0824,2
22050,4345.77,-3043.31,2.1005,2
22060,4328.8,-3016.53,2.1205,2
22070,4310.69,-2990.98,2.1587,2
22080,4291.89,-2965.96,2.1855,2
22090,4273.03,-2940.97,2.1992,2
22100,4254.48,-2915.42,2.1999,2
22110,4236.59,-2888.72,2.181,2
22120,4219.12,-2861.4,2.1705,2
22130,4201.44,-2835.17,2.1929,2
22140,4182.35,-2809.94,2.2324,2
22150,4161.65,-2786.04,2.2781,2
22160,4139.37,-2763.18,2.3194,2
22170,4116.56,-2740.43,2.3266,2
22180,4093.99,-2717.4,2.3206,2
22190,4072.1,-2694.28,2.3203,2
22200,4050.84,-2671.11,2.3251,2
22210,4029.71,-2647.8,2.3351,2
22220,4008.16,-2624.87,2.3562,2
22230,3985.74,-2602.01,2.3685,2
22240,3962.3,-2579.78,2.3866,2
22250,3938.31,-2559.21,2.417,2
22260,3913.42,-2540.01,2.4554,2
22270,3888.03,-2521.52,2.4818,2
22280,3862.63,-2503.06,2.4953,2
22290,3837.59,-2483.59,2.4833,2
22300,3812.91,-2462.81,2.4639,2
22310,3788.52,-2441.95,2.4657,2
22320,3763.67,-2422.28,2.4976,2
22330,3737.7,-2404.15,2.5409,2
22340,3710.55,-2387.83,2.5876,2
22350,3682.34,-2372.21,2.6078,2
22360,3654.49,-2356.97,2.6103,2
22370,3627.13,-2341.64,2.6124,2
22380,3600.37,-2326.14,2.6192,2
22390,3573.76,-2310.32,2.627,2
22400,3547.02,-2294.72,2.6453,2
22410,3519.58,-2279.19,2.6525,2
22420,3491.06,-2264.51,2.6732,2
22430,3461.11,-2251.59,2.7197,2
22440,3430.24,-2240.22,2.7591,2
22450,3398.63,-2229.38,2.7834,2
22460,3366.81,-2217.64,2.7752,2
22470,3336.24,-2204.7,2.7519,2
22480,3306.12,-2191.63,2.7602,2
22490,3275.72,-2179.29,2.7858,2
22500,3244.63,-2168.77,2.8293,2
22510,3212.49,-2159.86,2.8605,2
22520,3179.51,-2152.09,2.8817,2
22530,3146.39,-2145.24,2.9087,2
22540,3113.36,-2138.06,2.9174,2
22550,3080.27,-2129.98,2.9172,2
22560,3046.94,-2120.74,2.9016,2
22570,3012.93,-2112.02,2.9159,2
22580,2977.97,-2105.36,2.9562,2
22590,2942.15,-2101.02,2.9987,2
22600,2905.73,-2097.5,3.0141,2
22610,2868.72,-2092.85,3.0,2
22620,2831.55,-2086.16,2.9732,2
22630,2794.18,-2077.92,2.9538,2
22640,2756.36,-2069.71,2.9555,2
22650,2717.78,-2063.0,2.9763,2
22660,2678.47,-2058.19,3.0015,2
22670,2638.59,-2054.34,3.0144,2
22680,2598.35,-2049.87,3.0074,2
22690,2557.92,-2043.62,2.9856,2
22700,2517.4,-2035.4,2.9625,2
22710,2476.62,-2026.25,2.9521,2
22720,2435.48,-2017.78,2.9608,2
22730,2393.61,-2011.11,2.9837,2
22740,2351.24,-2006.76,3.0165,2
22750,2308.9,-2003.6,3.0356,2
22760,2267.18,-2000.07,3.0357,2
22770,2226.25,-1994.81,3.0155,2
22780,2186.17,-1987.9,2.994,2
22790,2146.8,-1980.44,2.9857,2
22800,2107.95,-1973.84,2.9953,2
22810,2069.16,-1969.03,3.0178,2
22820,2030.77,-1966.49,3.0528,2
22830,1992.62,-1965.42,3.0819,2
22840,1954.51,-1964.26,3.0918,2
22850,1916.22,-1961.7,3.0783,2
22860,1877.62,-1957.44,3.057,2
22870,1838.96,-1952.71,3.0509,2
22880,1800.83,-1949.03,3.0638,2
22890,1763.25,-1947.25,3.0882,2
22900,1726.26,-1947.45,3.1203,2
22910,1689.33,-1948.74,3.1463,2
22920,1652.4,-1949.71,3.153,2
22930,1614.98,-1949.36,3.1416,2
22940,1577.09,-1947.62,3.1232,2
22950,1538.97,-1945.69,3.1211,2
22960,1500.39,-1944.93,3.1365,2
22970,1461.34,-1946.03,3.1607,2
22980,1422.8,-1948.83,3.1854,2
22990,1384.65,-1952.48,3.2074,2
23000,1346.46,-1955.62,3.2111,2
23010,1307.95,-1957.52,3.2032,2
23020,1268.92,-1958.14,3.1862,2
23030,1229.45,-1958.77,3.1865,2
23040,1190.47,-1960.77,3.204,2
23050,1151.95,-1964.64,3.2285,2
23060,1114.21,-1969.82,3.2478,2
23070,1077.23,-1975.55,3.2678,2
23080,1040.18,-1980.65,3.2701,2
23090,1002.98,-1984.71,3.2664,2
23100,965.18,-1987.74,3.2522,2
23110,926.96,-1991.12,3.2564,2
23120,888.45,-1996.08,3.2764,2
23130,850.32,-2002.86,3.3005,2
23140,813.0,-2010.55,3.314,2
23150,776.07,-2018.52,3.3294,2
23160,739.01,-2025.69,3.3291,2
23170,701.5,-2031.92,3.3267,2
23180,663.42,-2037.47,3.3177,2
23190,625.21,-2043.63,3.3253,2
23200,586.87,-2051.52,3.3468,2
23210,548.85,-2061.16,3.3698,2
23220,511.66,-2071.48,3.3806,2
23230,475.09,-2081.62,3.389,2
23240,438.31,-2090.83,3.3874,2
23250,401.3,-2099.19,3.3857,2
23260,363.73,-2107.22,3.3832,2
23270,325.88,-2116.09,3.3932,2
23280,288.05,-2126.77,3.4158,2
23290,250.87,-2139.04,3.4375,2
23300,214.5,-2151.73,3.4463,2
23310,178.65,-2163.97,3.4476,2
23320,142.9,-2175.34,3.4469,2
23330,106.87,-2185.86,3.4448,2
23340,70.78,-2196.21,3.4511,2
23350,34.31,-2206.88,3.4538,2
23360,-2.06,-2218.72,3.4692,2
23370,-38.34,-2232.21,3.4898,2
23380,-74.43,-2247.04,3.5068,2
23390,-110.03,-2262.23,3.5134,2
23400,-145.21,-2276.75,3.5076,2
23410,-180.28,-2290.63,3.5078,2
23420,-215.64,-2303.72,3.505,2
23430,-251.14,-2316.27,3.5052,2
23440,-286.33,-2328.73,3.5132,2
23450,-320.76,-2341.29,3.5199,2
23460,-354.57,-2354.49,3.5312,2
23470,-387.61,-2368.63,3.5473,2
23480,-419.56,-2383.55,3.5633,2
23490,-450.84,-2399.05,3.5751,2
23500,-481.63,-2414.7,3.5799,2
23510,-512.2,-2430.0,3.5772,2
23520,-542.74,-2444.56,3.5678,2
23530,-572.79,-2458.34,3.5668,2
23540,-602.75,-2471.45,3.5646,2
23550,-632.51,-2484.04,3.5648,2
23560,-661.96,-2496.44,3.5706,2
23570,-690.88,-2509.07,3.5837,2
23580,-719.24,-2521.99,3.5922,2
23590,-746.52,-2535.26,3.6051,2
23600,-773.01,-2549.2,3.6206,2
23610,-798.73,-2563.68,3.6348,2
23620,-823.81,-2578.42,3.6443,2
23630,-848.45,-2593.07,3.6469,2
23640,-872.46,-2607.04,3.6421,2
23650,-896.38,-2620.24,3.6309,2
23660,-920.37,-2632.35,3.6084,2
23670,-944.39,-2643.3,3.5835,2
23680,-968.34,-2653.28,3.5619,2
23690,-992.03,-2662.57,3.5464,2
23700,-1014.86,-2671.36,3.5381,2
23710,-1037.25,-2679.81,3.5232,2
23720,-1059.2,-2687.98,3.5035,2
23730,-1081.15,-2696.04,3.4853,2
23740,-1103.16,-2703.97,3.4649,2
23750,-1125.33,-2711.52,3.4392,2
23760,-1148.09,-2718.45,3.407,2
23770,-1170.99,-2724.33,3.3676,2
23780,-1194.18,-2728.87,3.3223,2
23790,-1217.62,-2731.91,3.2742,2
23800,-1241.2,-2733.51,3.2267,2
23810,-1265.25,-2733.86,3.1844,2
23820,-1288.83,-2733.27,3.1477,2
23830,-1312.37,-2732.08,3.1186,2
23840,-1335.88,-2730.61,3.0959,2
23850,-1359.38,-2729.05,3.0774,2
23860,-1382.92,-2727.42,3.0602,2
23870,-1406.2,-2725.6,3.0388,2
23880,-1429.42,-2723.3,3.0115,2
23890,-1452.53,-2720.15,2.9769,2
23900,-1475.47,-2715.88,2.9353,2
23910,-1498.13,-2710.23,2.8888,2
23920,-1520.74,-2703.01,2.8398,2
23930,-1542.65,-2694.5,2.7925,2
23940,-1564.11,-2684.9,2.7502,2
23950,-1585.22,-2674.5,2.7151,2
23960,-1606.13,-2663.67,2.689,2
23970,-1627.27,-2652.48,2.6681,2
23980,-1648.02,-2641.43,2.6502,2
23990,-1668.72,-2630.3,2.6318,2
24000,-1689.33,-2618.9,2.6096,2
24010,-1709.68,-2606.99,2.5809,2
24020,-1729.86,-2594.1,2.5456,2
24030,-1749.13,-2580.33,2.5026,2
24040,-1767.46,-2565.41,2.4552,2
24050,-1784.83,-2549.36,2.4067,2
24060,-1801.27,-2532.29,2.3613,2
24070,-1816.83,-2514.55,2.3216,2
24080,-1831.58,-2496.56,2.2884,2
24090,-1845.98,-2478.33,2.2623,2
24100,-1860.25,-2459.95,2.2414,2
24110,-1874.48,-2441.52,2.2227,2
24120,-1888.85,-2422.73,2.2043,2
24130,-1903.05,-2403.62,2.1808,2
24140,-1916.7,-2384.12,2.1501,2
24150,-1929.48,-2364.06,2.1116,2
24160,-1941.14,-2343.28,2.0673,2
24170,-1951.5,-2321.85,2.0207,2
24180,-1960.28,-2300.28,1.9727,2
24190,-1967.83,-2278.28,1.928,2
24200,-1974.41,-2255.98,1.8894,2
24210,-1980.35,-2233.45,1.8579,2
24220,-1986.05,-2210.51,1.8339,2
24230,-1991.65,-2187.45,1.8153,2
24240,-1997.19,-2164.43,1.798,2
24250,-2002.59,-2141.35,1.7787,2
24260,-2007.61,-2118.19,1.754,2
24270,-2011.93,-2094.83,1.7227,2
24280,-2015.01,-2071.83,1.6804,2
24290,-2016.65,-2048.71,1.631,2
24300,-2016.67,-2025.54,1.578,2
24310,-2015.14,-2002.35,1.5258,2
24320,-2012.31,-1978.9,1.4806,2
24330,-2008.56,-1955.23,1.4443,2
24340,-2004.39,-1931.61,1.4167,2
24350,-2000.07,-1908.0,1.3955,2
24360,-1995.74,-1884.36,1.3765,2
24370,-1991.23,-1861.54,1.3495,2
24380,-1986.0,-1838.9,1.3126,2
24390,-1979.53,-1816.59,1.2638,2
24400,-1971.4,-1794.8,1.2051,2
24410,-1961.51,-1773.68,1.1435,2
24420,-1950.1,-1753.36,1.0846,2
24430,-1937.6,-1733.69,1.0361,2
24440,-1924.5,-1714.36,0.9997,2
24450,-1910.9,-1694.49,0.9802,2
24460,-1897.18,-1674.26,0.9652,2
24470,-1882.97,-1653.46,0.9462,2
24480,-1868.12,-1632.71,0.9179,2
24490,-1852.5,-1611.67,0.9064,2
24500,-1836.07,-1590.85,0.8916,2
24510,-1818.43,-1570.14,0.873,2
24520,-1799.52,-1550.12,0.838,2
24530,-1779.59,-1530.68,0.8045,2
24540,-1758.85,-1511.18,0.7821,2
24550,-1737.95,-1491.43,0.7697,2
24560,-1717.21,-1470.63,0.7805,2
24570,-1696.97,-1448.91,0.7973,2
24580,-1676.69,-1426.42,0.8054,2
24590,-1655.87,-1404.5,0.7838,2
24600,-1634.24,-1384.04,0.7436,2
24610,-1611.31,-1365.03,0.6976,2
24620,-1587.23,-1347.43,0.6539,2
24630,-1562.5,-1330.26,0.6376,2
24640,-1537.89,-1312.95,0.641,2
24650,-1514.09,-1295.24,0.6545,2
24660,-1491.31,-1277.6,0.6546,2
24670,-1468.65,-1259.8,0.644,2
24680,-1445.82,-1242.24,0.625,2
24690,-1422.4,-1225.45,0.5938,2
24700,-1397.87,-1209.21,0.5706,2
24710,-1372.49,-1193.75,0.5515,2
24720,-1346.06,-1178.89,0.5342,2
24730,-1319.37,-1165.15,0.5066,2
24740,-1292.78,-1152.16,0.4826,2
24750,-1266.21,-1139.17,0.4693,2
24760,-1239.74,-1125.85,0.4617,2
24770,-1213.39,-1111.67,0.4713,2
24780,-1186.79,-1096.74,0.4802,2
24790,-1160.44,-1082.11,0.4781,2
24800,-1134.22,-1069.02,0.4473,2
24810,-1107.22,-1057.63,0.4021,2
24820,-1079.58,-1047.94,0.3571,2
24830,-1051.49,-1039.59,0.3194,2
24840,-1022.77,-1031.27,0.3112,2
24850,-993.98,-1022.17,0.3234,2
24860,-965.06,-1011.84,0.3419,2
24870,-936.73,-1001.08,0.3435,2
24880,-908.73,-990.59,0.3282,2
24890,-880.46,-980.89,0.301,2
24900,-851.72,-972.62,0.2625,2
24910,-822.35,-965.65,0.2345,2
24920,-792.44,-959.66,0.2168,2
24930,-762.98,-954.42,0.2059,2
24940,-733.83,-949.74,0.1896,2
24950,-705.11,-945.25,0.1733,2
24960,-676.44,-940.54,0.164,2
24970,-647.78,-935.55,0.1549,2
24980,-618.88,-930.17,0.1547,2
24990,0.0,0.0,0.155,3
25000,29.84,5.25,0.1495,3
25010,59.66,7.86,0.1019,3
25020,89.16,8.73,0.0588,3
25030,118.67,8.66,0.028,3
25040,148.19,8.46,0.0109,3
25050,178.28,9.2,0.0213,3
25060,208.58,11.14,0.0409,3
25070,238.44,13.51,0.0477,3
25080,267.52,14.43,0.0076,3
25090,296.57,13.21,-0.0454,3
25100,325.46,9.74,-0.1008,3
25110,354.81,5.14,-0.1239,3
25120,384.52,0.81,-0.1187,3
25130,414.91,-2.5,-0.1029,3
25140,445.98,-4.93,-0.0957,3
25150,477.91,-7.11,-0.0992,3
25160,510.32,-10.19,-0.1199,3
25170,543.09,-14.75,-0.1415,3
25180,576.12,-20.96,-0.1656,3
25190,609.56,-28.0,-0.1764,3
25200,643.63,-34.47,-0.1663,3
25210,678.46,-39.32,-0.1415,3
25220,713.98,-42.63,-0.1189,3
25230,750.01,-45.68,-0.1145,3
25240,786.39,-50.06,-0.1321,3
25250,822.96,-56.47,-0.159,3
25260,859.78,-64.17,-0.1753,3
25270,897.14,-71.48,-0.1688,3
25280,935.28,-77.01,-0.1442,3
25290,974.32,-80.74,-0.1198,3
25300,1013.84,-84.03,-0.1137,3
25310,1053.67,-88.69,-0.1305,3
25320,1093.63,-95.56,-0.1575,3
25330,1133.77,-103.91,-0.1747,3
25340,1174.41,-111.9,-0.1692,3
25350,1215.8,-117.99,-0.1451,3
25360,1257.88,-122.07,-0.1202,3
25370,1300.34,-125.57,-0.1132,3
25380,1342.66,-130.43,-0.1291,3
25390,1384.64,-137.56,-0.1561,3
25400,1426.36,-146.2,-0.1741,3
25410,1468.15,-154.46,-0.1696,3
25420,1510.28,-160.75,-0.1459,3
25430,1552.66,-164.88,-0.1207,3
25440,1595.13,-168.36,-0.1126,3
25450,1637.45,-173.1,-0.1276,3
25460,1679.44,-180.13,-0.1546,3
25470,1721.17,-188.72,-0.1733,3
25480,1762.95,-197.02,-0.1699,3
25490,1805.06,-203.4,-0.1468,3
25500,1847.46,-207.62,-0.1212,3
25510,1889.93,-211.07,-0.1121,3
25520,1932.28,-215.7,-0.1262,3
25530,1974.32,-222.62,-0.153,3
25540,2016.05,-231.18,-0.1725,3
25550,2057.84,-239.54,-0.1701,3
25560,2099.95,-246.0,-0.1476,3
25570,2142.32,-250.27,-0.1217,3
25580,2184.79,-253.7,-0.1116,3
25590,2227.15,-258.25,-0.1248,3
25600,2269.2,-265.03,-0.1515,3
25610,2310.95,-273.51,-0.1717,3
25620,2352.73,-281.9,-0.1704,3
25630,2394.82,-288.44,-0.1485,3
25640,2437.2,-292.77,-0.1223,3
25650,2479.69,-296.19,-0.1112,3
25660,2522.04,-300.63,-0.1235,3
25670,2564.11,-307.31,-0.15,3
25680,2605.89,-315.74,-0.1709,3
25690,2647.67,-324.16,-0.1706,3
25700,2689.73,-330.8,-0.1494,3
25710,2732.11,-335.22,-0.1229,3
25720,2774.6,-338.6,-0.1108,3
25730,2816.98,-342.95,-0.1222,3
25740,2859.07,-349.51,-0.1484,3
25750,2900.84,-357.87,-0.17,3
25760,2942.6,-366.3,-0.1708,3
25770,2984.64,-373.0,-0.1502,3
25780,3027.01,-377.46,-0.1235,3
25790,3069.51,-380.83,-0.1105,3
25800,3111.91,-385.08,-0.1209,3
25810,3154.01,-391.51,-0.1468,3
25820,3195.82,-399.83,-0.169,3
25830,3237.58,-408.32,-0.1709,3
25840,3279.63,-415.13,-0.151,3
25850,3321.99,-419.65,-0.1242,3
25860,3364.45,-423.02,-0.1103,3
25870,3406.86,-427.18,-0.1196,3
25880,3448.99,-433.52,-0.1453,3
25890,3490.79,-441.77,-0.1681,3
25900,3532.55,-450.27,-0.171,3
25910,3574.59,-457.15,-0.1518,3
25920,3616.93,-461.77,-0.1248,3
25930,3659.43,-465.14,-0.11,3
25940,3701.83,-469.2,-0.1184,3
25950,3743.95,-475.4,-0.1437,3
25960,3785.78,-483.56,-0.167,3
25970,3827.54,-492.07,-0.171,3
25980,3869.57,-499.06,-0.1526,3
25990,3911.91,-503.73,-0.1255,3
26000,3954.39,-507.09,-0.1099,3
26010,3996.81,-511.08,-0.1172,3
26020,4038.96,-517.18,-0.1421,3
26030,4080.79,-525.27,-0.1659,3
26040,4122.54,-533.78,-0.171,3
26050,4164.54,-540.83,-0.1534,3
26060,4206.87,-545.59,-0.1262,3
26070,4249.35,-548.95,-0.1097,3
26080,4291.78,-552.84,-0.116,3
26090,4333.96,-558.81,-0.1405,3
26100,4375.79,-566.83,-0.1648,3
26110,4417.52,-575.37,-0.1709,3
26120,4459.51,-582.49,-0.1541,3
26130,4501.83,-587.34,-0.127,3
26140,4544.3,-590.71,-0.1096,3
26150,4586.73,-594.54,-0.1149,3
26160,4628.9,-600.4,-0.1389,3
26170,4670.77,-608.35,-0.1637,3
26180,4712.52,-616.88,-0.1708,3
26190,4754.51,-624.08,-0.1549,3
26200,4796.82,-629.0,-0.1278,3
26210,4839.3,-632.4,-0.1096,3
26220,4881.75,-636.13,-0.1139,3
26230,4923.96,-641.86,-0.1373,3
26240,4965.83,-649.72,-0.1625,3
26250,5007.56,-658.25,-0.1706,3
26260,5049.55,-665.53,-0.1556,3
26270,5091.85,-670.54,-0.1285,3
26280,5134.32,-673.93,-0.1096,3
26290,5176.78,-677.62,-0.1128,3
26300,5219.01,-683.25,-0.1357,3
26310,5260.91,-691.02,-0.1613,3
26320,5302.65,-699.54,-0.1704,3
26330,5344.61,-706.88,-0.1563,3
26340,5386.91,-711.97,-0.1294,3
26350,5429.37,-715.4,-0.1097,3
26360,5471.83,-719.01,-0.1119,3
26370,5514.06,-724.51,-0.1342,3
26380,5555.97,-732.19,-0.1601,3
26390,5597.71,-740.73,-0.1702,3
26400,5639.65,-748.16,-0.157,3
26410,5681.93,-753.34,-0.1302,3
26420,5724.39,-756.78,-0.1098,3
26430,5766.84,-760.32,-0.1109,3
26440,5809.1,-765.71,-0.1327,3
26450,5851.0,-773.3,-0.1588,3
26460,5892.76,-781.83,-0.1699,3
26470,5934.69,-789.39,-0.1581,3
26480,5976.93,-794.78,-0.1326,3
26490,6019.38,-798.37,-0.1113,3
26500,6061.84,-801.71,-0.1083,3
26510,6104.16,-806.43,-0.1247,3
26520,6146.21,-813.25,-0.1494,3
26530,6188.01,-821.53,-0.167,3
26540,6229.81,-829.86,-0.1673,3
26550,6271.83,-836.79,-0.1508,3
26560,6314.15,-841.77,-0.1275,3
26570,6356.61,-845.28,-0.1101,3
26580,6399.09,-848.56,-0.1074,3
26590,6441.35,-852.89,-0.12,3
26600,6482.83,-858.91,-0.141,3
26610,6523.46,-866.39,-0.1602,3
26620,6563.67,-874.56,-0.1689,3
26630,6603.35,-882.19,-0.1638,3
26640,6642.63,-888.41,-0.1473,3
26650,6681.82,-892.96,-0.1264,3
26660,6720.53,-896.19,-0.1103,3
26670,6758.61,-899.08,-0.1064,3
26680,6796.3,-902.72,-0.1169,3
26690,6833.16,-907.78,-0.1369,3
26700,6869.12,-914.22,-0.1571,3
26710,6904.6,-921.45,-0.1704,3
26720,6939.36,-928.73,-0.1789,3
26730,6973.54,-935.19,-0.1749,3
26740,7007.55,-940.55,-0.1657,3
26750,7040.97,-944.87,-0.1544,3
26760,7074.08,-948.8,-0.149,3
26770,7106.31,-953.57,-0.1699,3
26780,7137.79,-960.29,-0.2138,3
26790,7168.77,-969.06,-0.259,3
26800,7199.29,-979.37,-0.2963,3
26810,7230.29,-989.98,-0.3,3
26820,7261.81,-999.83,-0.2866,3
26830,7293.8,-1009.04,-0.2847,3
26840,7325.93,-1017.79,-0.289,3
26850,7358.01,-1026.74,-0.3034,3
26860,7390.06,-1036.76,-0.329,3
26870,7421.57,-1047.74,-0.3452,3
26880,7451.9,-1059.76,-0.3662,3
26890,7481.18,-1073.3,-0.4065,3
26900,7509.98,-1087.79,-0.4349,3
26910,7538.69,-1102.44,-0.4496,3
26920,7567.9,-1116.66,-0.4488,3
26930,7598.17,-1129.93,-0.429,3
26940,7628.79,-1142.52,-0.4196,3
26950,7658.5,-1155.52,-0.4424,3
26960,7687.54,-1169.91,-0.4782,3
26970,7715.62,-1186.09,-0.5212,3
26980,7743.06,-1203.87,-0.5544,3
26990,7770.29,-1222.32,-0.5647,3
27000,7796.85,-1240.39,-0.569,3
27010,7823.14,-1258.15,-0.5793,3
27020,7849.69,-1275.48,-0.5837,3
27030,7876.45,-1292.53,-0.5906,3
27040,7903.52,-1309.66,-0.5957,3
27050,7930.81,-1327.36,-0.6011,3
27060,7957.18,-1345.7,-0.6174,3
27070,7981.74,-1365.17,-0.6593,3
27080,8005.15,-1386.0,-0.7006,3
27090,8027.83,-1407.6,-0.7303,3
27100,8050.59,-1429.56,-0.7449,3
27110,8074.32,-1450.89,-0.7272,3
27120,8098.85,-1471.23,-0.7075,3
27130,8123.42,-1490.89,-0.7033,3
27140,8147.26,-1510.81,-0.7265,3
27150,8170.11,-1531.82,-0.763,3
27160,8191.59,-1554.27,-0.8082,3
27170,8212.09,-1577.95,-0.8383,3
27180,8232.42,-1602.54,-0.8496,3
27190,8252.82,-1627.05,-0.8481,3
27200,8273.02,-1651.17,-0.8591,3
27210,8293.55,-1674.96,-0.864,3
27220,8314.37,-1698.55,-0.8713,3
27230,8335.31,-1722.42,-0.8825,3
27240,8356.2,-1746.76,-0.8877,3
27250,8376.04,-1771.44,-0.9035,3
27260,8394.05,-1796.51,-0.9387,3
27270,8410.55,-1822.61,-0.9805,3
27280,8426.08,-1849.28,-1.0118,3
27290,8441.37,-1876.1,-1.0298,3
27300,8457.73,-1902.93,-1.0175,3
27310,8475.47,-1929.56,-0.9975,3
27320,8493.88,-1955.77,-0.9868,3
27330,8511.55,-1982.0,-1.0089,3
27340,8527.97,-2009.0,-1.0444,3
27350,8542.65,-2037.0,-1.0883,3
27360,8555.91,-2066.02,-1.124,3
27370,8568.68,-2095.86,-1.1355,3
27380,8581.28,-2125.14,-1.135,3
27390,8593.95,-2153.94,-1.1391,3
27400,8606.85,-2182.2,-1.1448,3
27410,8620.11,-2210.3,-1.1517,3
27420,8633.19,-2238.53,-1.1677,3
27430,8646.08,-2267.15,-1.175,3
27440,8658.29,-2296.66,-1.1905,3
27450,8668.91,-2326.4,-1.2186,3
27460,8677.65,-2356.33,-1.2614,3
27470,8685.28,-2386.55,-1.2926,3
27480,8692.6,-2416.85,-1.3102,3
27490,8700.65,-2447.29,-1.3055,3
27500,8709.96,-2477.64,-1.2858,3
27510,8720.12,-2507.59,-1.2712,3
27520,8729.81,-2537.3,-1.2869,3
27530,8738.08,-2566.98,-1.321,3
27540,8744.51,-2597.11,-1.365,3
27550,8748.93,-2627.61,-1.4113,3
27560,8752.52,-2658.83,-1.4264,3
27570,8756.12,-2690.32,-1.4268,3
27580,8760.32,-2722.28,-1.4241,3
27590,8765.01,-2754.0,-1.4284,3
27600,8770.1,-2785.65,-1.4351,3
27610,8774.85,-2817.39,-1.4537,3
27620,8778.98,-2849.16,-1.4649,3
27630,8781.75,-2880.3,-1.4853,3
27640,8782.58,-2910.77,-1.5242,3
27650,8781.77,-2941.23,-1.5664,3
27660,8780.36,-2971.66,-1.5918,3
27670,8779.48,-3002.4,-1.5942,3
27680,8780.01,-3033.72,-1.5711,3
27690,8781.39,-3065.6,-1.5584,3
27700,8781.8,-3097.77,-1.5846,3
27710,8780.36,-3130.45,-1.6243,3
27720,8776.73,-3163.52,-1.6683,3
27730,8771.65,-3196.92,-1.6939,3
27740,8766.04,-3230.5,-1.7058,3
27750,8760.75,-3264.65,-1.7046,3
27760,8756.42,-3299.18,-1.695,3
27770,8753.1,-3334.35,-1.6838,3
27780,8750.55,-3369.85,-1.6723,3
27790,8747.95,-3405.83,-1.6726,3
27800,8744.52,-3441.96,-1.6837,3
27810,8739.77,-3478.43,-1.7012,3
27820,8733.71,-3514.96,-1.7187,3
27830,8726.83,-3551.11,-1.7305,3
27840,8719.81,-3586.9,-1.7333,3
27850,8713.31,-3622.43,-1.7268,3
27860,8707.86,-3657.43,-1.7135,3
27870,8703.59,-3692.25,-1.6974,3
27880,8700.37,-3726.82,-1.6828,3
27890,8697.83,-3761.1,-1.6732,3
27900,8695.5,-3795.02,-1.6704,3
27910,8692.92,-3828.57,-1.6746,3
27920,8689.74,-3861.3,-1.6843,3
27930,8685.77,-3893.56,-1.6973,3
27940,8680.99,-3925.33,-1.7107,3
27950,8675.57,-3956.6,-1.7221,3
27960,8669.71,-3987.39,-1.7298,3
27970,8663.77,-4017.76,-1.7328,3
27980,8657.98,-4047.75,-1.7309,3
27990,8652.61,-4077.81,-1.7242,3
28000,8647.96,-4107.57,-1.7136,3
28010,8644.11,-4137.03,-1.701,3
28020,8641.02,-4166.16,-1.6888,3
28030,8638.57,-4194.93,-1.6785,3
28040,8636.54,-4223.29,-1.6717,3
28050,8634.65,-4251.23,-1.6696,3
28060,8632.61,-4278.69,-1.6729,3
28070,8630.17,-4305.67,-1.6808,3
28080,8627.22,-4332.15,-1.6916,3
28090,8623.66,-4358.07,-1.7038,3
28100,8619.58,-4383.41,-1.7156,3
28110,8614.98,-4408.19,-1.7295,3
28120,8609.8,-4432.35,-1.7514,3
28130,8604.32,-4455.92,-1.7683,3
28140,8598.82,-4478.94,-1.7798,3
28150,8593.49,-4501.45,-1.7868,3
28160,8588.47,-4523.45,-1.7908,3
28170,8583.39,-4544.89,-1.812,3
28180,8578.19,-4565.95,-1.8333,3
28190,8572.78,-4586.37,-1.8573,3
28200,8567.05,-4606.1,-1.8851,3
28210,8560.83,-4625.02,-1.918,3
28220,8553.99,-4643.03,-1.9563,3
28230,8546.28,-4659.98,-2.0114,3
28240,8537.38,-4676.87,-2.0555,3
28250,8527.33,-4693.64,-2.0991,3
28260,8516.19,-4710.24,-2.1398,3
28270,8504.7,-4725.81,-2.1771,3
28280,8493.01,-4740.41,-2.2143,3
28290,8480.49,-4754.94,-2.2533,3
28300,8467.46,-4769.58,-2.2777,3
28310,8453.98,-4784.42,-2.2981,3
28320,8440.57,-4798.96,-2.3169,3
28330,8427.06,-4813.39,-2.3363,3
28340,8413.71,-4827.09,-2.3674,3
28350,8400.5,-4840.01,-2.3973,3
28360,8386.57,-4852.85,-2.4278,3
28370,8371.82,-4865.46,-2.4623,3
28380,8356.14,-4877.64,-2.5009,3
28390,8339.46,-4889.21,-2.5432,3
28400,8322.21,-4899.46,-2.6008,3
28410,8304.41,-4908.69,-2.6462,3
28420,8285.75,-4917.16,-2.6887,3
28430,8266.86,-4924.78,-2.7263,3
28440,8248.33,-4931.6,-2.7587,3
28450,8230.26,-4937.83,-2.786,3
28460,8212.68,-4943.39,-2.8217,3
28470,8194.62,-4948.97,-2.8413,3
28480,8176.08,-4954.54,-2.8601,3
28490,8157.03,-4960.07,-2.8805,3
28500,8137.74,-4965.33,-2.9045,3
28510,8118.9,-4969.81,-2.9398,3
28520,8100.54,-4973.31,-2.9812,3
28530,8081.57,-4976.02,-3.0205,3
28540,8062.03,-4977.78,-3.0623,3
28550,8042.32,-4978.45,-3.1052,3
28560,8023.23,-4978.07,-3.1482,3
28570,8004.86,-4976.49,-3.2034,3
28580,7986.1,-4974.03,-3.2422,3
28590,7966.98,-4970.83,-3.2755,3
28600,7947.51,-4967.1,-3.3034,3
28610,7927.95,-4963.03,-3.3271,3
28620,7909.05,-4958.9,-3.3482,3
28630,7890.88,-4954.57,-3.38,3
28640,7872.27,-4950.01,-3.399,3
28650,7853.28,-4945.09,-3.4204,3
28660,7833.95,-4939.67,-3.4452,3
28670,7814.38,-4933.55,-3.4747,3
28680,7795.56,-4926.87,-3.5096,3
28690,7777.1,-4918.96,-3.5639,3
28700,7758.75,-4909.81,-3.6091,3
28710,7741.04,-4899.63,-3.6548,3
28720,7723.89,-4888.49,-3.699,3
28730,7708.34,-4877.24,-3.7408,3
28740,7693.85,-4865.67,-3.7832,3
28750,7679.42,-4853.31,-3.8217,3
28760,7664.89,-4840.36,-3.8463,3
28770,7650.49,-4827.25,-3.8667,3
28780,7635.82,-4813.77,-3.885,3
28790,7621.25,-4800.18,-3.9037,3
28800,7607.44,-4786.7,-3.9383,3
28810,7594.37,-4773.41,-3.9649,3
28820,7581.38,-4759.4,-3.9964,3
28830,7568.65,-4744.54,-4.0322,3
28840,7556.53,-4728.93,-4.072,3
28850,7545.65,-4713.21,-4.1157,3
28860,7536.25,-4697.34,-4.1739,3
28870,7527.54,-4680.52,-4.2176,3
28880,7519.47,-4662.88,-4.2577,3
28890,7511.94,-4644.51,-4.2932,3
28900,7505.02,-4625.93,-4.3244,3
28910,7498.7,-4607.81,-4.3511,3
28920,7493.08,-4590.15,-4.3874,3
28930,7487.49,-4571.99,-4.4089,3
28940,7481.89,-4553.35,-4.4301,3
28950,7476.39,-4534.21,-4.4537,3
28960,7471.23,-4514.82,-4.4822,3
28970,7467.11,-4495.85,-4.5304,3
28980,7463.74,-4475.81,-4.5718,3
28990,7461.54,-4455.36,-4.62,3
29000,7460.76,-4435.42,-4.6726,3
29010,7461.31,-4416.1,-4.7261,3
29020,7463.26,-4397.52,-4.7902,3
29030,7466.31,-4378.15,-4.8367,3
29040,7470.09,-4358.47,-4.8752,3
29050,7474.29,-4338.74,-4.9063,3
29060,7478.82,-4319.73,-4.9464,3
29070,7483.47,-4300.94,-4.972,3
29080,7488.61,-4281.83,-5.0022,3
29090,7494.47,-4262.71,-5.0401,3
29100,7500.9,-4245.13,-5.0887,3
29110,7508.85,-4227.7,-5.1539,3
29120,7518.32,-4210.52,-5.2131,3
29130,7529.3,-4193.71,-5.2715,3
29140,7541.81,-4176.9,-5.3231,3
29150,7555.12,-4160.2,-5.354,3
29160,7568.56,-4143.06,-5.3529,3
29170,7582.11,-4124.98,-5.3451,3
29180,7595.38,-4106.26,-5.3341,3
29190,7608.41,-4086.9,-5.3247,3
29200,7621.27,-4066.96,-5.3155,3
29210,7634.12,-4046.15,-5.2968,3
29220,7646.84,-4024.83,-5.2736,3
29230,7659.63,-4003.14,-5.2566,3
29240,7672.55,-3981.33,-5.2424,3
29250,7685.64,-3959.18,-5.2269,3
29260,7699.16,-3936.88,-5.2283,3
29270,7712.59,-3914.36,-5.2194,3
29280,7724.74,-3891.67,-5.1806,3
29290,7735.45,-3868.33,-5.134,3
29300,7744.56,-3844.31,-5.0839,3
29310,7752.24,-3819.41,-5.0362,3
29320,7759.56,-3794.15,-5.0254,3
29330,7766.36,-3769.25,-5.0074,3
29340,7772.8,-3744.78,-4.9858,3
29350,7779.27,-3720.34,-4.9693,3
29360,7785.75,-3695.87,-4.952,3
29370,7792.27,-3671.02,-4.9395,3
29380,7798.78,-3646.31,-4.9398,3
29390,7803.86,-3622.29,-4.8988,3
29400,7807.3,-3597.99,-4.847,3
29410,7808.96,-3573.53,-4.7927,3
29420,7809.05,-3548.96,-4.7419,3
29430,7808.51,-3524.03,-4.7224,3
29440,7807.9,-3498.41,-4.7141,3
29450,7807.28,-3472.45,-4.6999,3
29460,7806.87,-3446.17,-4.6895,3
29470,7806.5,-3419.2,-4.6768,3
29480,7806.0,-3391.89,-4.6633,3
29490,7805.21,-3363.96,-4.6553,3
29500,7802.99,-3336.25,-4.6153,3
29510,7799.05,-3308.75,-4.5699,3
29520,7793.43,-3281.54,-4.5255,3
29530,7786.46,-3254.61,-4.4873,3
29540,7779.11,-3227.46,-4.4794,3
29550,7771.75,-3200.93,-4.4666,3
29560,7764.36,-3174.39,-4.4535,3
29570,7757.13,-3147.84,-4.4441,3
29580,7750.03,-3121.26,-4.4343,3
29590,7742.83,-3094.68,-4.4209,3
29600,7735.5,-3067.48,-4.4178,3
29610,7727.74,-3040.06,-4.4077,3
29620,7719.09,-3013.28,-4.3791,3
29630,7709.32,-2986.89,-4.3476,3
29640,7698.34,-2960.99,-4.3151,3
29650,7686.23,-2935.57,-4.2832,3
29660,7673.1,-2910.64,-4.2533,3
29670,7659.29,-2885.7,-4.237,3
29680,7645.5,-2860.88,-4.2353,3
29690,7631.69,-2836.59,-4.2208,3
29700,7617.89,-2812.34,-4.2105,3
29710,7604.2,-2788.01,-4.2027,3
29720,7590.65,-2763.6,-4.1954,3
29730,7577.18,-2739.19,-4.1863,3
29740,7563.84,-2715.2,-4.1759,3
29750,7550.84,-2691.55,-4.1783,3
29760,7537.68,-2668.51,-4.1648,3
29770,7524.01,-2646.36,-4.138,3
29780,7509.69,-2625.18,-4.1069,3
29790,7494.68,-2605.08,-4.0735,3
29800,7479.11,-2586.08,-4.0408,3
29810,7463.16,-2568.07,-4.0116,3
29820,7447.14,-2550.79,-3.9957,3
29830,7431.46,-2533.93,-3.9938,3
29840,7415.83,-2517.78,-3.9711,3
29850,7400.48,-2502.17,-3.953,3
29860,7385.07,-2486.6,-3.9384,3
29870,7370.04,-2471.44,-3.9247,3
29880,7355.39,-2456.77,-3.9099,3
29890,7340.93,-2442.76,-3.8838,3
29900,7326.53,-2429.57,-3.8536,3
29910,7311.4,-2416.55,-3.822,3
29920,7295.4,-2403.9,-3.7863,3
29930,7278.49,-2391.83,-3.7472,3
29940,7261.48,-2381.03,-3.7051,3
29950,7244.3,-2371.71,-3.6484,3
29960,7226.23,-2363.16,-3.6041,3
29970,7207.34,-2355.34,-3.5637,3
29980,7188.0,-2348.16,-3.5283,3
29990,7169.06,-2341.71,-3.498,3
30000,7150.6,-2335.81,-3.4724,3
30010,7132.65,-2330.47,-3.4389,3
30020,7114.22,-2325.12,-3.4193,3
30030,7095.31,-2319.79,-3.3996,3
30040,7075.89,-2314.6,-3.3776,3
30050,7056.14,-2309.77,-3.3513,3
30060,7036.83,-2305.82,-3.3124,3
30070,7017.99,-2302.94,-3.2682,3
30080,6998.56,-2300.97,-3.2263,3
30090,6978.62,-2300.06,-3.1828,3
30100,6958.64,-2300.26,-3.1392,3
30110,6939.34,-2301.5,-3.0966,3
30120,6920.8,-2303.85,-3.044,3
30130,6901.89,-2306.97,-3.0088,3
30140,6882.64,-2310.72,-2.9793,3
30150,6863.02,-2314.92,-2.955,3
30160,6843.49,-2319.32,-2.9344,3
30170,6824.62,-2323.72,-2.9155,3
30180,6806.47,-2328.29,-2.8842,3
30190,6787.9,-2333.17,-2.8628,3
30200,6768.99,-2338.51,-2.8381,3
30210,6749.78,-2344.46,-2.8095,3
30220,6730.61,-2351.16,-2.776,3
30230,6712.36,-2358.51,-2.7371,3
30240,6694.25,-2367.24,-2.6814,3
30250,6676.31,-2377.24,-2.6353,3
30260,6658.87,-2388.35,-2.5898,3
30270,6642.54,-2400.01,-2.5469,3
30280,6627.23,-2411.99,-2.5077,3
30290,6612.99,-2424.23,-2.4622,3
30300,6598.67,-2437.1,-2.433,3
30310,6584.21,-2450.48,-2.4087,3
30320,6569.53,-2464.25,-2.3867,3
30330,6555.06,-2478.05,-2.364,3
30340,6541.41,-2491.82,-2.3248,3
30350,6528.31,-2505.87,-2.2898,3
30360,6515.56,-2520.85,-2.247,3
30370,6503.66,-2536.7,-2.1971,3
30380,6493.22,-2552.78,-2.1436,3
30390,6484.41,-2569.09,-2.0768,3
30400,6476.28,-2586.77,-2.0264,3
30410,6468.88,-2605.26,-1.9823,3
30420,6462.12,-2624.12,-1.9461,3
30430,6455.96,-2642.51,-1.9166,3
30440,6450.45,-2660.41,-1.8793,3
30450,6444.95,-2678.8,-1.8559,3
30460,6439.53,-2697.7,-1.8316,3
30470,6434.21,-2717.55,-1.8038,3
30480,6429.65,-2737.03,-1.7699,3
30490,6426.13,-2757.13,-1.717,3
30500,6423.72,-2777.84,-1.6698,3
30510,6422.63,-2799.08,-1.6189,3
30520,6422.94,-2820.76,-1.5678,3
30530,6424.61,-2842.79,-1.5186,3
30540,6426.96,-2865.55,-1.4988,3
30550,6429.4,-2888.7,-1.496,3
30560,6431.58,-2912.23,-1.5003,3
30570,6433.3,-2936.16,-1.5098,3
30580,6434.34,-2960.53,-1.5225,3
30590,6433.94,-2984.26,-1.569,3
30600,6432.3,-3007.92,-1.6112,3
30610,6429.79,-3031.5,-1.6461,3
30620,6426.73,-3055.01,-1.6732,3
30630,6423.48,-3077.95,-1.6944,3
30640,6420.2,-3100.33,-1.7149,3
30650,6416.8,-3123.1,-1.7316,3
30660,6413.13,-3146.61,-1.7513,3
30670,6409.08,-3169.61,-1.7762,3
30680,6404.38,-3191.94,-1.808,3
30690,6398.68,-3213.45,-1.8521,3
30700,6391.55,-3234.97,-1.8992,3
30710,6382.93,-3256.35,-1.948,3
30720,6373.02,-3277.24,-1.9941,3
30730,6362.33,-3297.12,-2.0356,3
30740,6350.64,-3316.91,-2.073,3
30750,6338.32,-3336.76,-2.0995,3
30760,6325.63,-3356.81,-2.1198,3
30770,6312.88,-3376.89,-2.1361,3
30780,6300.65,-3396.07,-2.1521,3
30790,6287.98,-3415.41,-2.1759,3
30800,6274.68,-3434.78,-2.2031,3
30810,6260.58,-3453.79,-2.2377,3
30820,6245.59,-3472.06,-2.2783,3
30830,6229.97,-3489.05,-2.323,3
30840,6213.66,-3504.6,-2.3729,3
30850,6195.85,-3519.67,-2.4188,3
30860,6177.01,-3534.04,-2.4602,3
30870,6157.74,-3547.69,-2.4946,3
30880,6138.6,-3560.61,-2.5218,3
30890,6119.79,-3573.01,-2.5463,3
30900,6100.31,-3585.78,-2.565,3
30910,6080.47,-3598.62,-2.5851,3
30920,6060.5,-3611.13,-2.6107,3
30930,6041.05,-3622.39,-2.6476,3
30940,6020.69,-3632.79,-2.6925,3
30950,5999.33,-3641.95,-2.7449,3
30960,5976.89,-3649.67,-2.801,3
30970,5954.47,-3655.68,-2.855,3
30980,5932.27,-3660.33,-2.9038,3
30990,5909.19,-3664.41,-2.9389,3
31000,5885.69,-3668.29,-2.9646,3
31010,5862.91,-3672.02,-2.9854,3
31020,5840.63,-3675.42,-3.013,3
31030,5817.49,-3678.33,-3.0476,3
31040,5794.0,-3680.05,-3.0954,3
31050,5770.41,-3680.01,-3.155,3
31060,5746.15,-3678.34,-3.2023,3
31070,5721.63,-3675.24,-3.2417,3
31080,5696.56,-3671.19,-3.27,3
31090,5670.79,-3667.06,-3.2783,3
31100,5644.56,-3663.84,-3.2608,3
31110,5617.59,-3661.5,-3.2466,3
31120,5589.92,-3659.6,-3.2414,3
31130,5561.96,-3657.25,-3.252,3
31140,5533.5,-3653.83,-3.2708,3
31150,5504.61,-3648.99,-3.2938,3
31160,5475.29,-3643.13,-3.3096,3
31170,5445.39,-3637.18,-3.3091,3
31180,5414.75,-3632.16,-3.2919,3
31190,5383.62,-3628.62,-3.2677,3
31200,5351.81,-3626.07,-3.2507,3
31210,5319.46,-3623.43,-3.2517,3
31220,5286.72,-3619.49,-3.2705,3
31230,5253.73,-3613.51,-3.305,3
31240,5220.53,-3605.91,-3.3358,3
31250,5186.87,-3598.04,-3.3462,3
31260,5152.45,-3591.4,-3.3295,3
31270,5117.23,-3586.39,-3.3047,3
31280,5081.41,-3581.96,-3.2955,3
31290,5045.27,-3576.51,-3.3089,3
31300,5008.77,-3569.0,-3.3355,3
31310,4972.11,-3559.91,-3.3556,3
31320,4934.99,-3550.84,-3.3541,3
31330,4897.09,-3543.3,-3.3321,3
31340,4858.41,-3537.41,-3.3135,3
31350,4819.23,-3531.6,-3.3202,3
31360,4779.92,-3524.04,-3.3502,3
31370,4740.52,-3513.99,-3.3836,3
31380,4701.12,-3502.19,-3.4044,3
31390,4661.31,-3490.29,-3.404,3
31400,4620.62,-3480.01,-3.3826,3
31410,4579.03,-3471.79,-3.3561,3
31420,4537.04,-3464.51,-3.3443,3
31430,4495.23,-3456.29,-3.3558,3
31440,4453.94,-3445.87,-3.382,3
31450,4413.21,-3433.37,-3.4114,3
31460,4372.72,-3420.1,-3.4291,3
31470,4331.96,-3407.72,-3.4263,3
31480,4290.7,-3397.14,-3.4077,3
31490,4249.12,-3387.82,-3.3923,3
31500,4207.63,-3378.15,-3.3966,3
31510,4166.57,-3366.83,-3.4169,3
31520,4126.09,-3353.57,-3.4405,3
31530,4085.98,-3339.24,-3.4535,3
31540,4045.71,-3325.26,-3.449,3
31550,4004.98,-3312.82,-3.4303,3
31560,3963.74,-3302.22,-3.4078,3
31570,3922.21,-3292.66,-3.3973,3
31580,3881.38,-3282.68,-3.4108,3
31590,3841.55,-3271.21,-3.4379,3
31600,3802.72,-3257.69,-3.4717,3
31610,3765.01,-3242.83,-3.4936,3
31620,3728.1,-3227.62,-3.5015,3
31630,3691.34,-3212.88,-3.4966,3
31640,3654.75,-3199.47,-3.4813,3
31650,3617.97,-3187.57,-3.4621,3
31660,3581.15,-3176.95,-3.4461,3
31670,3544.81,-3167.05,-3.4387,3
31680,3508.83,-3157.03,-3.4418,3
31690,3473.75,-3146.34,-3.4538,3
31700,3439.38,-3134.59,-3.4704,3
31710,3405.73,-3121.87,-3.4865,3
31720,3373.02,-3108.65,-3.4975,3
31730,3340.78,-3095.15,-3.5068,3
31740,3308.91,-3081.78,-3.5119,3
31750,3277.2,-3068.92,-3.5105,3
31760,3245.59,-3056.82,-3.5055,3
31770,3214.09,-3045.47,-3.5001,3
31780,3183.1,-3034.93,-3.4935,3
31790,3152.33,-3024.88,-3.487,3
31800,3121.92,-3014.99,-3.4869,3
31810,3092.01,-3004.87,-3.4929,3
31820,3062.7,-2994.24,-3.5033,3
31830,3034.04,-2983.0,-3.5165,3
31840,3006.07,-2971.14,-3.5301,3
31850,2978.76,-2958.82,-3.5411,3
31860,2951.97,-2946.34,-3.5474,3
31870,2925.59,-2933.99,-3.5482,3
31880,2899.48,-2922.07,-3.5434,3
31890,2873.55,-2910.82,-3.5336,3
31900,2847.74,-2900.45,-3.5204,3
31910,2822.08,-2890.95,-3.5065,3
31920,2796.62,-2882.19,-3.495,3
31930,2771.47,-2873.95,-3.4875,3
31940,2746.75,-2865.98,-3.4851,3
31950,2722.42,-2858.25,-3.4765,3
31960,2698.65,-2850.53,-3.4732,3
31970,2675.93,-2842.83,-3.4734,3
31980,2653.83,-2834.96,-3.4746,3
31990,2632.31,-2827.04,-3.4743,3
32000,2611.23,-2819.45,-3.4585,3
32010,2590.08,-2812.51,-3.428,3
32020,2568.7,-2806.4,-3.3908,3
32030,2547.03,-2801.42,-3.3484,3
32040,2525.63,-2797.78,-3.3031,3
32050,2504.62,-2795.49,-3.2564,3
32060,2484.11,-2794.62,-3.2024,3
32070,2463.13,-2794.89,-3.1573,3
32080,2441.79,-2796.06,-3.1183,3
32090,2420.6,-2797.84,-3.0862,3
32100,2400.04,-2799.94,-3.0599,3
32110,2380.14,-2802.31,-3.032,3
32120,2359.8,-2804.85,-3.0128,3
32130,2339.05,-2807.6,-2.9925,3
32140,2317.94,-2810.68,-2.9694,3
32150,2296.72,-2814.29,-2.9417,3
32160,2276.22,-2818.55,-2.9077,3
32170,2256.15,-2823.88,-2.8596,3
32180,2236.04,-2830.49,-2.8129,3
32190,2215.97,-2838.49,-2.765,3
32200,2196.66,-2847.55,-2.7187,3
32210,2178.4,-2857.34,-2.6754,3
32220,2161.16,-2867.71,-2.6298,3
32230,2143.91,-2878.88,-2.5958,3
32240,2126.55,-2890.69,-2.5676,3
32250,2109.02,-2902.96,-2.5445,3
32260,2091.28,-2915.54,-2.5242,3
32270,2074.1,-2927.92,-2.504,3
32280,2057.61,-2940.23,-2.4761,3
32290,2041.03,-2953.14,-2.4491,3
32300,2024.57,-2966.87,-2.4159,3
32310,2008.43,-2981.57,-2.3776,3
32320,1993.34,-2996.85,-2.3352,3
32330,1979.66,-3012.63,-2.2831,3
32340,1967.35,-3028.76,-2.2344,3
32350,1955.77,-3045.94,-2.1878,3
32360,1944.8,-3064.02,-2.1466,3
32370,1934.59,-3082.25,-2.1122,3
32380,1925.09,-3100.19,-2.0836,3
32390,1915.77,-3118.7,-2.0542,3
32400,1906.4,-3137.65,-2.0333,3
32410,1896.96,-3157.03,-2.0132,3
32420,1887.81,-3176.34,-1.9918,3
32430,1879.24,-3195.27,-1.9664,3
32440,1871.57,-3213.95,-1.9285,3
32450,1864.56,-3233.34,-1.8904,3
32460,1858.46,-3253.48,-1.8467,3
32470,1853.47,-3274.34,-1.8004,3
32480,1849.73,-3295.43,-1.7538,3
32490,1847.29,-3316.15,-1.7084,3
32500,1846.05,-3336.34,-1.6594,3
32510,1845.65,-3357.02,-1.6209,3
32520,1845.85,-3378.13,-1.589,3
32530,1846.45,-3399.65,-1.5632,3
32540,1847.27,-3421.23,-1.5412,3
32550,1848.28,-3442.24,-1.5162,3
32560,1849.47,-3462.63,-1.4948,3
32570,1850.98,-3483.44,-1.471,3
32580,1853.1,-3505.05,-1.4419,3
32590,1855.95,-3526.2,-1.4078,3
32600,1859.68,-3546.62,-1.3684,3
32610,1864.55,-3566.17,-1.3171,3
32620,1870.79,-3585.78,-1.2673,3
32630,1878.38,-3605.37,-1.2185,3
32640,1887.18,-3624.9,-1.174,3
32650,1896.61,-3643.6,-1.1355,3
32660,1906.37,-3661.43,-1.0999,3
32670,1916.73,-3679.42,-1.0708,3
32680,1927.48,-3697.68,-1.0493,3
32690,1938.55,-3716.22,-1.0298,3
32700,1949.76,-3734.73,-1.0101,3
32710,1960.9,-3752.59,-0.9873,3
32720,1972.25,-3769.61,-0.9513,3
32730,1984.51,-3786.52,-0.9137,3
32740,1998.04,-3803.35,-0.8711,3
32750,2012.33,-3819.18,-0.8255,3
32760,2027.12,-3833.72,-0.778,3
32770,2042.37,-3846.85,-0.7255,3
32780,2058.69,-3859.4,-0.6799,3
32790,2075.92,-3871.42,-0.6402,3
32800,2093.87,-3883.07,-0.6062,3
32810,2112.23,-3894.45,-0.5782,3
32820,2130.19,-3905.34,-0.5549,3
32830,2147.78,-3915.68,-0.5267,3
32840,2166.23,-3926.28,-0.502,3
32850,2185.23,-3936.7,-0.4718,3
32860,2204.38,-3946.31,-0.4334,3
32870,2223.53,-3954.53,-0.3806,3
32880,2243.03,-3961.35,-0.3255,3
32890,2263.39,-3966.79,-0.2666,3
32900,2284.52,-3970.79,-0.2084,3
32910,2305.6,-3973.45,-0.156,3
32920,2326.74,-3975.09,-0.1067,3
32930,2348.32,-3976.2,-0.0717,3
32940,2369.75,-3977.06,-0.0429,3
32950,2390.58,-3977.7,-0.0145,3
32960,2411.26,-3977.77,0.0252,3
32970,2432.36,-3976.97,0.0692,3
32980,2454.17,-3974.72,0.1246,3
32990,2476.08,-3970.66,0.1886,3
33000,2498.41,-3964.93,0.2367,3
33010,2520.86,-3958.22,0.2623,3
33020,2543.92,-3950.89,0.2768,3
33030,2567.36,-3943.63,0.2791,3
33040,2591.72,-3936.96,0.264,3
33050,2616.65,-3931.17,0.2446,3
33060,2642.51,-3926.43,0.2102,3
33070,2668.84,-3922.39,0.1828,3
33080,2695.82,-3918.43,0.167,3
33090,2723.09,-3914.16,0.159,3
33100,2750.85,-3908.94,0.1718,3
33110,2778.76,-3902.89,0.1852,3
33120,2807.36,-3897.15,0.1671,3
33130,2836.41,-3892.7,0.1306,3
33140,2865.66,-3890.05,0.0859,3
33150,2895.04,-3889.3,0.0396,3
33160,2925.03,-3889.54,0.0204,3
33170,2955.33,-3889.93,0.0178,3
33180,2985.91,-3890.4,0.0058,3
33190,3016.49,-3890.55,-0.0017,3
33200,3047.05,-3890.29,-0.0079,3
33210,3077.65,-3890.01,-0.0203,3
33220,3108.2,-3889.71,-0.0208,3
33230,3138.34,-3890.01,-0.0305,3
33240,3167.57,-3892.01,-0.0721,3
33250,3196.61,-3895.81,-0.1158,3
33260,3225.41,-3901.09,-0.154,3
33270,3254.06,-3907.31,-0.1827,3
33280,3283.01,-3913.55,-0.1864,3
33290,3312.4,-3919.11,-0.1736,3
33300,3342.45,-3924.0,-0.1643,3
33310,3372.14,-3928.57,-0.1705,3
33320,3401.8,-3933.14,-0.181,3
33330,3431.41,-3938.13,-0.1979,3
33340,3460.88,-3943.9,-0.2214,3
33350,3490.13,-3950.7,-0.2463,3
33360,3519.76,-3958.41,-0.2592,3
33370,3549.46,-3966.98,-0.2727,3
33380,3578.76,-3976.42,-0.2914,3
33390,3607.37,-3986.67,-0.3158,3
33400,3635.73,-3997.55,-0.335,3
33410,3663.97,-4008.8,-0.349,3
33420,3692.13,-4020.13,-0.3584,3
33430,3720.29,-4031.38,-0.3644,3
33440,3748.12,-4042.26,-0.3684,3
33450,3775.82,-4052.37,-0.3579,3
33460,3803.33,-4061.76,-0.347,3
33470,3830.58,-4070.57,-0.339,3
33480,3857.42,-4079.27,-0.3445,3
33490,3883.69,-4088.24,-0.3596,3
33500,3909.74,-4097.82,-0.3794,3
33510,3935.04,-4108.06,-0.4036,3
33520,3959.52,-4119.06,-0.4312,3
33530,3983.09,-4130.88,-0.4604,3
33540,4005.79,-4143.39,-0.4882,3
33550,4027.85,-4156.05,-0.4973,3
33560,4049.32,-4168.72,-0.5029,3
33570,4070.32,-4181.17,-0.5039,3
33580,4091.06,-4193.09,-0.4939,3
33590,4111.59,-4204.29,-0.4791,3
33600,4131.95,-4214.7,-0.462,3
33610,4152.09,-4224.25,-0.4436,3
33620,4172.51,-4233.18,-0.4248,3
33630,4192.65,-4241.35,-0.4075,3
33640,4212.62,-4248.39,-0.3685,3
33650,4232.27,-4254.52,-0.3335,3
33660,4251.47,-4259.93,-0.3035,3
33670,4270.16,-4264.83,-0.2779,3
33680,4288.27,-4269.37,-0.2555,3
33690,4305.77,-4273.54,-0.2326,3
33700,4322.68,-4277.15,-0.1961,3
33710,4340.14,-4280.66,-0.1747,3
33720,4358.15,-4283.93,-0.1507,3
33730,4376.36,-4286.74,-0.1229,3
33740,4393.97,-4288.85,-0.0902,3
33750,4411.65,-4290.2,-0.0519,3
33760,4428.69,-4290.25,0.0094,3
33770,4446.19,-4289.36,0.0536,3
33780,4464.13,-4287.42,0.098,3
33790,4482.41,-4284.41,0.1416,3
33800,4500.98,-4280.44,0.1826,3
33810,4519.17,-4275.68,0.2249,3
33820,4536.5,-4270.39,0.267,3
33830,4554.2,-4264.63,0.2913,3
33840,4572.25,-4258.52,0.3119,3
33850,4589.83,-4252.39,0.3305,3
33860,4606.73,-4246.39,0.3489,3
33870,4623.56,-4240.17,0.3727,3
33880,4639.54,-4233.7,0.4116,3
33890,4655.85,-4226.66,0.4398,3
33900,4672.33,-4218.86,0.4725,3
33910,4688.9,-4210.13,0.5104,3
33920,4705.41,-4200.3,0.5532,3
33930,4720.99,-4189.47,0.6116,3
33940,4735.6,-4177.77,0.6661,3
33950,4749.86,-4164.91,0.7128,3
33960,4763.44,-4151.34,0.7566,3
33970,4775.98,-4137.69,0.7957,3
33980,4787.58,-4124.14,0.8355,3
33990,4798.32,-4110.78,0.8767,3
34000,4809.52,-4096.51,0.9016,3
34010,4820.87,-4081.74,0.9261,3
34020,4832.14,-4066.61,0.9536,3
34030,4842.34,-4051.55,1.0064,3
34040,4852.11,-4035.64,1.0498,3
34050,4861.14,-4018.71,1.1022,3
34060,4868.65,-4001.74,1.1615,3
34070,4874.48,-3984.87,1.2281,3
34080,4878.77,-3967.76,1.3017,3
34090,4882.1,-3949.92,1.3553,3
34100,4884.73,-3931.47,1.4,3
34110,4886.84,-3913.36,1.4383,3
34120,4888.69,-3894.74,1.473,3
34130,4890.55,-3875.64,1.4923,3
34140,4892.17,-3855.62,1.5186,3
34150,4893.09,-3835.11,1.5561,3
34160,4893.5,-3813.74,1.571,3
34170,4893.12,-3791.97,1.5895,3
34180,4891.74,-3769.43,1.6139,3
34190,4889.21,-3746.59,1.6505,3
34200,4886.04,-3723.07,1.6752,3
34210,4882.8,-3698.83,1.6873,3
34220,4880.09,-3674.14,1.683,3
34230,4878.24,-3648.69,1.6649,3
34240,4876.85,-3622.85,1.6553,3
34250,4874.75,-3596.39,1.6772,3
34260,4871.18,-3569.75,1.7175,3
34270,4865.73,-3542.77,1.764,3
34280,4858.47,-3515.53,1.8072,3
34290,4850.69,-3488.12,1.8157,3
34300,4843.09,-3460.02,1.8096,3
34310,4836.14,-3431.45,1.8014,3
34320,4829.52,-3402.18,1.8052,3
34330,4823.03,-3372.59,1.814,3
34340,4815.93,-3342.54,1.8339,3
34350,4807.84,-3312.16,1.8536,3
34360,4798.6,-3281.83,1.8713,3
34370,4788.32,-3252.28,1.8909,3
34380,4776.73,-3223.63,1.9269,3
34390,4764.29,-3195.37,1.9548,3
34400,4751.73,-3167.18,1.9701,3
34410,4739.43,-3138.53,1.9755,3
34420,4728.15,-3109.18,1.9563,3
34430,4717.35,-3079.03,1.9447,3
34440,4706.37,-3049.61,1.9569,3
34450,4693.91,-3020.79,1.9955,3
34460,4679.54,-2992.89,2.0415,3
34470,4663.47,-2965.91,2.0853,3
34480,4646.44,-2938.86,2.1016,3
34490,4629.92,-2912.09,2.0969,3
34500,4614.38,-2885.19,2.0842,3
34510,4599.44,-2858.46,2.0903,3
34520,4584.65,-2831.62,2.1009,3
34530,4569.39,-2805.03,2.123,3
34540,4552.95,-2778.48,2.148,3
34550,4535.41,-2752.32,2.1661,3
34560,4516.72,-2726.72,2.1861,3
34570,4496.96,-2702.41,2.2243,3
34580,4476.55,-2678.68,2.2511,3
34590,4456.09,-2655.0,2.2648,3
34600,4435.9,-2630.72,2.2655,3
34610,4416.31,-2605.24,2.2466,3
34620,4397.09,-2579.14,2.2361,3
34630,4377.71,-2554.13,2.2585,3
34640,4357.01,-2530.21,2.298,3
34650,4334.78,-2507.72,2.3437,3
34660,4311.05,-2486.38,2.385,3
34670,4286.8,-2465.2,2.3922,3
34680,4262.77,-2443.68,2.3862,3
34690,4239.4,-2422.03,2.3859,3
34700,4216.68,-2400.29,2.3907,3
34710,4194.08,-2378.43,2.4006,3
34720,4171.08,-2356.97,2.4218,3
34730,4147.21,-2335.61,2.4341,3
34740,4122.36,-2314.97,2.4522,3
34750,4097.08,-2296.03,2.4826,3
34760,4070.99,-2278.5,2.5209,3
34770,4044.44,-2261.69,2.5474,3
34780,4017.88,-2244.91,2.5609,3
34790,3991.62,-2227.13,2.5489,3
34800,3965.63,-2208.01,2.5295,3
34810,3939.92,-2188.81,2.5313,3
34820,3913.86,-2170.82,2.5632,3
34830,3886.75,-2154.44,2.6065,3
34840,3858.59,-2139.96,2.6532,3
34850,3829.41,-2126.21,2.6734,3
34860,3800.6,-2112.82,2.6759,3
34870,3772.29,-2099.33,2.678,3
34880,3744.55,-2085.62,2.6847,3
34890,3716.97,-2071.57,2.6925,3
34900,3689.27,-2057.75,2.7108,3
34910,3660.88,-2044.07,2.718,3
34920,3631.46,-2031.26,2.7387,3
34930,3600.71,-2020.33,2.7852,3
34940,3569.17,-2011.0,2.8246,3
34950,3536.92,-2002.28,2.8489,3
34960,3504.38,-1992.65,2.8407,3
34970,3473.03,-1981.73,2.8174,3
34980,3442.13,-1970.67,2.8257,3
34990,3410.98,-1960.34,2.8513,3
35000,3379.25,-1951.88,2.8948,3
35010,3346.6,-1945.09,2.926,3
35020,3313.17,-1939.5,2.9472,3
35030,3279.67,-1934.83,2.9742,3
35040,3246.24,-1929.83,2.9829,3
35050,3212.69,-1923.94,2.9827,3
35060,3178.8,-1916.89,2.9672,3
35070,3144.31,-1910.41,2.9814,3
35080,3108.99,-1906.06,3.0217,3
35090,3072.96,-1904.07,3.0642,3
35100,3036.39,-1902.94,3.0796,3
35110,2999.15,-1900.73,3.0655,3
35120,2961.64,-1896.49,3.0387,3
35130,2923.84,-1890.71,3.0193,3
35140,2885.57,-1885.0,3.0209,3
35150,2846.65,-1880.82,3.0418,3
35160,2807.1,-1878.58,3.067,3
35170,2767.05,-1877.36,3.0799,3
35180,2726.6,-1875.54,3.0729,3
35190,2685.84,-1871.93,3.051,3
35200,2644.86,-1866.38,3.028,3
35210,2603.58,-1859.9,3.0175,3
35220,2561.98,-1854.11,3.0262,3
35230,2519.77,-1850.19,3.0491,3
35240,2477.19,-1848.62,3.082,3
35250,2434.72,-1848.22,3.1011,3
35260,2392.86,-1847.41,3.1011,3
35270,2351.69,-1844.86,3.0809,3
35280,2311.25,-1840.58,3.0595,3
35290,2271.48,-1835.71,3.0511,3
35300,2232.26,-1831.67,3.0607,3
35310,2193.22,-1829.43,3.0833,3
35320,2154.74,-1829.41,3.1182,3
35330,2116.61,-1830.83,3.1474,3
35340,2078.5,-1832.2,3.1572,3
35350,2040.13,-1832.15,3.1438,3
35360,2001.32,-1830.45,3.1225,3
35370,1962.43,-1828.24,3.1164,3
35380,1924.17,-1827.08,3.1293,3
35390,1886.55,-1827.76,3.1537,3
35400,1849.67,-1830.4,3.1858,3
35410,1812.91,-1834.11,3.2118,3
35420,1776.09,-1837.49,3.2185,3
35430,1738.73,-1839.58,3.207,3
35440,1700.82,-1840.3,3.1887,3
35450,1662.66,-1840.86,3.1866,3
35460,1624.09,-1842.61,3.202,3
35470,1585.2,-1846.29,3.2262,3
35480,1546.89,-1851.6,3.2509,3
35490,1509.03,-1857.74,3.2729,3
35500,1471.11,-1863.37,3.2766,3
35510,1432.81,-1867.8,3.2687,3
35520,1393.9,-1870.95,3.2517,3
35530,1354.54,-1874.16,3.252,3
35540,1315.75,-1878.69,3.2695,3
35550,1277.57,-1885.06,3.294,3
35560,1240.25,-1892.69,3.3133,3
35570,1203.73,-1900.83,3.3333,3
35580,1167.07,-1908.34,3.3356,3
35590,1130.2,-1914.81,3.3319,3
35600,1092.7,-1920.3,3.3177,3
35610,1054.78,-1926.16,3.3218,3
35620,1016.68,-1933.63,3.3419,3
35630,979.05,-1942.92,3.366,3
35640,942.31,-1953.02,3.3794,3
35650,905.97,-1963.39,3.3949,3
35660,869.45,-1972.96,3.3946,3
35670,832.46,-1981.62,3.3922,3
35680,794.82,-1989.65,3.3832,3
35690,757.08,-1998.31,3.3908,3
35700,719.34,-2008.69,3.4123,3
35710,682.03,-2020.81,3.4353,3
35720,645.58,-2033.52,3.4461,3
35730,609.75,-2046.01,3.4545,3
35740,573.64,-2057.61,3.4529,3
35750,537.25,-2068.35,3.4512,3
35760,500.3,-2078.8,3.4488,3
35770,463.13,-2090.11,3.4588,3
35780,426.06,-2103.24,3.4814,3
35790,389.76,-2117.9,3.5031,3
35800,354.3,-2132.96,3.5118,3
35810,319.36,-2147.52,3.5131,3
35820,284.42,-2161.21,3.5124,3
35830,249.17,-2174.08,3.5102,3
35840,213.83,-2186.75,3.5166,3
35850,178.11,-2199.78,3.5192,3
35860,142.59,-2213.99,3.5346,3
35870,107.29,-2229.83,3.5552,3
35880,72.25,-2247.0,3.5722,3
35890,37.73,-2264.49,3.5788,3
35900,3.58,-2281.28,3.5731,3
35910,-30.51,-2297.42,3.5732,3
35920,-64.93,-2312.8,3.5705,3
35930,-99.52,-2327.63,3.5706,3
35940,-133.8,-2342.36,3.5787,3
35950,-167.35,-2357.16,3.5853,3
35960,-200.23,-2372.55,3.5967,3
35970,-232.26,-2388.82,3.6127,3
35980,-263.15,-2405.79,3.6288,3
35990,-293.35,-2423.32,3.6405,3
36000,-323.05,-2440.93,3.6454,3
36010,-352.56,-2458.2,3.6426,3
36020,-382.07,-2474.72,3.6332,3
36030,-411.17,-2490.46,3.6322,3
36040,-440.19,-2505.51,3.63,3
36050,-469.05,-2520.02,3.6303,3
36060,-497.63,-2534.32,3.6361,3
36070,-525.65,-2548.8,3.6492,3
36080,-553.09,-2563.53,3.6576,3
36090,-579.44,-2578.57,3.6705,3
36100,-604.95,-2594.21,3.6861,3
36110,-629.67,-2610.34,3.7002,3
36120,-653.72,-2626.68,3.7097,3
36130,-677.36,-2642.9,3.7123,3
36140,-700.39,-2658.42,3.7075,3
36150,-723.4,-2673.15,3.6963,3
36160,-746.55,-2686.79,3.6738,3
36170,-769.8,-2699.29,3.6489,3
36180,-793.04,-2710.79,3.6273,3
36190,-816.08,-2721.61,3.6118,3
36200,-838.28,-2731.87,3.6035,3
36210,-860.07,-2741.78,3.5886,3
36220,-881.44,-2751.34,3.5689,3
36230,-902.81,-2760.84,3.5507,3
36240,-924.26,-2770.18,3.5303,3
36250,-945.88,-2779.15,3.5046,3
36260,-968.14,-2787.58,3.4723,3
36270,-990.6,-2794.91,3.4329,3
36280,-1013.45,-2800.92,3.3877,3
36290,-1036.62,-2805.48,3.3396,3
36300,-1060.03,-2808.6,3.292,3
36310,-1084.0,-2810.52,3.2497,3
36320,-1107.56,-2811.47,3.2131,3
36330,-1131.1,-2811.82,3.1839,3
36340,-1154.67,-2811.9,3.1613,3
36350,-1178.24,-2811.88,3.1427,3
36360,-1201.85,-2811.82,3.1256,3
36370,-1225.19,-2811.54,3.1041,3
36380,-1248.49,-2810.75,3.0768,3
36390,-1271.76,-2809.12,3.0423,3
36400,-1294.93,-2806.34,3.0006,3
36410,-1317.92,-2802.18,2.9541,3
36420,-1340.96,-2796.46,2.9051,3
36430,-1363.39,-2789.42,2.8578,3
36440,-1385.42,-2781.23,2.8155,3
36450,-1407.15,-2772.24,2.7804,3
36460,-1428.74,-2762.81,2.7543,3
36470,-1450.56,-2753.03,2.7334,3
36480,-1472.0,-2743.35,2.7155,3
36490,-1493.38,-2733.58,2.6971,3
36500,-1514.67,-2723.57,2.6749,3
36510,-1535.75,-2713.0,2.6462,3
36520,-1556.74,-2701.47,2.6108,3
36530,-1576.87,-2688.99,2.5679,3
36540,-1596.14,-2675.31,2.5204,3
36550,-1614.53,-2660.41,2.472,3
36560,-1632.03,-2644.44,2.4266,3
36570,-1648.71,-2627.77,2.3869,3
36580,-1664.59,-2610.78,2.3538,3
36590,-1680.17,-2593.52,2.3276,3
36600,-1695.59,-2576.13,2.3067,3
36610,-1710.98,-2558.66,2.288,3
36620,-1726.54,-2540.83,2.2696,3
36630,-1741.95,-2522.69,2.2461,3
36640,-1756.84,-2504.12,2.2154,3
36650,-1770.9,-2484.94,2.1769,3
36660,-1783.87,-2464.96,2.1325,3
36670,-1795.59,-2444.24,2.086,3
36680,-1805.75,-2423.31,2.0379,3
36690,-1814.73,-2401.85,1.9933,3
36700,-1822.77,-2380.03,1.9547,3
36710,-1830.18,-2357.95,1.9232,3
36720,-1837.35,-2335.41,1.8991,3
36730,-1844.43,-2312.78,1.8805,3
36740,-1851.48,-2290.14,1.8633,3
36750,-1858.36,-2267.47,1.8439,3
36760,-1864.87,-2244.68,1.8193,3
36770,-1870.69,-2221.64,1.7879,3
36780,-1875.27,-2198.9,1.7456,3
36790,-1878.41,-2175.91,1.6963,3
36800,-1879.96,-2152.78,1.6433,3
36810,-1879.94,-2129.54,1.591,3
36820,-1878.65,-2105.96,1.5458,3
36830,-1876.46,-2082.08,1.5096,3
36840,-1873.83,-2058.24,1.482,3
36850,-1871.08,-2034.39,1.4607,3
36860,-1868.29,-2010.51,1.4417,3
36870,-1865.3,-1987.48,1.4147,3
36880,-1861.56,-1964.55,1.3778,3
36890,-1856.55,-1941.86,1.329,3
36900,-1849.87,-1919.6,1.2704,3
36910,-1841.37,-1897.86,1.2087,3
36920,-1831.3,-1876.86,1.1499,3
36930,-1820.1,-1856.43,1.1014,3
36940,-1808.29,-1836.3,1.0649,3
36950,-1796.01,-1815.59,1.0455,3
36960,-1783.63,-1794.51,1.0304,3
36970,-1770.82,-1772.86,1.0114,3
36980,-1757.33,-1751.2,0.9831,3
36990,-1743.11,-1729.18,0.9716,3
37000,-1728.05,-1707.34,0.9568,3
37010,-1711.82,-1685.53,0.9382,3
37020,-1694.28,-1664.34,0.9032,3
37030,-1675.66,-1643.62,0.8697,3
37040,-1656.23,-1622.8,0.8473,3
37050,-1636.63,-1601.72,0.8349,3
37060,-1617.28,-1579.6,0.8457,3
37070,-1598.5,-1556.61,0.8625,3
37080,-1579.7,-1532.87,0.8706,3
37090,-1560.36,-1509.65,0.849,3
37100,-1540.08,-1487.83,0.8088,3
37110,-1518.44,-1467.38,0.7628,3
37120,-1495.55,-1448.25,0.7191,3
37130,-1471.99,-1429.5,0.7029,3
37140,-1448.54,-1410.62,0.7062,3
37150,-1425.94,-1391.4,0.7197,3
37160,-1404.37,-1372.32,0.7198,3
37170,-1382.93,-1353.09,0.7092,3
37180,-1361.29,-1334.07,0.6903,3
37190,-1339.01,-1315.79,0.659,3
37200,-1315.6,-1297.99,0.6358,3
37210,-1291.28,-1280.9,0.6167,3
37220,-1265.9,-1264.36,0.5994,3
37230,-1240.17,-1248.89,0.5718,3
37240,-1214.48,-1234.19,0.5478,3
37250,-1188.8,-1219.48,0.5345,3
37260,-1163.28,-1204.47,0.5269,3
37270,-1137.91,-1188.62,0.5365,3
37280,-1112.33,-1171.99,0.5454,3
37290,-1086.99,-1155.66,0.5433,3
37300,-1061.67,-1140.89,0.5125,3
37310,-1035.5,-1127.76,0.4673,3
37320,-1008.55,-1116.32,0.4223,3
37330,-981.06,-1106.15,0.3846,3
37340,-952.92,-1095.99,0.3764,3
37350,-924.8,-1085.01,0.3886,3
37360,-896.62,-1072.84,0.4071,3
37370,-869.03,-1060.25,0.4087,3
37380,-841.79,-1047.96,0.3934,3
37390,-814.21,-1036.44,0.3662,3
37400,-786.06,-1026.32,0.3277,3
37410,-757.2,-1017.44,0.2997,3
37420,-727.74,-1009.53,0.282,3
37430,-698.65,-1002.38,0.2711,3
37440,-669.88,-995.79,0.2548,3
37450,-641.49,-989.48,0.2385,3
37460,-613.18,-982.91,0.2291,3
37470,-584.89,-976.08,0.2201,3
37480,-556.41,-968.81,0.2199,3
37490,0.0,0.0,0.2202,4
37500,29.44,7.18,0.2147,4
37510,59.03,11.73,0.1671,4
37520,88.43,14.52,0.1239,4
37530,117.88,16.37,0.0932,4
37540,147.34,18.08,0.0761,4
37550,177.31,20.79,0.0865,4
37560,207.42,24.69,0.1062,4
37570,237.06,28.99,0.1129,4
37580,266.03,31.79,0.0728,4
37590,295.1,32.47,0.0199,4
37600,324.16,30.9,-0.0356,4
37610,353.75,28.24,-0.0587,4
37620,383.67,25.87,-0.0535,4
37630,414.21,24.53,-0.0376,4
37640,445.36,24.14,-0.0304,4
37650,477.37,24.04,-0.0339,4
37660,509.92,23.07,-0.0547,4
37670,542.93,20.68,-0.0763,4
37680,576.3,16.62,-0.1003,4
37690,610.11,11.78,-0.1111,4
37700,644.5,7.54,-0.101,4
37710,679.55,4.98,-0.0762,4
37720,715.22,4.0,-0.0536,4
37730,751.39,3.32,-0.0493,4
37740,787.98,1.34,-0.0668,4
37750,824.88,-2.67,-0.0938,4
37760,862.12,-7.95,-0.1101,4
37770,899.88,-12.81,-0.1036,4
37780,938.31,-15.84,-0.079,4
37790,977.5,-17.02,-0.0546,4
37800,1017.19,-17.74,-0.0485,4
37810,1057.25,-19.81,-0.0653,4
37820,1097.56,-24.09,-0.0923,4
37830,1138.16,-29.82,-0.1095,4
37840,1179.23,-35.14,-0.104,4
37850,1220.92,-38.51,-0.0798,4
37860,1263.17,-39.83,-0.055,4
37870,1305.77,-40.56,-0.0479,4
37880,1348.32,-42.63,-0.0638,4
37890,1390.7,-47.01,-0.0908,4
37900,1432.91,-52.89,-0.1088,4
37910,1475.14,-58.41,-0.1043,4
37920,1517.57,-61.92,-0.0807,4
37930,1560.13,-63.3,-0.0555,4
37940,1602.74,-63.99,-0.0474,4
37950,1645.3,-65.94,-0.0624,4
37960,1687.68,-70.22,-0.0893,4
37970,1729.88,-76.07,-0.1081,4
37980,1772.12,-81.63,-0.1046,4
37990,1814.55,-85.24,-0.0815,4
38000,1857.11,-86.7,-0.0559,4
38010,1899.71,-87.36,-0.0468,4
38020,1942.27,-89.23,-0.0609,4
38030,1984.67,-93.37,-0.0878,4
38040,2026.87,-99.17,-0.1073,4
38050,2069.1,-104.79,-0.1049,4
38060,2111.52,-108.49,-0.0824,4
38070,2154.09,-109.99,-0.0564,4
38080,2196.69,-110.62,-0.0463,4
38090,2239.25,-112.39,-0.0595,4
38100,2281.65,-116.42,-0.0862,4
38110,2323.87,-122.16,-0.1064,4
38120,2366.13,-127.81,-0.1051,4
38130,2408.55,-131.6,-0.0832,4
38140,2451.13,-133.16,-0.057,4
38150,2493.74,-133.79,-0.0459,4
38160,2536.29,-135.44,-0.0582,4
38170,2578.7,-139.38,-0.0847,4
38180,2620.93,-145.06,-0.1056,4
38190,2663.15,-150.73,-0.1053,4
38200,2705.55,-154.6,-0.0841,4
38210,2748.13,-156.22,-0.0576,4
38220,2790.72,-156.83,-0.0455,4
38230,2833.27,-158.39,-0.0569,4
38240,2875.7,-162.19,-0.0831,4
38250,2917.92,-167.82,-0.1047,4
38260,2960.13,-173.53,-0.1055,4
38270,3002.54,-177.49,-0.0849,4
38280,3045.1,-179.19,-0.0582,4
38290,3087.69,-179.78,-0.0452,4
38300,3130.26,-181.27,-0.0556,4
38310,3172.7,-184.94,-0.0815,4
38320,3214.95,-190.51,-0.1037,4
38330,3257.18,-196.23,-0.1056,4
38340,3299.58,-200.28,-0.0857,4
38350,3342.13,-202.04,-0.0588,4
38360,3384.74,-202.61,-0.0449,4
38370,3427.33,-203.99,-0.0543,4
38380,3469.78,-207.55,-0.0799,4
38390,3512.04,-213.06,-0.1027,4
38400,3554.25,-218.79,-0.1057,4
38410,3596.65,-222.91,-0.0865,4
38420,3639.2,-224.74,-0.0595,4
38430,3681.8,-225.33,-0.0447,4
38440,3724.39,-226.64,-0.0531,4
38450,3766.84,-230.09,-0.0783,4
38460,3809.11,-235.51,-0.1017,4
38470,3851.32,-241.27,-0.1056,4
38480,3893.71,-245.49,-0.0873,4
38490,3936.27,-247.4,-0.0602,4
38500,3978.88,-247.97,-0.0445,4
38510,4021.47,-249.17,-0.0519,4
38520,4063.96,-252.5,-0.0767,4
38530,4106.22,-257.85,-0.1006,4
38540,4148.43,-263.62,-0.1056,4
38550,4190.82,-267.91,-0.0881,4
38560,4233.36,-269.89,-0.0609,4
38570,4275.96,-270.48,-0.0444,4
38580,4318.55,-271.59,-0.0507,4
38590,4361.02,-274.8,-0.0752,4
38600,4403.31,-280.07,-0.0995,4
38610,4445.51,-285.86,-0.1056,4
38620,4487.86,-290.24,-0.0888,4
38630,4530.39,-292.32,-0.0617,4
38640,4573.0,-292.91,-0.0443,4
38650,4615.6,-293.95,-0.0496,4
38660,4658.08,-297.03,-0.0736,4
38670,4700.37,-302.24,-0.0984,4
38680,4742.58,-308.03,-0.1055,4
38690,4784.93,-312.47,-0.0896,4
38700,4827.45,-314.62,-0.0624,4
38710,4870.04,-315.23,-0.0443,4
38720,4912.64,-316.2,-0.0485,4
38730,4955.14,-319.16,-0.072,4
38740,4997.44,-324.27,-0.0972,4
38750,5039.66,-330.07,-0.1053,4
38760,5082.02,-334.6,-0.0902,4
38770,5124.54,-336.82,-0.0632,4
38780,5167.15,-337.43,-0.0443,4
38790,5209.76,-338.33,-0.0475,4
38800,5252.26,-341.18,-0.0704,4
38810,5294.57,-346.2,-0.0959,4
38820,5336.78,-351.97,-0.105,4
38830,5379.13,-356.55,-0.0909,4
38840,5421.66,-358.87,-0.064,4
38850,5464.27,-359.51,-0.0443,4
38860,5506.86,-360.32,-0.0465,4
38870,5549.37,-363.03,-0.0688,4
38880,5591.67,-367.95,-0.0947,4
38890,5633.87,-373.72,-0.1048,4
38900,5676.22,-378.39,-0.0916,4
38910,5718.74,-380.8,-0.0648,4
38920,5761.31,-381.46,-0.0444,4
38930,5803.89,-382.2,-0.0455,4
38940,5846.39,-384.82,-0.0673,4
38950,5888.71,-389.66,-0.0934,4
38960,5930.93,-395.45,-0.1045,4
38970,5973.26,-400.24,-0.0927,4
38980,6015.76,-402.84,-0.0672,4
38990,6058.36,-403.64,-0.0459,4
39000,6100.97,-404.19,-0.0429,4
39010,6143.51,-406.14,-0.0593,4
39020,6185.92,-410.2,-0.084,4
39030,6228.16,-415.73,-0.1016,4
39040,6270.39,-421.3,-0.1018,4
39050,6312.79,-425.49,-0.0854,4
39060,6355.33,-427.69,-0.0621,4
39070,6397.91,-428.4,-0.0448,4
39080,6440.52,-428.88,-0.042,4
39090,6482.98,-430.45,-0.0546,4
39100,6524.76,-433.74,-0.0756,4
39110,6565.78,-438.57,-0.0948,4
39120,6606.44,-444.09,-0.1035,4
39130,6646.53,-449.11,-0.0984,4
39140,6686.14,-452.74,-0.0819,4
39150,6725.54,-454.72,-0.061,4
39160,6764.37,-455.41,-0.0449,4
39170,6802.57,-455.81,-0.041,4
39180,6840.41,-456.98,-0.0515,4
39190,6877.52,-459.62,-0.0716,4
39200,6913.81,-463.69,-0.0918,4
39210,6949.67,-468.6,-0.1051,4
39220,6984.82,-473.6,-0.1136,4
39230,7019.35,-477.8,-0.1095,4
39240,7053.63,-480.94,-0.1003,4
39250,7087.28,-483.09,-0.0891,4
39260,7120.58,-484.83,-0.0837,4
39270,7153.07,-487.5,-0.1045,4
39280,7184.91,-492.15,-0.1484,4
39290,7216.4,-498.86,-0.1937,4
39300,7247.52,-507.17,-0.2309,4
39310,7279.16,-515.73,-0.2347,4
39320,7311.27,-523.49,-0.2212,4
39330,7343.79,-530.57,-0.2193,4
39340,7376.41,-537.22,-0.2237,4
39350,7408.99,-544.04,-0.238,4
39360,7441.62,-551.94,-0.2636,4
39370,7473.78,-560.83,-0.2799,4
39380,7504.83,-570.86,-0.3009,4
39390,7534.92,-582.46,-0.3411,4
39400,7564.59,-595.05,-0.3696,4
39410,7594.21,-607.79,-0.3842,4
39420,7624.31,-620.08,-0.3835,4
39430,7655.39,-631.35,-0.3636,4
39440,7686.78,-641.93,-0.3543,4
39450,7717.28,-652.94,-0.377,4
39460,7747.18,-665.4,-0.4129,4
39470,7776.23,-679.71,-0.4559,4
39480,7804.77,-695.64,-0.489,4
39490,7833.15,-712.28,-0.4994,4
39500,7860.82,-728.57,-0.5036,4
39510,7888.21,-744.57,-0.514,4
39520,7915.85,-760.12,-0.5184,4
39530,7943.65,-775.36,-0.5253,4
39540,7971.77,-790.69,-0.5304,4
39550,8000.15,-806.56,-0.5358,4
39560,8027.65,-823.14,-0.5521,4
39570,8053.42,-840.95,-0.5939,4
39580,8078.14,-860.22,-0.6353,4
39590,8102.18,-880.33,-0.665,4
39600,8126.32,-900.74,-0.6796,4
39610,8151.39,-920.46,-0.6618,4
39620,8177.17,-939.15,-0.6421,4
39630,8202.99,-957.16,-0.638,4
39640,8228.08,-975.48,-0.6612,4
39650,8252.27,-994.93,-0.6977,4
39660,8275.13,-1015.93,-0.7429,4
39670,8297.17,-1038.24,-0.773,4
39680,8319.06,-1061.46,-0.7843,4
39690,8340.99,-1084.56,-0.7828,4
39700,8362.71,-1107.34,-0.7938,4
39710,8384.77,-1129.74,-0.7987,4
39720,8407.09,-1151.91,-0.8059,4
39730,8429.52,-1174.38,-0.8171,4
39740,8451.94,-1197.29,-0.8223,4
39750,8473.34,-1220.63,-0.8382,4
39760,8492.92,-1244.5,-0.8733,4
39770,8511.09,-1269.45,-0.9151,4
39780,8528.34,-1295.06,-0.9465,4
39790,8545.34,-1320.82,-0.9644,4
39800,8563.42,-1346.52,-0.9521,4
39810,8582.85,-1371.91,-0.9321,4
39820,8602.94,-1396.85,-0.9214,4
39830,8622.28,-1421.88,-0.9435,4
39840,8640.43,-1447.78,-0.979,4
39850,8656.93,-1474.77,-1.023,4
39860,8672.05,-1502.85,-1.0586,4
39870,8686.78,-1531.79,-1.0701,4
39880,8701.25,-1560.18,-1.0696,4
39890,8715.78,-1588.09,-1.0737,4
39900,8730.49,-1615.45,-1.0794,4
39910,8745.54,-1642.62,-1.0863,4
39920,8760.42,-1669.9,-1.1023,4
39930,8775.16,-1697.62,-1.1096,4
39940,8789.27,-1726.26,-1.1251,4
39950,8801.82,-1755.23,-1.1533,4
39960,8812.49,-1784.53,-1.196,4
39970,8822.07,-1814.21,-1.2273,4
39980,8831.34,-1843.97,-1.2448,4
39990,8841.35,-1873.82,-1.2401,4
40000,8852.62,-1903.49,-1.2205,4
40010,8864.71,-1932.72,-1.2059,4
40020,8876.32,-1961.72,-1.2215,4
40030,8886.52,-1990.8,-1.2557,4
40040,8894.89,-2020.45,-1.2996,4
40050,8901.28,-2050.6,-1.346,4
40060,8906.92,-2081.5,-1.3611,4
40070,8912.58,-2112.67,-1.3615,4
40080,8918.84,-2144.29,-1.3588,4
40090,8925.59,-2175.64,-1.3631,4
40100,8932.75,-2206.91,-1.3697,4
40110,8939.56,-2238.28,-1.3883,4
40120,8945.75,-2269.73,-1.3995,4
40130,8950.54,-2300.63,-1.4199,4
40140,8953.34,-2330.96,-1.4589,4
40150,8954.51,-2361.4,-1.5011,4
40160,8955.08,-2391.86,-1.5264,4
40170,8956.21,-2422.6,-1.5289,4
40180,8958.81,-2453.81,-1.5058,4
40190,8962.24,-2485.52,-1.4931,4
40200,8964.76,-2517.6,-1.5193,4
40210,8965.46,-2550.3,-1.559,4
40220,8963.99,-2583.53,-1.603,4
40230,8961.1,-2617.2,-1.6286,4
40240,8957.67,-2651.08,-1.6405,4
40250,8954.63,-2685.48,-1.6393,4
40260,8952.56,-2720.24,-1.6297,4
40270,8951.54,-2755.54,-1.6185,4
40280,8951.31,-2791.11,-1.607,4
40290,8951.07,-2827.19,-1.6073,4
40300,8950.0,-2863.47,-1.6184,4
40310,8947.66,-2900.16,-1.6358,4
40320,8943.99,-2936.99,-1.6533,4
40330,8939.48,-2973.52,-1.6651,4
40340,8934.81,-3009.69,-1.668,4
40350,8930.65,-3045.57,-1.6615,4
40360,8927.49,-3080.85,-1.6482,4
40370,8925.49,-3115.86,-1.6321,4
40380,8924.53,-3150.55,-1.6175,4
40390,8924.24,-3184.9,-1.6079,4
40400,8924.14,-3218.91,-1.6051,4
40410,8923.76,-3252.55,-1.6093,4
40420,8922.74,-3285.41,-1.619,4
40430,8920.89,-3317.85,-1.632,4
40440,8918.22,-3349.87,-1.6454,4
40450,8914.83,-3381.43,-1.6569,4
40460,8911.02,-3412.54,-1.6645,4
40470,8907.06,-3443.24,-1.6675,4
40480,8903.29,-3473.56,-1.6656,4
40490,8899.89,-3503.91,-1.659,4
40500,8897.19,-3533.91,-1.6484,4
40510,8895.26,-3563.56,-1.6357,4
40520,8894.07,-3592.82,-1.6235,4
40530,8893.5,-3621.68,-1.6132,4
40540,8893.32,-3650.13,-1.6064,4
40550,8893.25,-3678.13,-1.6043,4
40560,8893.0,-3705.69,-1.6076,4
40570,8892.33,-3732.78,-1.6155,4
40580,8891.11,-3759.38,-1.6263,4
40590,8889.26,-3785.47,-1.6384,4
40600,8886.84,-3811.05,-1.6503,4
40610,8883.89,-3836.09,-1.6642,4
40620,8880.3,-3860.54,-1.6861,4
40630,8876.38,-3884.42,-1.703,4
40640,8872.37,-3907.76,-1.7145,4
40650,8868.51,-3930.59,-1.7214,4
40660,8864.94,-3952.91,-1.7255,4
40670,8861.29,-3974.65,-1.7466,4
40680,8857.47,-3996.0,-1.768,4
40690,8853.42,-4016.72,-1.792,4
40700,8848.99,-4036.77,-1.8198,4
40710,8844.02,-4056.05,-1.8527,4
40720,8838.39,-4074.48,-1.891,4
40730,8831.79,-4091.89,-1.9461,4
40740,8824.02,-4109.33,-1.9902,4
40750,8815.07,-4126.72,-2.0338,4
40760,8805.04,-4144.0,-2.0746,4
40770,8794.59,-4160.3,-2.1119,4
40780,8783.88,-4175.64,-2.149,4
40790,8772.34,-4190.94,-2.1881,4
40800,8760.25,-4206.42,-2.2125,4
40810,8747.75,-4222.11,-2.2329,4
40820,8735.33,-4237.48,-2.2517,4
40830,8722.81,-4252.79,-2.2711,4
40840,8710.37,-4267.33,-2.3022,4
40850,8698.01,-4281.07,-2.3321,4
40860,8684.95,-4294.8,-2.3625,4
40870,8671.04,-4308.35,-2.3971,4
40880,8656.18,-4321.52,-2.4357,4
40890,8640.28,-4334.15,-2.478,4
40900,8623.74,-4345.47,-2.5356,4
40910,8606.57,-4355.84,-2.581,4
40920,8588.5,-4365.51,-2.6235,4
40930,8570.16,-4374.35,-2.6611,4
40940,8552.13,-4382.36,-2.6935,4
40950,8534.51,-4389.74,-2.7207,4
40960,8517.34,-4396.43,-2.7564,4
40970,8499.66,-4403.18,-2.776,4
40980,8481.52,-4409.95,-2.7948,4
40990,8462.88,-4416.72,-2.8152,4
41000,8443.99,-4423.22,-2.8392,4
41010,8425.5,-4428.92,-2.8744,4
41020,8407.4,-4433.62,-2.9159,4
41030,8388.64,-4437.56,-2.9553,4
41040,8369.25,-4440.62,-2.9971,4
41050,8349.62,-4442.58,-3.0399,4
41060,8330.54,-4443.46,-3.0829,4
41070,8312.11,-4443.07,-3.1381,4
41080,8293.23,-4441.83,-3.1769,4
41090,8273.94,-4439.91,-3.2102,4
41100,8254.25,-4437.45,-3.2381,4
41110,8234.47,-4434.66,-3.2619,4
41120,8215.33,-4431.77,-3.2829,4
41130,8196.9,-4428.62,-3.3148,4
41140,8178.03,-4425.28,-3.3338,4
41150,8158.76,-4421.63,-3.3552,4
41160,8139.12,-4417.49,-3.38,4
41170,8119.19,-4412.68,-3.4094,4
41180,8099.98,-4407.24,-3.4443,4
41190,8081.06,-4400.55,-3.4986,4
41200,8062.15,-4392.62,-3.5439,4
41210,8043.81,-4383.62,-3.5895,4
41220,8025.97,-4373.61,-3.6337,4
41230,8009.74,-4363.39,-3.6755,4
41240,7994.51,-4352.8,-3.718,4
41250,7979.32,-4341.39,-3.7564,4
41260,7963.97,-4329.45,-3.7811,4
41270,7948.73,-4317.33,-3.8014,4
41280,7933.23,-4304.83,-3.8198,4
41290,7917.81,-4292.22,-3.8384,4
41300,7903.16,-4279.67,-3.873,4
41310,7889.24,-4267.25,-3.8996,4
41320,7875.37,-4254.11,-3.9312,4
41330,7861.69,-4240.12,-3.9669,4
41340,7848.58,-4225.34,-4.0068,4
41350,7836.7,-4210.36,-4.0505,4
41360,7826.28,-4195.12,-4.1086,4
41370,7816.49,-4178.92,-4.1524,4
41380,7807.3,-4161.86,-4.1924,4
41390,7798.6,-4144.01,-4.228,4
41400,7790.48,-4125.91,-4.2591,4
41410,7783.01,-4108.22,-4.2858,4
41420,7776.24,-4090.96,-4.3222,4
41430,7769.45,-4073.21,-4.3436,4
41440,7762.66,-4054.96,-4.3649,4
41450,7755.92,-4036.23,-4.3885,4
41460,7749.53,-4017.22,-4.417,4
41470,7744.17,-3998.53,-4.4652,4
41480,7739.51,-3978.77,-4.5065,4
41490,7735.99,-3958.49,-4.5547,4
41500,7733.9,-3938.65,-4.6074,4
41510,7733.22,-3919.34,-4.6609,4
41520,7733.95,-3900.7,-4.725,4
41530,7735.73,-3881.18,-4.7714,4
41540,7738.21,-3861.27,-4.8099,4
41550,7741.11,-3841.32,-4.841,4
41560,7744.39,-3822.07,-4.8811,4
41570,7747.8,-3803.01,-4.9067,4
41580,7751.67,-3783.59,-4.9369,4
41590,7756.25,-3764.14,-4.9749,4
41600,7761.51,-3746.18,-5.0235,4
41610,7768.32,-3728.26,-5.0886,4
41620,7776.66,-3710.5,-5.1479,4
41630,7786.53,-3693.01,-5.2062,4
41640,7797.9,-3675.43,-5.2578,4
41650,7810.09,-3657.89,-5.2887,4
41660,7822.37,-3639.92,-5.2876,4
41670,7834.71,-3621.04,-5.2798,4
41680,7846.73,-3601.47,-5.2689,4
41690,7858.47,-3581.3,-5.2595,4
41700,7870.01,-3560.58,-5.2503,4
41710,7881.49,-3538.98,-5.2316,4
41720,7892.78,-3516.87,-5.2084,4
41730,7904.11,-3494.4,-5.1914,4
41740,7915.57,-3471.79,-5.1772,4
41750,7927.19,-3448.85,-5.1617,4
41760,7939.23,-3425.72,-5.1631,4
41770,7951.17,-3402.37,-5.1542,4
41780,7961.8,-3378.94,-5.1155,4
41790,7970.97,-3354.94,-5.0688,4
41800,7978.49,-3330.37,-5.0187,4
41810,7984.52,-3305.02,-4.9709,4
41820,7990.18,-3279.35,-4.9602,4
41830,7995.35,-3254.08,-4.9422,4
41840,8000.2,-3229.26,-4.9206,4
41850,8005.07,-3204.44,-4.9041,4
41860,8009.94,-3179.62,-4.8868,4
41870,8014.8,-3154.39,-4.8743,4
41880,8019.7,-3129.3,-4.8746,4
41890,8023.2,-3104.98,-4.8336,4
41900,8025.05,-3080.53,-4.7818,4
41910,8025.13,-3056.0,-4.7275,4
41920,8023.63,-3031.48,-4.6767,4
41930,8021.48,-3006.64,-4.6572,4
41940,8019.19,-2981.11,-4.6488,4
41950,8016.87,-2955.25,-4.6346,4
41960,8014.72,-2929.03,-4.6243,4
41970,8012.61,-2902.13,-4.6116,4
41980,8010.34,-2874.9,-4.5981,4
41990,8007.71,-2847.07,-4.5901,4
42000,8003.71,-2819.59,-4.5501,4
42010,7997.97,-2792.4,-4.5047,4
42020,7990.58,-2765.61,-4.4603,4
42030,7981.88,-2739.19,-4.4221,4
42040,7972.78,-2712.57,-4.4142,4
42050,7963.68,-2686.58,-4.4014,4
42060,7954.59,-2660.62,-4.3883,4
42070,7945.67,-2634.61,-4.3788,4
42080,7936.85,-2608.55,-4.369,4
42090,7927.93,-2582.5,-4.3557,4
42100,7918.85,-2555.82,-4.3526,4
42110,7909.32,-2528.96,-4.3424,4
42120,7898.95,-2502.79,-4.3139,4
42130,7887.45,-2477.08,-4.2823,4
42140,7874.83,-2451.93,-4.2499,4
42150,7861.08,-2427.36,-4.2179,4
42160,7846.37,-2403.33,-4.1881,4
42170,7830.94,-2379.36,-4.1717,4
42180,7815.56,-2355.51,-4.17,4
42190,7800.22,-2332.18,-4.1555,4
42200,7784.86,-2308.88,-4.1453,4
42210,7769.63,-2285.52,-4.1375,4
42220,7754.52,-2262.05,-4.1301,4
42230,7739.48,-2238.58,-4.1211,4
42240,7724.6,-2215.52,-4.1106,4
42250,7710.08,-2192.78,-4.1131,4
42260,7695.46,-2170.66,-4.0995,4
42270,7680.38,-2149.43,-4.0727,4
42280,7664.7,-2129.23,-4.0416,4
42290,7648.42,-2110.16,-4.0082,4
42300,7631.65,-2092.23,-3.9756,4
42310,7614.54,-2075.3,-3.9463,4
42320,7597.46,-2059.09,-3.9304,4
42330,7580.71,-2043.31,-3.9285,4
42340,7564.09,-2028.19,-3.9057,4
42350,7547.75,-2013.6,-3.8877,4
42360,7531.36,-1999.06,-3.8731,4
42370,7515.39,-1984.92,-3.8594,4
42380,7499.8,-1971.23,-3.8446,4
42390,7484.46,-1958.18,-3.8185,4
42400,7469.25,-1945.95,-3.7883,4
42410,7453.32,-1933.95,-3.7567,4
42420,7436.51,-1922.38,-3.7211,4
42430,7418.86,-1911.43,-3.6819,4
42440,7401.18,-1901.74,-3.6398,4
42450,7383.43,-1893.59,-3.583,4
42460,7364.84,-1886.25,-3.5388,4
42470,7345.5,-1879.68,-3.4983,4
42480,7325.73,-1873.77,-3.463,4
42490,7306.41,-1868.58,-3.4327,4
42500,7287.61,-1863.87,-3.4071,4
42510,7269.34,-1859.72,-3.3735,4
42520,7250.59,-1855.6,-3.354,4
42530,7231.37,-1851.51,-3.3343,4
42540,7211.64,-1847.6,-3.3123,4
42550,7191.62,-1844.06,-3.2859,4
42560,7172.08,-1841.38,-3.2471,4
42570,7153.1,-1839.73,-3.2029,4
42580,7133.6,-1839.01,-3.161,4
42590,7113.64,-1839.39,-3.1175,4
42600,7093.72,-1840.91,-3.0739,4
42610,7074.53,-1843.4,-3.0312,4
42620,7056.15,-1846.94,-2.9787,4
42630,7037.47,-1851.3,-2.9435,4
42640,7018.49,-1856.3,-2.914,4
42650,6999.18,-1861.77,-2.8897,4
42660,6980.01,-1867.44,-2.869,4
42670,6961.46,-1873.05,-2.8502,4
42680,6943.64,-1878.8,-2.8188,4
42690,6925.43,-1884.89,-2.7975,4
42700,6906.91,-1891.44,-2.7728,4
42710,6888.14,-1898.64,-2.7441,4
42720,6869.47,-1906.57,-2.7106,4
42730,6851.74,-1915.08,-2.6717,4
42740,6834.23,-1924.99,-2.6161,4
42750,6816.98,-1936.14,-2.57,4
42760,6800.3,-1948.36,-2.5245,4
42770,6784.77,-1961.06,-2.4816,4
42780,6770.28,-1974.04,-2.4424,4
42790,6756.86,-1987.18,-2.3969,4
42800,6743.42,-2000.97,-2.3677,4
42810,6729.86,-2015.27,-2.3434,4
42820,6716.11,-2029.98,-2.3214,4
42830,6702.56,-2044.7,-2.2987,4
42840,6689.82,-2059.33,-2.2596,4
42850,6677.67,-2074.2,-2.2246,4
42860,6665.93,-2089.99,-2.1818,4
42870,6655.09,-2106.58,-2.1319,4
42880,6645.72,-2123.32,-2.0783,4
42890,6638.01,-2140.17,-2.0116,4
42900,6631.04,-2158.34,-1.9612,4
42910,6624.86,-2177.28,-1.917,4
42920,6619.32,-2196.52,-1.8808,4
42930,6614.38,-2215.26,-1.8514,4
42940,6610.05,-2233.5,-1.814,4
42950,6605.76,-2252.21,-1.7906,4
42960,6601.57,-2271.43,-1.7664,4
42970,6597.58,-2291.59,-1.7386,4
42980,6594.31,-2311.3,-1.7047,4
42990,6592.09,-2331.6,-1.6518,4
43000,6591.02,-2352.42,-1.6046,4
43010,6591.32,-2373.69,-1.5537,4
43020,6593.06,-2395.3,-1.5026,4
43030,6596.18,-2417.16,-1.4533,4
43040,6600.0,-2439.73,-1.4336,4
43050,6603.93,-2462.65,-1.4308,4
43060,6607.65,-2486.0,-1.4351,4
43070,6610.91,-2509.77,-1.4445,4
43080,6613.55,-2534.0,-1.4573,4
43090,6614.69,-2557.7,-1.5037,4
43100,6614.59,-2581.42,-1.5459,4
43110,6613.61,-2605.11,-1.5808,4
43120,6612.08,-2628.77,-1.608,4
43130,6610.34,-2651.88,-1.6292,4
43140,6608.52,-2674.42,-1.6496,4
43150,6606.63,-2697.35,-1.6664,4
43160,6604.48,-2721.01,-1.6861,4
43170,6601.95,-2744.23,-1.711,4
43180,6598.72,-2766.83,-1.7428,4
43190,6594.4,-2788.67,-1.7869,4
43200,6588.7,-2810.59,-1.834,4
43210,6581.48,-2832.48,-1.8828,4
43220,6572.96,-2853.98,-1.9289,4
43230,6563.58,-2874.53,-1.9704,4
43240,6553.21,-2895.03,-2.0078,4
43250,6542.22,-2915.65,-2.0344,4
43260,6530.86,-2936.49,-2.0546,4
43270,6519.42,-2957.36,-2.071,4
43280,6508.48,-2977.3,-2.0869,4
43290,6497.11,-2997.41,-2.1107,4
43300,6485.11,-3017.62,-2.1379,4
43310,6472.28,-3037.5,-2.1725,4
43320,6458.53,-3056.72,-2.2131,4
43330,6444.02,-3074.69,-2.2578,4
43340,6428.74,-3091.28,-2.3077,4
43350,6411.95,-3107.46,-2.3537,4
43360,6394.08,-3123.03,-2.395,4
43370,6375.73,-3137.91,-2.4294,4
43380,6357.49,-3152.05,-2.4566,4
43390,6339.52,-3165.64,-2.4811,4
43400,6320.89,-3179.64,-2.4998,4
43410,6301.94,-3193.77,-2.5199,4
43420,6282.83,-3207.57,-2.5455,4
43430,6264.13,-3220.07,-2.5824,4
43440,6244.49,-3231.8,-2.6273,4
43450,6223.75,-3242.35,-2.6797,4
43460,6201.88,-3251.53,-2.7359,4
43470,6179.9,-3258.99,-2.7899,4
43480,6158.06,-3265.09,-2.8387,4
43490,6135.31,-3270.66,-2.8737,4
43500,6112.12,-3276.06,-2.8994,4
43510,6089.64,-3281.25,-2.9202,4
43520,6067.64,-3286.1,-2.9479,4
43530,6044.77,-3290.52,-2.9824,4
43540,6021.45,-3293.77,-3.0302,4
43550,5997.9,-3295.25,-3.0899,4
43560,5973.57,-3295.13,-3.1371,4
43570,5948.92,-3293.63,-3.1765,4
43580,5923.62,-3291.24,-3.2048,4
43590,5897.65,-3288.8,-3.2132,4
43600,5871.29,-3287.31,-3.1956,4
43610,5844.21,-3286.74,-3.1814,4
43620,5816.46,-3286.64,-3.1763,4
43630,5788.41,-3286.14,-3.1869,4
43640,5759.76,-3284.57,-3.2057,4
43650,5730.63,-3281.64,-3.2287,4
43660,5701.0,-3277.7,-3.2445,4
43670,5670.78,-3273.71,-3.2439,4
43680,5639.87,-3270.71,-3.2268,4
43690,5608.57,-3269.19,-3.2025,4
43700,5576.68,-3268.73,-3.1856,4
43710,5544.22,-3268.19,-3.1865,4
43720,5511.29,-3266.4,-3.2053,4
43730,5477.99,-3262.59,-3.2399,4
43740,5444.36,-3257.16,-3.2706,4
43750,5410.27,-3251.48,-3.2811,4
43760,5375.47,-3247.1,-3.2644,4
43770,5340.0,-3244.41,-3.2396,4
43780,5303.96,-3242.33,-3.2303,4
43790,5267.55,-3239.24,-3.2437,4
43800,5230.62,-3234.13,-3.2704,4
43810,5193.46,-3227.45,-3.2905,4
43820,5155.84,-3220.8,-3.289,4
43830,5117.5,-3215.75,-3.267,4
43840,5078.51,-3212.38,-3.2483,4
43850,5039.06,-3209.13,-3.255,4
43860,4999.34,-3204.16,-3.285,4
43870,4959.34,-3196.7,-3.3184,4
43880,4919.26,-3187.47,-3.3392,4
43890,4878.75,-3178.2,-3.3388,4
43900,4837.49,-3170.56,-3.3174,4
43910,4795.46,-3165.07,-3.291,4
43920,4753.09,-3160.56,-3.2791,4
43930,4710.84,-3155.07,-3.2906,4
43940,4668.94,-3147.37,-3.3168,4
43950,4627.48,-3137.57,-3.3462,4
43960,4586.22,-3126.99,-3.3638,4
43970,4544.74,-3117.27,-3.3611,4
43980,4502.88,-3109.41,-3.3425,4
43990,4460.78,-3102.82,-3.3271,4
44000,4418.75,-3095.89,-3.3313,4
44010,4377.03,-3087.25,-3.3517,4
44020,4335.77,-3076.66,-3.3752,4
44030,4294.78,-3064.98,-3.3883,4
44040,4253.71,-3053.68,-3.3838,4
44050,4212.25,-3043.93,-3.3651,4
44060,4170.41,-3036.02,-3.3426,4
44070,4128.34,-3029.18,-3.3321,4
44080,4086.94,-3021.87,-3.3455,4
44090,4046.46,-3013.02,-3.3727,4
44100,4006.84,-3002.05,-3.4065,4
44110,3968.25,-2989.67,-3.4284,4
44120,3930.44,-2976.9,-3.4363,4
44130,3892.82,-2964.59,-3.4314,4
44140,3855.46,-2953.61,-3.4161,4
44150,3818.0,-2944.14,-3.3969,4
44160,3780.57,-2935.93,-3.3809,4
44170,3743.66,-2928.43,-3.3735,4
44180,3707.11,-2920.76,-3.3766,4
44190,3671.43,-2912.38,-3.3886,4
44200,3636.37,-2902.89,-3.4052,4
44210,3601.96,-2892.38,-3.4213,4
44220,3568.42,-2881.33,-3.4324,4
44230,3535.38,-2869.95,-3.4416,4
44240,3502.68,-2858.67,-3.4468,4
44250,3470.2,-2847.92,-3.4454,4
44260,3437.89,-2837.92,-3.4403,4
44270,3405.74,-2828.66,-3.4349,4
44280,3374.13,-2820.16,-3.4284,4
44290,3342.78,-2812.17,-3.4219,4
44300,3311.79,-2804.26,-3.4218,4
44310,3281.3,-2796.09,-3.4277,4
44320,3251.37,-2787.38,-3.4382,4
44330,3222.05,-2778.03,-3.4514,4
44340,3193.38,-2768.02,-3.4649,4
44350,3165.32,-2757.51,-3.4759,4
44360,3137.77,-2746.8,-3.4823,4
44370,3110.63,-2736.19,-3.4831,4
44380,3083.81,-2725.99,-3.4783,4
44390,3057.2,-2716.48,-3.4684,4
44400,3030.78,-2707.81,-3.4552,4
44410,3004.56,-2700.0,-3.4414,4
44420,2978.6,-2692.91,-3.4298,4
44430,2952.98,-2686.33,-3.4224,4
44440,2927.78,-2679.96,-3.42,4
44450,2903.03,-2673.83,-3.4113,4
44460,2878.8,-2667.67,-3.408,4
44470,2855.64,-2661.49,-3.4083,4
44480,2833.06,-2655.1,-3.4095,4
44490,2811.09,-2648.58,-3.4092,4
44500,2789.58,-2642.39,-3.3934,4
44510,2768.01,-2636.83,-3.3629,4
44520,2746.27,-2632.15,-3.3256,4
44530,2724.34,-2628.59,-3.2832,4
44540,2702.74,-2626.33,-3.238,4
44550,2681.62,-2625.43,-3.1912,4
44560,2661.09,-2625.9,-3.1373,4
44570,2640.2,-2627.53,-3.0922,4
44580,2618.96,-2630.08,-3.0531,4
44590,2597.94,-2633.24,-3.0211,4
44600,2577.56,-2636.69,-2.9948,4
44610,2557.84,-2640.36,-2.9669,4
44620,2537.71,-2644.21,-2.9477,4
44630,2517.19,-2648.3,-2.9274,4
44640,2496.33,-2652.77,-2.9043,4
44650,2475.4,-2657.76,-2.8765,4
44660,2455.23,-2663.33,-2.8425,4
44670,2435.57,-2669.95,-2.7945,4
44680,2415.93,-2677.87,-2.7478,4
44690,2396.43,-2687.16,-2.6998,4
44700,2377.75,-2697.44,-2.6536,4
44710,2360.15,-2708.4,-2.6103,4
44720,2343.62,-2719.88,-2.5647,4
44730,2327.15,-2732.17,-2.5307,4
44740,2310.61,-2745.09,-2.5025,4
44750,2293.9,-2758.47,-2.4794,4
44760,2277.03,-2772.17,-2.4591,4
44770,2260.69,-2785.64,-2.4388,4
44780,2245.04,-2799.01,-2.411,4
44790,2229.33,-2812.97,-2.3839,4
44800,2213.81,-2827.72,-2.3508,4
44810,2198.66,-2843.46,-2.3125,4
44820,2184.59,-2859.69,-2.2701,4
44830,2171.96,-2876.32,-2.218,4
44840,2160.74,-2893.22,-2.1694,4
44850,2150.29,-2911.11,-2.1227,4
44860,2140.51,-2929.87,-2.0816,4
44870,2131.52,-2948.73,-2.0471,4
44880,2123.22,-2967.25,-2.0185,4
44890,2115.12,-2986.31,-1.9892,4
44900,2106.99,-3005.83,-1.9683,4
44910,2098.86,-3025.79,-1.9482,4
44920,2090.99,-3045.65,-1.9267,4
44930,2083.68,-3065.11,-1.9013,4
44940,2077.25,-3084.22,-1.8635,4
44950,2071.51,-3104.02,-1.8254,4
44960,2066.74,-3124.48,-1.7817,4
44970,2063.1,-3145.63,-1.7354,4
44980,2060.74,-3166.92,-1.6888,4
44990,2059.65,-3187.72,-1.6434,4
45000,2059.74,-3207.97,-1.5944,4
45010,2060.7,-3228.63,-1.5559,4
45020,2062.28,-3249.66,-1.524,4
45030,2064.26,-3271.08,-1.4982,4
45040,2066.48,-3292.58,-1.4762,4
45050,2068.87,-3313.46,-1.4512,4
45060,2071.36,-3333.72,-1.4297,4
45070,2074.23,-3354.38,-1.4059,4
45080,2077.75,-3375.8,-1.3769,4
45090,2081.97,-3396.74,-1.3428,4
45100,2087.01,-3416.88,-1.3035,4
45110,2093.13,-3436.06,-1.2521,4
45120,2100.63,-3455.23,-1.2023,4
45130,2109.46,-3474.27,-1.1535,4
45140,2119.51,-3493.19,-1.1091,4
45150,2130.11,-3511.25,-1.0705,4
45160,2141.0,-3528.43,-1.035,4
45170,2152.53,-3545.72,-1.0058,4
45180,2164.46,-3563.25,-0.9843,4
45190,2176.72,-3581.03,-0.9649,4
45200,2189.1,-3598.78,-0.9452,4
45210,2201.37,-3615.88,-0.9224,4
45220,2213.79,-3632.13,-0.8864,4
45230,2227.13,-3648.22,-0.8488,4
45240,2241.71,-3664.15,-0.8061,4
45250,2257.0,-3679.02,-0.7605,4
45260,2272.7,-3692.57,-0.713,4
45270,2288.77,-3704.68,-0.6606,4
45280,2305.87,-3716.12,-0.6149,4
45290,2323.83,-3727.02,-0.5752,4
45300,2342.52,-3737.49,-0.5412,4
45310,2361.57,-3747.67,-0.5132,4
45320,2380.23,-3757.36,-0.4899,4
45330,2398.46,-3766.57,-0.4617,4
45340,2417.55,-3775.95,-0.4371,4
45350,2437.2,-3785.1,-0.4068,4
45360,2456.96,-3793.44,-0.3685,4
45370,2476.6,-3800.39,-0.3157,4
45380,2496.53,-3805.94,-0.2605,4
45390,2517.22,-3810.04,-0.2016,4
45400,2538.57,-3812.67,-0.1435,4
45410,2559.78,-3813.96,-0.0911,4
45420,2580.96,-3814.23,-0.0417,4
45430,2602.57,-3813.95,-0.0068,4
45440,2624.0,-3813.43,0.0221,4
45450,2644.82,-3812.7,0.0504,4
45460,2665.49,-3811.43,0.0902,4
45470,2686.49,-3809.26,0.1342,4
45480,2708.12,-3805.61,0.1896,4
45490,2729.7,-3800.14,0.2535,4
45500,2751.63,-3792.99,0.3017,4
45510,2773.61,-3784.83,0.3272,4
45520,2796.14,-3776.01,0.3417,4
45530,2819.07,-3767.24,0.344,4
45540,2842.95,-3759.01,0.3289,4
45550,2867.46,-3751.59,0.3095,4
45560,2892.97,-3745.19,0.2751,4
45570,2918.94,-3739.48,0.2477,4
45580,2945.6,-3733.77,0.2319,4
45590,2972.54,-3727.76,0.2239,4
45600,2999.88,-3720.72,0.2367,4
45610,3027.33,-3712.88,0.2501,4
45620,3055.51,-3705.3,0.2319,4
45630,3084.2,-3698.96,0.1954,4
45640,3113.21,-3694.44,0.1507,4
45650,3142.48,-3691.8,0.1045,4
45660,3172.44,-3690.09,0.0853,4
45670,3202.69,-3688.54,0.0827,4
45680,3233.22,-3687.05,0.0707,4
45690,3263.74,-3685.21,0.0632,4
45700,3294.24,-3682.97,0.057,4
45710,3324.75,-3680.72,0.0446,4
45720,3355.2,-3678.44,0.0441,4
45730,3385.28,-3676.78,0.0344,4
45740,3414.58,-3676.9,-0.0072,4
45750,3443.8,-3678.81,-0.0509,4
45760,3472.89,-3682.21,-0.0891,4
45770,3501.88,-3686.58,-0.1178,4
45780,3531.16,-3690.94,-0.1215,4
45790,3560.83,-3694.57,-0.1087,4
45800,3591.1,-3697.51,-0.0994,4
45810,3621.01,-3700.12,-0.1056,4
45820,3650.91,-3702.77,-0.1161,4
45830,3680.79,-3705.81,-0.133,4
45840,3710.57,-3709.66,-0.1565,4
45850,3740.21,-3714.55,-0.1814,4
45860,3770.27,-3720.32,-0.1943,4
45870,3800.45,-3726.95,-0.2078,4
45880,3830.29,-3734.47,-0.2265,4
45890,3859.5,-3742.85,-0.2509,4
45900,3888.5,-3751.86,-0.2702,4
45910,3917.37,-3761.23,-0.2841,4
45920,3946.22,-3770.71,-0.2935,4
45930,3975.05,-3780.1,-0.2995,4
45940,4003.54,-3789.15,-0.3035,4
45950,4031.84,-3797.47,-0.293,4
45960,4059.92,-3805.05,-0.2822,4
45970,4087.67,-3812.08,-0.2741,4
45980,4115.02,-3819.05,-0.2796,4
45990,4141.81,-3826.3,-0.2948,4
46000,4168.44,-3834.16,-0.3145,4
46010,4194.37,-3842.74,-0.3387,4
46020,4219.51,-3852.14,-0.3663,4
46030,4243.8,-3862.38,-0.3955,4
46040,4267.24,-3873.38,-0.4233,4
46050,4290.07,-3884.61,-0.4324,4
46060,4312.33,-3895.87,-0.4379,4
46070,4334.12,-3906.93,-0.439,4
46080,4355.58,-3917.48,-0.429,4
46090,4376.79,-3927.33,-0.4142,4
46100,4397.76,-3936.36,-0.397,4
46110,4418.49,-3944.58,-0.3786,4
46120,4439.45,-3952.18,-0.3599,4
46130,4460.1,-3959.02,-0.3426,4
46140,4480.47,-3964.77,-0.3036,4
46150,4500.45,-3969.62,-0.2686,4
46160,4519.99,-3973.79,-0.2386,4
46170,4538.95,-3977.46,-0.213,4
46180,4557.31,-3980.8,-0.1905,4
46190,4575.03,-3983.83,-0.1677,4
46200,4592.13,-3986.31,-0.1311,4
46210,4609.77,-3988.67,-0.1098,4
46220,4627.94,-3990.77,-0.0858,4
46230,4646.29,-3992.41,-0.058,4
46240,4664.0,-3993.39,-0.0252,4
46250,4681.74,-3993.57,0.013,4
46260,4698.73,-3992.54,0.0743,4
46270,4716.15,-3990.49,0.1186,4
46280,4733.9,-3987.4,0.1629,4
46290,4751.94,-3983.23,0.2065,4
46300,4770.2,-3978.07,0.2475,4
46310,4788.03,-3972.14,0.2899,4
46320,4804.98,-3965.73,0.3319,4
46330,4822.25,-3958.83,0.3562,4
46340,4839.87,-3951.55,0.3768,4
46350,4857.02,-3944.3,0.3954,4
46360,4873.5,-3937.21,0.4139,4
46370,4889.9,-3929.89,0.4377,4
46380,4905.43,-3922.39,0.4765,4
46390,4921.23,-3914.3,0.5047,4
46400,4937.18,-3905.46,0.5375,4
46410,4953.13,-3895.68,0.5754,4
46420,4968.97,-3884.82,0.6182,4
46430,4983.85,-3873.02,0.6766,4
46440,4997.68,-3860.4,0.731,4
46450,5011.08,-3846.65,0.7777,4
46460,5023.72,-3832.23,0.8216,4
46470,5035.33,-3817.8,0.8607,4
46480,5046.03,-3803.5,0.9005,4
46490,5055.87,-3789.47,0.9417,4
46500,5066.13,-3774.49,0.9666,4
46510,5076.49,-3759.03,0.991,4
46520,5086.76,-3743.22,1.0185,4
46530,5095.97,-3727.53,1.0713,4
46540,5104.69,-3711.02,1.1148,4
46550,5112.61,-3693.54,1.1672,4
46560,5118.98,-3676.15,1.2264,4
46570,5123.7,-3658.95,1.293,4
46580,5126.87,-3641.58,1.3666,4
46590,5129.05,-3623.57,1.4202,4
46600,5130.48,-3605.0,1.4649,4
46610,5131.42,-3586.79,1.5032,4
46620,5132.06,-3568.09,1.5379,4
46630,5132.66,-3548.91,1.5572,4
46640,5133.0,-3528.83,1.5835,4
46650,5132.59,-3508.31,1.621,4
46660,5131.61,-3486.95,1.6359,4
46670,5129.81,-3465.24,1.6544,4
46680,5126.97,-3442.84,1.6788,4
46690,5122.97,-3420.21,1.7155,4
46700,5118.27,-3396.96,1.7401,4
46710,5113.45,-3372.98,1.7522,4
46720,5109.18,-3348.56,1.748,4
46730,5105.68,-3323.27,1.7298,4
46740,5102.62,-3297.57,1.7203,4
46750,5098.84,-3271.31,1.7422,4
46760,5093.53,-3244.95,1.7824,4
46770,5086.32,-3218.39,1.8289,4
46780,5077.32,-3191.7,1.8722,4
46790,5067.78,-3164.85,1.8807,4
46800,5058.36,-3137.31,1.8746,4
46810,5049.57,-3109.26,1.8664,4
46820,5041.06,-3080.5,1.8701,4
46830,5032.68,-3051.41,1.879,4
46840,5023.63,-3021.88,1.8989,4
46850,5013.6,-2992.1,1.9185,4
46860,5002.39,-2962.43,1.9362,4
46870,4990.22,-2933.62,1.9558,4
46880,4976.78,-2905.79,1.9918,4
46890,4962.55,-2878.4,2.0197,4
46900,4948.19,-2851.07,2.035,4
46910,4934.08,-2823.3,2.0404,4
46920,4920.92,-2794.75,2.0212,4
46930,4908.21,-2765.36,2.0096,4
46940,4895.35,-2736.69,2.0218,4
46950,4881.01,-2708.75,2.0605,4
46960,4864.87,-2681.84,2.1065,4
46970,4847.08,-2655.96,2.1503,4
46980,4828.34,-2630.07,2.1666,4
46990,4810.11,-2604.41,2.1618,4
47000,4792.85,-2578.57,2.1492,4
47010,4776.2,-2552.86,2.1553,4
47020,4759.7,-2527.04,2.1659,4
47030,4742.74,-2501.49,2.1879,4
47040,4724.62,-2476.07,2.2129,4
47050,4705.41,-2451.1,2.2311,4
47060,4685.06,-2426.77,2.2511,4
47070,4663.78,-2403.81,2.2892,4
47080,4641.86,-2381.46,2.3161,4
47090,4619.92,-2359.14,2.3298,4
47100,4598.19,-2336.22,2.3305,4
47110,4576.99,-2312.07,2.3116,4
47120,4556.11,-2287.28,2.3011,4
47130,4535.15,-2263.57,2.3234,4
47140,4512.93,-2241.05,2.363,4
47150,4489.28,-2220.04,2.4087,4
47160,4464.22,-2200.29,2.45,4
47170,4438.64,-2180.71,2.4572,4
47180,4413.27,-2160.79,2.4511,4
47190,4388.55,-2140.71,2.4509,4
47200,4364.47,-2120.49,2.4556,4
47210,4340.49,-2100.14,2.4656,4
47220,4316.13,-2080.2,2.4867,4
47230,4290.92,-2060.45,2.4991,4
47240,4264.79,-2041.45,2.5171,4
47250,4238.33,-2024.18,2.5476,4
47260,4211.17,-2008.38,2.5859,4
47270,4183.59,-1993.34,2.6124,4
47280,4155.99,-1978.33,2.6259,4
47290,4128.64,-1962.3,2.6139,4
47300,4101.46,-1944.9,2.5944,4
47310,4074.56,-1927.4,2.5962,4
47320,4047.39,-1911.14,2.6281,4
47330,4019.27,-1896.58,2.6714,4
47340,3990.21,-1883.93,2.7182,4
47350,3960.21,-1872.12,2.7384,4
47360,3930.62,-1860.64,2.7409,4
47370,3901.51,-1849.01,2.7429,4
47380,3872.93,-1837.13,2.7497,4
47390,3844.5,-1824.9,2.7575,4
47400,3815.94,-1812.94,2.7758,4
47410,3786.72,-1801.14,2.783,4
47420,3756.54,-1790.28,2.8037,4
47430,3725.15,-1781.36,2.8502,4
47440,3693.05,-1774.1,2.8896,4
47450,3660.29,-1767.49,2.914,4
47460,3627.2,-1759.98,2.9057,4
47470,3595.19,-1751.11,2.8824,4
47480,3563.65,-1742.08,2.8908,4
47490,3531.9,-1733.78,2.9164,4
47500,3499.7,-1727.41,2.9598,4
47510,3466.68,-1722.74,2.991,4
47520,3432.96,-1719.33,3.0122,4
47530,3399.24,-1716.86,3.0392,4
47540,3365.57,-1714.04,3.0479,4
47550,3331.71,-1710.34,3.0477,4
47560,3297.46,-1705.51,3.0321,4
47570,3262.61,-1701.28,3.0464,4
47580,3227.09,-1699.25,3.0867,4
47590,3191.0,-1699.6,3.1292,4
47600,3154.46,-1700.86,3.1446,4
47610,3117.16,-1701.09,3.1304,4
47620,3079.44,-1699.29,3.1037,4
47630,3041.33,-1695.98,3.0842,4
47640,3002.75,-1692.76,3.0859,4
47650,2963.64,-1691.14,3.1067,4
47660,2924.05,-1691.48,3.1319,4
47670,2884.02,-1692.87,3.1449,4
47680,2843.53,-1693.7,3.1378,4
47690,2802.62,-1692.73,3.116,4
47700,2761.37,-1689.86,3.0929,4
47710,2719.76,-1686.08,3.0825,4
47720,2677.86,-1683.0,3.0912,4
47730,2635.48,-1681.84,3.114,4
47740,2592.91,-1683.04,3.1469,4
47750,2550.51,-1685.41,3.166,4
47760,2508.68,-1687.33,3.166,4
47770,2467.43,-1687.44,3.1458,4
47780,2426.81,-1685.82,3.1244,4
47790,2386.82,-1683.54,3.116,4
47800,2347.44,-1682.05,3.1256,4
47810,2308.36,-1682.35,3.1482,4
47820,2269.96,-1684.83,3.1831,4
47830,2232.02,-1688.71,3.2122,4
47840,2194.06,-1692.54,3.2221,4
47850,2155.75,-1694.96,3.2087,4
47860,2116.92,-1695.77,3.1873,4
47870,2077.97,-1696.1,3.1812,4
47880,2039.71,-1697.42,3.1942,4
47890,2002.21,-1700.54,3.2186,4
47900,1965.58,-1705.54,3.2507,4
47910,1929.13,-1711.65,3.2767,4
47920,1892.6,-1717.41,3.2834,4
47930,1855.43,-1721.91,3.272,4
47940,1817.66,-1725.1,3.2536,4
47950,1779.6,-1728.15,3.2515,4
47960,1741.23,-1732.41,3.2669,4
47970,1702.67,-1738.6,3.2911,4
47980,1664.79,-1746.38,3.3158,4
47990,1627.45,-1754.95,3.3378,4
48000,1589.99,-1763.02,3.3415,4
48010,1552.05,-1769.91,3.3336,4
48020,1513.44,-1775.57,3.3166,4
48030,1474.38,-1781.33,3.3169,4
48040,1435.98,-1788.36,3.3344,4
48050,1398.27,-1797.2,3.3589,4
48060,1361.53,-1807.22,3.3782,4
48070,1325.61,-1817.72,3.3982,4
48080,1289.55,-1827.59,3.4005,4
48090,1253.19,-1836.43,3.3968,4
48100,1216.12,-1844.36,3.3826,4
48110,1178.65,-1852.69,3.3867,4
48120,1141.13,-1862.63,3.4068,4
48130,1104.19,-1874.33,3.4309,4
48140,1068.17,-1886.81,3.4444,4
48150,1032.61,-1899.52,3.4598,4
48160,996.78,-1911.43,3.4595,4
48170,960.42,-1922.49,3.4571,4
48180,923.39,-1932.93,3.4481,4
48190,886.31,-1944.01,3.4557,4
48200,849.32,-1956.81,3.4772,4
48210,812.87,-1971.33,3.5002,4
48220,777.33,-1986.39,3.511,4
48230,742.41,-2001.19,3.5194,4
48240,707.13,-2015.13,3.5178,4
48250,671.51,-2028.19,3.5161,4
48260,635.29,-2041.03,3.5137,4
48270,598.93,-2054.74,3.5236,4
48280,562.81,-2070.26,3.5462,4
48290,527.56,-2087.25,3.5679,4
48300,493.14,-2104.55,3.5766,4
48310,459.2,-2121.36,3.578,4
48320,425.21,-2137.28,3.5773,4
48330,390.86,-2152.42,3.5751,4
48340,356.41,-2167.35,3.5815,4
48350,321.62,-2182.66,3.5841,4
48360,287.11,-2199.11,3.5995,4
48370,252.9,-2217.21,3.6202,4
48380,219.03,-2236.6,3.6371,4
48390,185.71,-2256.29,3.6437,4
48400,152.73,-2275.28,3.638,4
48410,119.75,-2293.59,3.6382,4
48420,86.41,-2311.16,3.6354,4
48430,52.87,-2328.2,3.6356,4
48440,19.61,-2345.13,3.6436,4
48450,-12.89,-2362.06,3.6503,4
48460,-44.69,-2379.57,3.6616,4
48470,-75.6,-2397.89,3.6777,4
48480,-105.35,-2416.81,3.6937,4
48490,-134.35,-2436.23,3.7054,4
48500,-162.87,-2455.74,3.7103,4
48510,-191.19,-2474.9,3.7076,4
48520,-219.55,-2493.29,3.6982,4
48530,-247.55,-2510.87,3.6972,4
48540,-275.53,-2527.75,3.695,4
48550,-303.4,-2544.09,3.6952,4
48560,-330.98,-2560.22,3.701,4
48570,-358.01,-2576.49,3.7141,4
48580,-384.43,-2592.98,3.7225,4
48590,-409.74,-2609.7,3.7355,4
48600,-434.19,-2626.97,3.751,4
48610,-457.84,-2644.65,3.7652,4
48620,-480.78,-2662.53,3.7747,4
48630,-503.31,-2680.26,3.7773,4
48640,-525.3,-2697.24,3.7725,4
48650,-547.3,-2713.44,3.7613,4
48660,-569.52,-2728.56,3.7388,4
48670,-591.92,-2742.54,3.7139,4
48680,-614.37,-2755.53,3.6923,4
48690,-636.66,-2767.81,3.6768,4
48700,-658.15,-2779.49,3.6685,4
48710,-679.26,-2790.79,3.6536,4
48720,-699.97,-2801.71,3.6339,4
48730,-720.69,-2812.57,3.6157,4
48740,-741.49,-2823.29,3.5953,4
48750,-762.5,-2833.65,3.5696,4
48760,-784.17,-2843.5,3.5374,4
48770,-806.12,-2852.28,3.498,4
48780,-828.52,-2859.76,3.4527,4
48790,-851.36,-2865.84,3.4046,4
48800,-874.54,-2870.49,3.3571,4
48810,-898.31,-2873.97,3.3148,4
48820,-921.77,-2876.45,3.2781,4
48830,-945.25,-2878.34,3.249,4
48840,-968.75,-2879.94,3.2264,4
48850,-992.25,-2881.46,3.2078,4
48860,-1015.8,-2882.94,3.1907,4
48870,-1039.11,-2884.15,3.1692,4
48880,-1062.41,-2884.88,3.1419,4
48890,-1085.72,-2884.77,3.1073,4
48900,-1109.03,-2883.5,3.0657,4
48910,-1132.25,-2880.84,3.0192,4
48920,-1155.63,-2876.62,2.9702,4
48930,-1178.46,-2871.03,2.9228,4
48940,-1200.98,-2864.31,2.8805,4
48950,-1223.25,-2856.75,2.8454,4
48960,-1245.4,-2848.74,2.8194,4
48970,-1267.81,-2840.4,2.7984,4
48980,-1289.84,-2832.13,2.7805,4
48990,-1311.81,-2823.77,2.7621,4
49000,-1333.72,-2815.15,2.7399,4
49010,-1355.44,-2806.01,2.7112,4
49020,-1377.12,-2795.86,2.6759,4
49030,-1398.01,-2784.7,2.6329,4
49040,-1418.15,-2772.29,2.5855,4
49050,-1437.47,-2758.63,2.5371,4
49060,-1455.99,-2743.83,2.4916,4
49070,-1473.71,-2728.28,2.4519,4
49080,-1490.68,-2712.37,2.4188,4
49090,-1507.33,-2696.16,2.3926,4
49100,-1523.86,-2679.81,2.3717,4
49110,-1540.36,-2663.38,2.3531,4
49120,-1557.06,-2646.62,2.3347,4
49130,-1573.63,-2629.51,2.3112,4
49140,-1589.69,-2611.95,2.2805,4
49150,-1604.96,-2593.71,2.242,4
49160,-1619.2,-2574.62,2.1976,4
49170,-1632.25,-2554.72,2.1511,4
49180,-1643.75,-2534.49,2.103,4
49190,-1654.12,-2513.66,2.0584,4
49200,-1663.56,-2492.39,2.0198,4
49210,-1672.38,-2470.83,1.9883,4
49220,-1681.01,-2448.83,1.9643,4
49230,-1689.56,-2426.7,1.9457,4
49240,-1698.04,-2404.57,1.9284,4
49250,-1706.41,-2382.39,1.909,4
49260,-1714.4,-2360.08,1.8843,4
49270,-1721.72,-2337.48,1.853,4
49280,-1727.78,-2315.06,1.8108,4
49290,-1732.41,-2292.35,1.7614,4
49300,-1735.45,-2269.37,1.7084,4
49310,-1736.94,-2246.19,1.6561,4
49320,-1737.17,-2222.59,1.6109,4
49330,-1736.54,-2198.61,1.5747,4
49340,-1735.45,-2174.66,1.5471,4
49350,-1734.25,-2150.7,1.5258,4
49360,-1733.01,-2126.68,1.5068,4
49370,-1731.51,-2103.47,1.4798,4
49380,-1729.26,-2080.35,1.4429,4
49390,-1725.75,-2057.38,1.3941,4
49400,-1720.53,-2034.72,1.3355,4
49410,-1713.49,-2012.48,1.2738,4
49420,-1704.79,-1990.85,1.215,4
49430,-1694.96,-1969.72,1.1665,4
49440,-1684.48,-1948.86,1.13,4
49450,-1673.58,-1927.39,1.1105,4
49460,-1662.62,-1905.54,1.0955,4
49470,-1651.25,-1883.09,1.0765,4
49480,-1639.21,-1860.59,1.0482,4
49490,-1626.45,-1837.72,1.0367,4
49500,-1612.85,-1814.95,1.0219,4
49510,-1598.05,-1792.13,1.0033,4
49520,-1581.94,-1769.82,0.9682,4
49530,-1564.71,-1747.95,0.9348,4
49540,-1546.68,-1725.91,0.9123,4
49550,-1528.51,-1703.61,0.8999,4
49560,-1510.63,-1680.29,0.9108,4
49570,-1493.38,-1656.13,0.9275,4
49580,-1476.19,-1631.2,0.9356,4
49590,-1458.39,-1606.78,0.914,4
49600,-1439.59,-1583.68,0.8738,4
49610,-1419.33,-1561.86,0.8279,4
49620,-1397.73,-1541.27,0.7841,4
49630,-1375.43,-1521.04,0.7679,4
49640,-1353.28,-1500.69,0.7712,4
49650,-1331.99,-1480.04,0.7847,4
49660,-1311.7,-1459.6,0.7848,4
49670,-1291.54,-1439.03,0.7742,4
49680,-1271.18,-1418.67,0.7553,4
49690,-1250.13,-1398.99,0.724,4
49700,-1227.92,-1379.69,0.7008,4
49710,-1204.75,-1361.08,0.6817,4
49720,-1180.48,-1342.93,0.6644,4
49730,-1155.79,-1325.83,0.6368,4
49740,-1131.11,-1309.48,0.6128,4
49750,-1106.46,-1293.14,0.5995,4
49760,-1081.94,-1276.53,0.5919,4
49770,-1057.64,-1259.07,0.6014,4
49780,-1033.2,-1240.84,0.6104,4
49790,-1008.96,-1222.92,0.6083,4
49800,-984.66,-1206.53,0.5775,4
49810,-959.38,-1191.73,0.5323,4
49820,-933.23,-1178.54,0.4873,4
49830,-906.44,-1166.63,0.4495,4
49840,-879.05,-1154.64,0.4414,4
49850,-851.69,-1141.87,0.4536,4
49860,-824.37,-1127.86,0.4721,4
49870,-797.66,-1113.51,0.4737,4
49880,-771.26,-1099.47,0.4584,4
49890,-744.48,-1086.18,0.4312,4
49900,-717.05,-1074.26,0.3927,4
49910,-688.82,-1063.52,0.3647,4
49920,-659.94,-1053.68,0.3469,4
49930,-631.41,-1044.66,0.3361,4
49940,-603.11,-1036.22,0.3198,4
49950,-575.21,-1028.07,0.3035,4
49960,-547.38,-1019.68,0.2941,4
49970,-519.62,-1011.0,0.285,4
49980,-491.68,-1001.91,0.2849,4
49990,0.0,0.0,0.2852,5
50000,28.9,9.06,0.2796,5
50010,58.14,15.51,0.232,5
50020,87.29,20.21,0.1889,5
50030,116.57,23.99,0.1582,5
50040,145.85,27.63,0.141,5
50050,175.59,32.27,0.1515,5
50060,205.37,38.13,0.1711,5
50070,234.67,44.34,0.1778,5
50080,263.38,49.02,0.1378,5
50090,292.34,51.59,0.0848,5
50100,321.45,51.89,0.0294,5
50110,351.15,51.16,0.0063,5
50120,381.15,50.73,0.0115,5
50130,411.74,51.39,0.0273,5
50140,442.85,53.02,0.0345,5
50150,474.82,55.02,0.031,5
50160,507.36,56.17,0.0102,5
50170,540.43,55.92,-0.0114,5
50180,574.0,54.03,-0.0354,5
50190,608.07,51.38,-0.0462,5
50200,642.67,49.39,-0.0361,5
50210,677.84,49.11,-0.0113,5
50220,713.49,50.41,0.0113,5
50230,749.62,52.07,0.0157,5
50240,786.27,52.48,-0.0019,5
50250,823.37,50.88,-0.0289,5
50260,860.89,48.02,-0.0452,5
50270,898.88,45.62,-0.0386,5
50280,937.4,45.09,-0.014,5
50290,976.59,46.47,0.0103,5
50300,1016.23,48.34,0.0164,5
50310,1056.32,48.86,-0.0003,5
50320,1096.82,47.22,-0.0274,5
50330,1137.71,44.15,-0.0446,5
50340,1179.04,41.48,-0.039,5
50350,1220.87,40.82,-0.0149,5
50360,1263.13,42.24,0.0099,5
50370,1305.68,44.28,0.017,5
50380,1348.28,44.96,0.0011,5
50390,1390.84,43.33,-0.0259,5
50400,1433.33,40.19,-0.0439,5
50410,1475.84,37.42,-0.0394,5
50420,1518.42,36.66,-0.0158,5
50430,1561.0,38.04,0.0095,5
50440,1603.56,40.11,0.0176,5
50450,1646.15,40.89,0.0025,5
50460,1688.7,39.39,-0.0244,5
50470,1731.2,36.29,-0.0431,5
50480,1773.72,33.47,-0.0397,5
50490,1816.3,32.61,-0.0166,5
50500,1858.88,33.93,0.009,5
50510,1901.44,36.02,0.0181,5
50520,1944.04,36.9,0.004,5
50530,1986.62,35.51,-0.0229,5
50540,2029.12,32.46,-0.0424,5
50550,2071.62,29.6,-0.04,5
50560,2114.2,28.66,-0.0175,5
50570,2156.78,29.93,0.0085,5
50580,2199.34,32.05,0.0186,5
50590,2241.92,33.06,0.0054,5
50600,2284.5,31.79,-0.0213,5
50610,2327.0,28.77,-0.0416,5
50620,2369.5,25.87,-0.0402,5
50630,2412.08,24.84,-0.0183,5
50640,2454.66,26.04,0.0079,5
50650,2497.22,28.18,0.019,5
50660,2539.79,29.29,0.0067,5
50670,2582.36,28.12,-0.0198,5
50680,2624.86,25.17,-0.0407,5
50690,2667.37,22.26,-0.0404,5
50700,2709.93,21.14,-0.0192,5
50710,2752.51,22.29,0.0073,5
50720,2795.06,24.45,0.0194,5
50730,2837.65,25.64,0.008,5
50740,2880.24,24.6,-0.0182,5
50750,2922.75,21.72,-0.0398,5
50760,2965.26,18.79,-0.0406,5
50770,3007.83,17.59,-0.02,5
50780,3050.41,18.66,0.0067,5
50790,3092.97,20.84,0.0197,5
50800,3135.56,22.12,0.0093,5
50810,3178.14,21.18,-0.0166,5
50820,3220.65,18.37,-0.0388,5
50830,3263.15,15.4,-0.0407,5
50840,3305.73,14.1,-0.0208,5
50850,3348.32,15.11,0.0061,5
50860,3390.86,17.3,0.02,5
50870,3433.44,18.69,0.0106,5
50880,3476.02,17.89,-0.0151,5
50890,3518.53,15.13,-0.0378,5
50900,3561.01,12.14,-0.0408,5
50910,3603.57,10.76,-0.0216,5
50920,3646.17,11.69,0.0054,5
50930,3688.72,13.88,0.0202,5
50940,3731.31,15.34,0.0118,5
50950,3773.9,14.62,-0.0135,5
50960,3816.44,11.94,-0.0368,5
50970,3858.92,8.93,-0.0408,5
50980,3901.49,7.46,-0.0224,5
50990,3944.07,8.32,0.0047,5
51000,3986.62,10.5,0.0204,5
51010,4029.19,12.06,0.013,5
51020,4071.77,11.51,-0.0119,5
51030,4114.3,8.92,-0.0357,5
51040,4156.78,5.9,-0.0408,5
51050,4199.34,4.36,-0.0232,5
51060,4241.93,5.13,0.004,5
51070,4284.48,7.3,0.0205,5
51080,4327.05,8.93,0.0141,5
51090,4369.63,8.5,-0.0103,5
51100,4412.16,5.98,-0.0347,5
51110,4454.66,2.94,-0.0407,5
51120,4497.22,1.33,-0.024,5
51130,4539.8,2.02,0.0032,5
51140,4582.35,4.19,0.0205,5
51150,4624.91,5.92,0.0152,5
51160,4667.5,5.6,-0.0088,5
51170,4710.04,3.14,-0.0335,5
51180,4752.55,0.09,-0.0406,5
51190,4795.11,-1.61,-0.0247,5
51200,4837.72,-0.99,0.0024,5
51210,4880.26,1.17,0.0206,5
51220,4922.84,2.98,0.0163,5
51230,4965.42,2.76,-0.0072,5
51240,5007.96,0.41,-0.0323,5
51250,5050.46,-2.65,-0.0405,5
51260,5093.03,-4.42,-0.0254,5
51270,5135.61,-3.88,0.0016,5
51280,5178.17,-1.74,0.0205,5
51290,5220.74,0.13,0.0173,5
51300,5263.33,0.04,-0.0056,5
51310,5305.88,-2.24,-0.0311,5
51320,5348.38,-5.28,-0.0402,5
51330,5390.93,-7.13,-0.0261,5
51340,5433.52,-6.67,0.0008,5
51350,5476.08,-4.55,0.0205,5
51360,5518.62,-2.61,0.0184,5
51370,5561.21,-2.58,-0.004,5
51380,5603.75,-4.74,-0.0299,5
51390,5646.26,-7.79,-0.04,5
51400,5688.79,-9.7,-0.0267,5
51410,5731.39,-9.35,0.0,5
51420,5773.95,-7.26,0.0204,5
51430,5816.52,-5.26,0.0193,5
51440,5859.1,-5.1,-0.0024,5
51450,5901.67,-7.17,-0.0286,5
51460,5944.17,-10.2,-0.0396,5
51470,5986.72,-12.2,-0.0279,5
51480,6029.31,-12.08,-0.0023,5
51490,6071.87,-10.12,0.0189,5
51500,6114.41,-7.91,0.0219,5
51510,6156.99,-7.12,0.0055,5
51520,6199.56,-8.42,-0.0192,5
51530,6242.08,-11.21,-0.0368,5
51540,6284.59,-14.04,-0.037,5
51550,6327.16,-15.47,-0.0206,5
51560,6369.74,-14.91,0.0027,5
51570,6412.31,-12.87,0.0201,5
51580,6454.85,-10.59,0.0228,5
51590,6497.33,-9.4,0.0102,5
51600,6539.23,-10.0,-0.0108,5
51610,6580.5,-12.17,-0.03,5
51620,6621.42,-15.03,-0.0387,5
51630,6661.75,-17.47,-0.0336,5
51640,6701.51,-18.51,-0.0171,5
51650,6740.96,-17.93,0.0038,5
51660,6779.76,-16.11,0.0199,5
51670,6817.91,-14.01,0.0238,5
51680,6855.75,-12.74,0.0133,5
51690,6892.95,-12.99,-0.0068,5
51700,6929.44,-14.71,-0.0269,5
51710,6965.54,-17.3,-0.0403,5
51720,7000.93,-20.0,-0.0488,5
51730,7035.65,-21.94,-0.0447,5
51740,7070.08,-22.85,-0.0355,5
51750,7103.78,-22.8,-0.0243,5
51760,7137.11,-22.38,-0.0188,5
51770,7169.69,-22.93,-0.0397,5
51780,7201.78,-25.5,-0.0836,5
51790,7233.62,-30.17,-0.1289,5
51800,7265.21,-36.44,-0.1661,5
51810,7297.33,-42.93,-0.1699,5
51820,7329.87,-48.6,-0.1564,5
51830,7362.8,-53.57,-0.1545,5
51840,7395.79,-58.09,-0.1589,5
51850,7428.75,-62.81,-0.1732,5
51860,7461.83,-68.58,-0.1988,5
51870,7494.51,-75.39,-0.2151,5
51880,7526.15,-83.37,-0.236,5
51890,7556.94,-93.01,-0.2763,5
51900,7587.37,-103.62,-0.3048,5
51910,7617.75,-114.41,-0.3194,5
51920,7648.58,-124.72,-0.3187,5
51930,7680.33,-133.96,-0.2988,5
51940,7712.35,-142.49,-0.2895,5
51950,7743.5,-151.52,-0.3122,5
51960,7774.14,-162.02,-0.3481,5
51970,7804.06,-174.42,-0.3911,5
51980,7833.57,-188.48,-0.4242,5
51990,7862.98,-203.24,-0.4346,5
52000,7891.65,-217.71,-0.4388,5
52010,7920.03,-231.91,-0.4492,5
52020,7948.61,-245.63,-0.4536,5
52030,7977.37,-259.04,-0.4604,5
52040,8006.42,-272.52,-0.4656,5
52050,8035.75,-286.51,-0.471,5
52060,8064.28,-301.27,-0.4872,5
52070,8091.16,-317.4,-0.5291,5
52080,8117.07,-335.02,-0.5705,5
52090,8142.37,-353.51,-0.6002,5
52100,8167.78,-372.33,-0.6148,5
52110,8194.07,-390.39,-0.597,5
52120,8221.0,-407.37,-0.5773,5
52130,8247.91,-423.68,-0.5732,5
52140,8274.14,-440.33,-0.5964,5
52150,8299.54,-458.19,-0.6329,5
52160,8323.73,-477.65,-0.6781,5
52170,8347.14,-498.49,-0.7082,5
52180,8370.5,-520.25,-0.7195,5
52190,8393.88,-541.89,-0.718,5
52200,8417.04,-563.2,-0.729,5
52210,8440.51,-584.13,-0.7339,5
52220,8464.2,-604.82,-0.7412,5
52230,8488.05,-625.79,-0.7523,5
52240,8511.92,-647.21,-0.7575,5
52250,8534.8,-669.08,-0.7734,5
52260,8555.91,-691.63,-0.8086,5
52270,8575.65,-715.37,-0.8504,5
52280,8594.53,-739.8,-0.8817,5
52290,8613.14,-764.42,-0.8996,5
52300,8632.88,-788.9,-0.8873,5
52310,8653.92,-813.0,-0.8673,5
52320,8675.57,-836.61,-0.8566,5
52330,8696.49,-860.33,-0.8788,5
52340,8716.3,-884.99,-0.9142,5
52350,8734.5,-910.84,-0.9582,5
52360,8751.41,-937.9,-0.9938,5
52370,8767.97,-965.81,-1.0053,5
52380,8784.25,-993.2,-1.0048,5
52390,8800.56,-1020.11,-1.0089,5
52400,8817.0,-1046.45,-1.0146,5
52410,8833.78,-1072.59,-1.0215,5
52420,8850.42,-1098.89,-1.0376,5
52430,8866.9,-1125.58,-1.0449,5
52440,8882.85,-1153.24,-1.0603,5
52450,8897.23,-1181.32,-1.0885,5
52460,8909.76,-1209.88,-1.1313,5
52470,8921.23,-1238.87,-1.1625,5
52480,8932.42,-1267.98,-1.1801,5
52490,8944.34,-1297.1,-1.1754,5
52500,8957.51,-1326.01,-1.1557,5
52510,8971.46,-1354.39,-1.1411,5
52520,8984.91,-1382.59,-1.1568,5
52530,8996.99,-1410.94,-1.1909,5
52540,9007.26,-1439.99,-1.2349,5
52550,9015.59,-1469.67,-1.2812,5
52560,9023.2,-1500.15,-1.2963,5
52570,9030.88,-1530.88,-1.2967,5
52580,9039.17,-1562.02,-1.294,5
52590,9047.95,-1592.87,-1.2983,5
52600,9057.1,-1623.63,-1.305,5
52610,9065.94,-1654.49,-1.3235,5
52620,9074.15,-1685.49,-1.3348,5
52630,9080.92,-1716.02,-1.3551,5
52640,9085.69,-1746.1,-1.3941,5
52650,9088.83,-1776.39,-1.4364,5
52660,9091.37,-1806.74,-1.4617,5
52670,9094.49,-1837.35,-1.4641,5
52680,9099.11,-1868.35,-1.4411,5
52690,9104.6,-1899.78,-1.4284,5
52700,9109.2,-1931.61,-1.4546,5
52710,9112.02,-1964.19,-1.4943,5
52720,9112.71,-1997.43,-1.5383,5
52730,9112.0,-2031.2,-1.5638,5
52740,9110.78,-2065.23,-1.5758,5
52750,9109.95,-2099.78,-1.5746,5
52760,9110.12,-2134.58,-1.565,5
52770,9111.37,-2169.87,-1.5538,5
52780,9113.44,-2205.39,-1.5423,5
52790,9115.52,-2241.4,-1.5426,5
52800,9116.82,-2277.66,-1.5537,5
52810,9116.84,-2314.43,-1.5712,5
52820,9115.56,-2351.45,-1.5886,5
52830,9113.44,-2388.19,-1.6004,5
52840,9111.11,-2424.59,-1.6032,5
52850,9109.28,-2460.66,-1.5968,5
52860,9108.43,-2496.07,-1.5835,5
52870,9108.69,-2531.14,-1.5673,5
52880,9109.98,-2565.83,-1.5527,5
52890,9111.91,-2600.14,-1.5431,5
52900,9114.02,-2634.07,-1.5403,5
52910,9115.82,-2667.66,-1.5445,5
52920,9116.94,-2700.52,-1.5542,5
52930,9117.19,-2733.01,-1.5672,5
52940,9116.57,-2765.12,-1.5806,5
52950,9115.24,-2796.83,-1.5921,5
52960,9113.44,-2828.13,-1.5998,5
52970,9111.48,-2859.02,-1.6027,5
52980,9109.66,-2889.52,-1.6008,5
52990,9108.25,-2920.02,-1.5942,5
53000,9107.49,-2950.13,-1.5836,5
53010,9107.48,-2979.84,-1.5709,5
53020,9108.21,-3009.12,-1.5587,5
53030,9109.52,-3037.95,-1.5484,5
53040,9111.18,-3066.35,-1.5416,5
53050,9112.92,-3094.3,-1.5395,5
53060,9114.46,-3121.82,-1.5428,5
53070,9115.53,-3148.88,-1.5507,5
53080,9116.03,-3175.5,-1.5615,5
53090,9115.86,-3201.65,-1.5737,5
53100,9115.09,-3227.33,-1.5855,5
53110,9113.76,-3252.49,-1.5994,5
53120,9111.76,-3277.11,-1.6213,5
53130,9109.38,-3301.17,-1.6382,5
53140,9106.9,-3324.72,-1.6497,5
53150,9104.53,-3347.75,-1.6567,5
53160,9102.4,-3370.23,-1.6607,5
53170,9100.15,-3392.15,-1.6818,5
53180,9097.73,-3413.69,-1.7032,5
53190,9095.04,-3434.63,-1.7271,5
53200,9091.92,-3454.92,-1.755,5
53210,9088.2,-3474.48,-1.7879,5
53220,9083.76,-3493.27,-1.8262,5
53230,9078.3,-3511.07,-1.8812,5
53240,9071.68,-3528.98,-1.9254,5
53250,9063.87,-3546.91,-1.969,5
53260,9054.98,-3564.81,-2.0097,5
53270,9045.63,-3581.74,-2.047,5
53280,9035.94,-3597.73,-2.0842,5
53290,9025.42,-3613.75,-2.1233,5
53300,9014.36,-3629.97,-2.1476,5
53310,9002.91,-3646.45,-2.1681,5
53320,8991.51,-3662.6,-2.1868,5
53330,8979.99,-3678.67,-2.2062,5
53340,8968.52,-3693.99,-2.2374,5
53350,8957.1,-3708.51,-2.2672,5
53360,8944.95,-3723.05,-2.2977,5
53370,8931.94,-3737.48,-2.3322,5
53380,8917.97,-3751.56,-2.3708,5
53390,8902.93,-3765.21,-2.4132,5
53400,8887.16,-3777.61,-2.4708,5
53410,8870.7,-3789.07,-2.5161,5
53420,8853.29,-3799.88,-2.5587,5
53430,8835.56,-3809.9,-2.5962,5
53440,8818.06,-3819.06,-2.6287,5
53450,8800.97,-3827.59,-2.6559,5
53460,8784.27,-3835.38,-2.6916,5
53470,8767.1,-3843.24,-2.7112,5
53480,8749.44,-3851.19,-2.73,5
53490,8731.27,-3859.17,-2.7504,5
53500,8712.8,-3866.87,-2.7744,5
53510,8694.7,-3873.75,-2.8096,5
53520,8676.95,-3879.62,-2.8511,5
53530,8658.49,-3884.77,-2.8904,5
53540,8639.32,-3889.06,-2.9322,5
53550,8619.85,-3892.3,-2.975,5
53560,8600.87,-3894.39,-3.018,5
53570,8582.45,-3895.21,-3.0732,5
53580,8563.54,-3895.21,-3.1121,5
53590,8544.18,-3894.53,-3.1454,5
53600,8524.39,-3893.37,-3.1733,5
53610,8504.49,-3891.87,-3.197,5
53620,8485.23,-3890.21,-3.2181,5
53630,8466.65,-3888.26,-3.2499,5
53640,8447.61,-3886.12,-3.2689,5
53650,8428.15,-3883.71,-3.2903,5
53660,8408.3,-3880.85,-3.3151,5
53670,8388.1,-3877.33,-3.3445,5
53680,8368.59,-3873.14,-3.3795,5
53690,8349.27,-3867.7,-3.4338,5
53700,8329.88,-3861.01,-3.479,5
53710,8310.98,-3853.23,-3.5247,5
53720,8292.54,-3844.41,-3.5689,5
53730,8275.66,-3835.26,-3.6107,5
53740,8259.78,-3825.69,-3.6531,5
53750,8243.87,-3815.29,-3.6915,5
53760,8227.76,-3804.35,-3.7162,5
53770,8211.77,-3793.24,-3.7365,5
53780,8195.49,-3781.77,-3.7549,5
53790,8179.27,-3770.19,-3.7735,5
53800,8163.83,-3758.61,-3.8082,5
53810,8149.14,-3747.13,-3.8348,5
53820,8134.44,-3734.9,-3.8663,5
53830,8119.87,-3721.82,-3.902,5
53840,8105.84,-3707.92,-3.9419,5
53850,8093.01,-3693.73,-3.9856,5
53860,8081.63,-3679.2,-4.0437,5
53870,8070.81,-3663.65,-4.0875,5
53880,8060.52,-3647.2,-4.1275,5
53890,8050.69,-3629.96,-4.1631,5
53900,8041.4,-3612.43,-4.1942,5
53910,8032.78,-3595.28,-4.2209,5
53920,8024.92,-3578.48,-4.2572,5
53930,8017.01,-3561.21,-4.2787,5
53940,8009.03,-3543.48,-4.2999,5
53950,8001.08,-3525.21,-4.3235,5
53960,7993.46,-3506.66,-4.352,5
53970,7986.89,-3488.38,-4.4002,5
53980,7980.94,-3468.94,-4.4415,5
53990,7976.1,-3448.95,-4.4898,5
54000,7972.73,-3429.29,-4.5425,5
54010,7970.79,-3410.06,-4.5959,5
54020,7970.31,-3391.38,-4.6601,5
54030,7970.81,-3371.78,-4.7065,5
54040,7972.01,-3351.77,-4.745,5
54050,7973.63,-3331.68,-4.7761,5
54060,7975.66,-3312.26,-4.8162,5
54070,7977.85,-3293.03,-4.8418,5
54080,7980.47,-3273.4,-4.872,5
54090,7983.79,-3253.68,-4.9099,5
54100,7987.89,-3235.43,-4.9585,5
54110,7993.51,-3217.12,-5.0237,5
54120,8000.68,-3198.85,-5.0829,5
54130,8009.39,-3180.76,-5.1413,5
54140,8019.6,-3162.47,-5.1929,5
54150,8030.63,-3144.18,-5.2238,5
54160,8041.73,-3125.44,-5.2227,5
54170,8052.83,-3105.78,-5.2149,5
54180,8063.56,-3085.5,-5.2039,5
54190,8073.96,-3064.6,-5.1945,5
54200,8084.13,-3043.17,-5.1853,5
54210,8094.17,-3020.88,-5.1666,5
54220,8104.01,-2998.08,-5.1434,5
54230,8113.86,-2974.91,-5.1264,5
54240,8123.85,-2951.62,-5.1123,5
54250,8133.95,-2927.97,-5.0967,5
54260,8144.46,-2904.11,-5.0981,5
54270,8154.85,-2880.04,-5.0893,5
54280,8163.94,-2855.99,-5.0505,5
54290,8171.55,-2831.47,-5.0039,5
54300,8177.47,-2806.46,-4.9538,5
54310,8181.87,-2780.76,-4.906,5
54320,8185.84,-2754.77,-4.8953,5
54330,8189.37,-2729.2,-4.8772,5
54340,8192.58,-2704.12,-4.8557,5
54350,8195.84,-2679.06,-4.8392,5
54360,8199.08,-2653.95,-4.8219,5
54370,8202.33,-2628.45,-4.8094,5
54380,8205.59,-2603.1,-4.8096,5
54390,8207.5,-2578.63,-4.7687,5
54400,8207.75,-2554.07,-4.7168,5
54410,8206.22,-2529.6,-4.6626,5
54420,8203.11,-2505.22,-4.6118,5
54430,8199.36,-2480.57,-4.5923,5
54440,8195.43,-2455.23,-4.5839,5
54450,8191.45,-2429.58,-4.5697,5
54460,8187.62,-2403.56,-4.5593,5
54470,8183.78,-2376.87,-4.5467,5
54480,8179.75,-2349.86,-4.5332,5
54490,8175.34,-2322.25,-4.5252,5
54500,8169.54,-2295.07,-4.4852,5
54510,8162.1,-2268.32,-4.4398,5
54520,8152.99,-2242.07,-4.3954,5
54530,8142.58,-2216.27,-4.3571,5
54540,8131.78,-2190.29,-4.3492,5
54550,8121.02,-2164.93,-4.3365,5
54560,8110.26,-2139.59,-4.3234,5
54570,8099.67,-2114.2,-4.3139,5
54580,8089.17,-2088.77,-4.3041,5
54590,8078.59,-2063.34,-4.2908,5
54600,8067.8,-2037.32,-4.2877,5
54610,8056.57,-2011.14,-4.2775,5
54620,8044.53,-1985.67,-4.249,5
54630,8031.4,-1960.77,-4.2175,5
54640,8017.15,-1936.51,-4.185,5
54650,8001.85,-1912.87,-4.1531,5
54660,7985.6,-1889.85,-4.1232,5
54670,7968.67,-1866.93,-4.1069,5
54680,7951.77,-1844.14,-4.1052,5
54690,7934.93,-1821.84,-4.0907,5
54700,7918.09,-1799.57,-4.0804,5
54710,7901.37,-1777.24,-4.0726,5
54720,7884.78,-1754.81,-4.0653,5
54730,7868.26,-1732.36,-4.0562,5
54740,7851.93,-1710.32,-4.0458,5
54750,7835.96,-1688.56,-4.0482,5
54760,7819.94,-1667.43,-4.0347,5
54770,7803.51,-1647.22,-4.0079,5
54780,7786.58,-1628.11,-3.9768,5
54790,7769.1,-1610.16,-3.9434,5
54800,7751.2,-1593.33,-3.9108,5
54810,7733.04,-1577.54,-3.8815,5
54820,7714.95,-1562.48,-3.8656,5
54830,7697.23,-1547.81,-3.8637,5
54840,7679.66,-1533.81,-3.8409,5
54850,7662.41,-1520.31,-3.8229,5
54860,7645.11,-1506.88,-3.8083,5
54870,7628.26,-1493.82,-3.7947,5
54880,7611.83,-1481.19,-3.7798,5
54890,7595.67,-1469.18,-3.7537,5
54900,7579.71,-1457.94,-3.7236,5
54910,7563.01,-1446.99,-3.6919,5
54920,7545.51,-1436.51,-3.6563,5
54930,7527.19,-1426.72,-3.6172,5
54940,7508.91,-1418.2,-3.5751,5
54950,7490.67,-1411.19,-3.5183,5
54960,7471.65,-1405.07,-3.4741,5
54970,7451.89,-1399.76,-3.4336,5
54980,7431.79,-1395.14,-3.3982,5
54990,7412.17,-1391.2,-3.3679,5
55000,7393.09,-1387.73,-3.3424,5
55010,7374.59,-1384.76,-3.3088,5
55020,7355.62,-1381.84,-3.2892,5
55030,7336.16,-1379.03,-3.2695,5
55040,7316.22,-1376.4,-3.2475,5
55050,7296.01,-1374.15,-3.2212,5
55060,7276.33,-1372.74,-3.1823,5
55070,7257.27,-1372.32,-3.1381,5
55080,7237.75,-1372.91,-3.0962,5
55090,7217.86,-1374.59,-3.0527,5
55100,7198.08,-1377.39,-3.0091,5
55110,7179.08,-1381.11,-2.9665,5
55120,7160.98,-1385.82,-2.914,5
55130,7142.63,-1391.37,-2.8788,5
55140,7124.02,-1397.59,-2.8492,5
55150,7105.1,-1404.28,-2.8249,5
55160,7086.32,-1411.17,-2.8043,5
55170,7068.18,-1417.96,-2.7854,5
55180,7050.78,-1424.85,-2.754,5
55190,7032.99,-1432.08,-2.7327,5
55200,7014.93,-1439.8,-2.708,5
55210,6996.66,-1448.19,-2.6794,5
55220,6978.54,-1457.32,-2.6458,5
55230,6961.41,-1466.96,-2.6069,5
55240,6944.59,-1477.98,-2.5513,5
55250,6928.12,-1490.24,-2.5052,5
55260,6912.26,-1503.51,-2.4597,5
55270,6897.57,-1517.19,-2.4168,5
55280,6883.96,-1531.06,-2.3776,5
55290,6871.43,-1545.06,-2.3321,5
55300,6858.91,-1559.68,-2.3029,5
55310,6846.3,-1574.81,-2.2786,5
55320,6833.53,-1590.39,-2.2566,5
55330,6820.96,-1605.98,-2.2339,5
55340,6809.21,-1621.4,-2.1947,5
55350,6798.04,-1637.04,-2.1597,5
55360,6787.35,-1653.55,-2.1169,5
55370,6777.6,-1670.81,-2.067,5
55380,6769.32,-1688.11,-2.0134,5
55390,6762.71,-1705.44,-1.9467,5
55400,6756.91,-1724.04,-1.8963,5
55410,6751.96,-1743.33,-1.8522,5
55420,6747.71,-1762.89,-1.8159,5
55430,6744.0,-1781.93,-1.7865,5
55440,6740.87,-1800.41,-1.7491,5
55450,6737.8,-1819.37,-1.7258,5
55460,6734.87,-1838.8,-1.7015,5
55470,6732.18,-1859.16,-1.6737,5
55480,6730.17,-1879.06,-1.6398,5
55490,6729.28,-1899.47,-1.5869,5
55500,6729.57,-1920.31,-1.5397,5
55510,6731.24,-1941.52,-1.4888,5
55520,6734.34,-1962.98,-1.4377,5
55530,6738.87,-1984.6,-1.3884,5
55540,6744.16,-2006.86,-1.3686,5
55550,6749.59,-2029.49,-1.3658,5
55560,6754.83,-2052.55,-1.3702,5
55570,6759.64,-2076.07,-1.3796,5
55580,6763.84,-2100.08,-1.3924,5
55590,6766.51,-2123.65,-1.4388,5
55600,6767.95,-2147.33,-1.481,5
55610,6768.51,-2171.04,-1.5159,5
55620,6768.51,-2194.74,-1.543,5
55630,6768.28,-2217.91,-1.5642,5
55640,6767.92,-2240.53,-1.5847,5
55650,6767.5,-2263.53,-1.6014,5
55660,6766.89,-2287.3,-1.6211,5
55670,6765.86,-2310.62,-1.646,5
55680,6764.1,-2333.36,-1.6779,5
55690,6761.23,-2355.43,-1.722,5
55700,6756.96,-2377.69,-1.7691,5
55710,6751.17,-2399.99,-1.8179,5
55720,6744.04,-2421.98,-1.864,5
55730,6736.01,-2443.1,-1.9055,5
55740,6726.99,-2464.24,-1.9429,5
55750,6717.35,-2485.51,-1.9694,5
55760,6707.37,-2507.02,-1.9897,5
55770,6697.31,-2528.58,-2.006,5
55780,6687.69,-2549.19,-2.0219,5
55790,6677.64,-2570.02,-2.0458,5
55800,6666.96,-2590.97,-2.073,5
55810,6655.45,-2611.65,-2.1076,5
55820,6642.99,-2631.71,-2.1481,5
55830,6629.68,-2650.58,-2.1928,5
55840,6615.52,-2668.13,-2.2427,5
55850,6599.81,-2685.37,-2.2887,5
55860,6583.01,-2702.07,-2.33,5
55870,6565.67,-2718.11,-2.3644,5
55880,6548.39,-2733.41,-2.3916,5
55890,6531.34,-2748.14,-2.4161,5
55900,6513.68,-2763.34,-2.4348,5
55910,6495.67,-2778.68,-2.4548,5
55920,6477.5,-2793.67,-2.4805,5
55930,6459.68,-2807.37,-2.5174,5
55940,6440.83,-2820.34,-2.5623,5
55950,6420.84,-2832.22,-2.6147,5
55960,6399.59,-2842.79,-2.6708,5
55970,6378.14,-2851.66,-2.7248,5
55980,6356.73,-2859.15,-2.7736,5
55990,6334.37,-2866.2,-2.8087,5
56000,6311.59,-2873.09,-2.8344,5
56010,6289.5,-2879.73,-2.8552,5
56020,6267.85,-2885.98,-2.8828,5
56030,6245.31,-2891.86,-2.9174,5
56040,6222.26,-2896.63,-2.9651,5
56050,6198.88,-2899.66,-3.0248,5
56060,6174.6,-2901.14,-3.072,5
56070,6149.9,-2901.25,-3.1114,5
56080,6124.5,-2900.49,-3.1397,5
56090,6098.42,-2899.74,-3.148,5
56100,6071.99,-2899.96,-3.1305,5
56110,6044.93,-2901.14,-3.1163,5
56120,6017.26,-2902.84,-3.1112,5
56130,5989.23,-2904.17,-3.1217,5
56140,5960.54,-2904.46,-3.1405,5
56150,5931.27,-2903.42,-3.1635,5
56160,5901.47,-2901.41,-3.1794,5
56170,5871.06,-2899.38,-3.1788,5
56180,5840.04,-2898.4,-3.1617,5
56190,5808.71,-2898.93,-3.1374,5
56200,5776.86,-2900.51,-3.1204,5
56210,5744.45,-2902.08,-3.1214,5
56220,5711.46,-2902.45,-3.1402,5
56230,5677.98,-2900.79,-3.1747,5
56240,5644.06,-2897.58,-3.2054,5
56250,5609.65,-2894.14,-3.2159,5
56260,5574.65,-2892.02,-3.1992,5
56270,5539.08,-2891.64,-3.1744,5
56280,5502.99,-2891.92,-3.1651,5
56290,5466.45,-2891.22,-3.1785,5
56300,5429.27,-2888.52,-3.2052,5
56310,5391.77,-2884.29,-3.2253,5
56320,5353.76,-2880.08,-3.2238,5
56330,5315.17,-2877.54,-3.2018,5
56340,5276.04,-2876.7,-3.1831,5
56350,5236.45,-2876.03,-3.1898,5
56360,5196.5,-2873.66,-3.2198,5
56370,5156.09,-2868.8,-3.2532,5
56380,5115.49,-2862.2,-3.274,5
56390,5074.47,-2855.57,-3.2736,5
56400,5032.79,-2850.66,-3.2522,5
56410,4990.49,-2847.92,-3.2258,5
56420,4947.91,-2846.18,-3.2139,5
56430,4905.39,-2843.47,-3.2254,5
56440,4863.09,-2838.51,-3.2516,5
56450,4821.08,-2831.43,-3.281,5
56460,4779.21,-2823.53,-3.2987,5
56470,4737.19,-2816.55,-3.296,5
56480,4694.9,-2811.43,-3.2773,5
56490,4652.46,-2807.61,-3.262,5
56500,4610.06,-2803.44,-3.2662,5
56510,4567.89,-2797.54,-3.2865,5
56520,4526.03,-2789.66,-3.3101,5
56530,4484.39,-2780.68,-3.3231,5
56540,4442.66,-2772.09,-3.3187,5
56550,4400.65,-2765.04,-3.3,5
56560,4358.38,-2759.91,-3.2774,5
56570,4315.97,-2755.82,-3.2669,5
56580,4274.17,-2751.23,-3.2804,5
56590,4233.21,-2745.03,-3.3076,5
56600,4192.93,-2736.66,-3.3414,5
56610,4153.61,-2726.83,-3.3632,5
56620,4115.04,-2716.54,-3.3712,5
56630,4076.66,-2706.69,-3.3662,5
56640,4038.65,-2698.16,-3.3509,5
56650,4000.63,-2691.18,-3.3317,5
56660,3962.73,-2685.44,-3.3157,5
56670,3925.4,-2680.35,-3.3083,5
56680,3888.43,-2675.07,-3.3114,5
56690,3852.26,-2669.01,-3.3234,5
56700,3816.66,-2661.84,-3.34,5
56710,3781.63,-2653.59,-3.3561,5
56720,3747.47,-2644.73,-3.3672,5
56730,3713.74,-2635.53,-3.3764,5
56740,3680.38,-2626.4,-3.3816,5
56750,3647.25,-2617.77,-3.3802,5
56760,3614.32,-2609.87,-3.3751,5
56770,3581.61,-2602.7,-3.3697,5
56780,3549.51,-2596.28,-3.3632,5
56790,3517.68,-2590.34,-3.3567,5
56800,3486.25,-2584.47,-3.3566,5
56810,3455.27,-2578.31,-3.3625,5
56820,3424.82,-2571.57,-3.373,5
56830,3394.96,-2564.14,-3.3862,5
56840,3365.72,-2556.03,-3.3997,5
56850,3337.03,-2547.38,-3.4107,5
56860,3308.83,-2538.47,-3.4171,5
56870,3281.08,-2529.65,-3.4179,5
56880,3253.64,-2521.24,-3.4131,5
56890,3226.45,-2513.47,-3.4033,5
56900,3199.51,-2506.54,-3.3901,5
56910,3172.85,-2500.46,-3.3762,5
56920,3146.48,-2495.09,-3.3646,5
56930,3120.49,-2490.18,-3.3572,5
56940,3094.95,-2485.49,-3.3548,5
56950,3069.85,-2481.0,-3.3461,5
56960,3045.28,-2476.43,-3.3428,5
56970,3021.76,-2471.76,-3.3431,5
56980,2998.8,-2466.87,-3.3443,5
56990,2976.43,-2461.82,-3.344,5
57000,2954.57,-2457.04,-3.3282,5
57010,2932.71,-2452.89,-3.2977,5
57020,2910.72,-2449.64,-3.2604,5
57030,2888.59,-2447.51,-3.218,5
57040,2866.91,-2446.67,-3.1727,5
57050,2845.8,-2447.12,-3.126,5
57060,2825.35,-2448.92,-3.0721,5
57070,2804.6,-2451.91,-3.027,5
57080,2783.58,-2455.86,-2.9879,5
57090,2762.79,-2460.38,-2.9559,5
57100,2742.66,-2465.14,-2.9296,5
57110,2723.22,-2470.08,-2.9017,5
57120,2703.39,-2475.23,-2.8825,5
57130,2683.17,-2480.63,-2.8622,5
57140,2662.64,-2486.43,-2.8391,5
57150,2642.07,-2492.76,-2.8113,5
57160,2622.3,-2499.64,-2.7773,5
57170,2603.09,-2507.53,-2.7293,5
57180,2584.01,-2516.71,-2.6826,5
57190,2565.16,-2527.24,-2.6347,5
57200,2547.2,-2538.72,-2.5885,5
57210,2530.36,-2550.81,-2.5451,5
57220,2514.61,-2563.35,-2.4995,5
57230,2498.97,-2576.7,-2.4655,5
57240,2483.31,-2590.67,-2.4373,5
57250,2467.51,-2605.1,-2.4142,5
57260,2451.55,-2619.89,-2.394,5
57270,2436.12,-2634.36,-2.3737,5
57280,2421.36,-2648.74,-2.3459,5
57290,2406.6,-2663.69,-2.3188,5
57300,2392.06,-2679.44,-2.2856,5
57310,2377.96,-2696.12,-2.2474,5
57320,2364.97,-2713.22,-2.205,5
57330,2353.47,-2730.63,-2.1528,5
57340,2343.38,-2748.23,-2.1042,5
57350,2334.1,-2766.77,-2.0576,5
57360,2325.56,-2786.12,-2.0164,5
57370,2317.81,-2805.53,-1.982,5
57380,2310.75,-2824.54,-1.9534,5
57390,2303.91,-2844.13,-1.924,5
57400,2297.08,-2864.13,-1.9031,5
57410,2290.25,-2884.58,-1.883,5
57420,2283.68,-2904.92,-1.8616,5
57430,2277.66,-2924.8,-1.8362,5
57440,2272.49,-2944.33,-1.7983,5
57450,2268.05,-2964.45,-1.7602,5
57460,2264.62,-2985.21,-1.7165,5
57470,2262.36,-3006.53,-1.6702,5
57480,2261.41,-3027.93,-1.6236,5
57490,2261.68,-3048.77,-1.5781,5
57500,2263.11,-3068.95,-1.5292,5
57510,2265.42,-3089.49,-1.4907,5
57520,2268.36,-3110.37,-1.4588,5
57530,2271.75,-3131.62,-1.433,5
57540,2275.36,-3152.93,-1.411,5
57550,2279.13,-3173.63,-1.3859,5
57560,2282.96,-3193.71,-1.3645,5
57570,2287.16,-3214.15,-1.3407,5
57580,2292.07,-3235.29,-1.3116,5
57590,2297.64,-3255.89,-1.2775,5
57600,2304.0,-3275.64,-1.2382,5
57610,2311.38,-3294.39,-1.1868,5
57620,2320.1,-3313.03,-1.137,5
57630,2330.17,-3331.47,-1.0882,5
57640,2341.46,-3349.69,-1.0438,5
57650,2353.23,-3367.02,-1.0052,5
57660,2365.25,-3383.44,-0.9697,5
57670,2377.87,-3399.92,-0.9405,5
57680,2390.9,-3416.63,-0.919,5
57690,2404.3,-3433.58,-0.8996,5
57700,2417.81,-3450.47,-0.8799,5
57710,2431.17,-3466.74,-0.8571,5
57720,2444.64,-3482.14,-0.8212,5
57730,2459.0,-3497.32,-0.7835,5
57740,2474.6,-3512.27,-0.7409,5
57750,2490.82,-3526.12,-0.6953,5
57760,2507.38,-3538.6,-0.6478,5
57770,2524.22,-3549.64,-0.5954,5
57780,2542.03,-3559.95,-0.5497,5
57790,2560.67,-3569.63,-0.51,5
57800,2580.0,-3578.88,-0.476,5
57810,2599.65,-3587.8,-0.448,5
57820,2618.87,-3596.26,-0.4247,5
57830,2637.65,-3604.24,-0.3965,5
57840,2657.3,-3612.36,-0.3718,5
57850,2677.51,-3620.22,-0.3416,5
57860,2697.75,-3627.26,-0.3032,5
57870,2717.81,-3632.92,-0.2504,5
57880,2738.04,-3637.16,-0.1952,5
57890,2758.94,-3639.92,-0.1363,5
57900,2780.4,-3641.15,-0.0782,5
57910,2801.67,-3641.05,-0.0258,5
57920,2822.84,-3639.91,0.0236,5
57930,2844.38,-3638.24,0.0585,5
57940,2865.73,-3636.31,0.0874,5
57950,2886.48,-3634.23,0.1158,5
57960,2907.01,-3631.58,0.1555,5
57970,2927.81,-3628.04,0.1995,5
57980,2949.16,-3622.97,0.2549,5
57990,2970.34,-3616.11,0.3188,5
58000,2991.74,-3607.53,0.367,5
58010,3013.14,-3597.97,0.3926,5
58020,3035.04,-3587.72,0.4071,5
58030,3057.33,-3577.48,0.4093,5
58040,3080.61,-3567.69,0.3942,5
58050,3104.57,-3558.7,0.3749,5
58060,3129.58,-3550.64,0.3405,5
58070,3155.16,-3543.23,0.313,5
58080,3181.41,-3535.78,0.2973,5
58090,3207.9,-3528.01,0.2892,5
58100,3234.73,-3519.21,0.3021,5
58110,3261.61,-3509.59,0.3155,5
58120,3289.2,-3500.18,0.2973,5
58130,3317.42,-3492.0,0.2608,5
58140,3346.08,-3485.57,0.2161,5
58150,3375.12,-3481.02,0.1699,5
58160,3404.9,-3477.35,0.1507,5
58170,3434.99,-3473.81,0.1481,5
58180,3465.37,-3470.29,0.1361,5
58190,3495.7,-3466.48,0.1285,5
58200,3525.98,-3462.25,0.1224,5
58210,3556.29,-3458.03,0.11,5
58220,3586.53,-3453.76,0.1095,5
58230,3616.44,-3450.13,0.0998,5
58240,3645.68,-3448.33,0.0582,5
58250,3674.97,-3448.34,0.0144,5
58260,3704.23,-3449.81,-0.0238,5
58270,3733.45,-3452.26,-0.0524,5
58280,3762.96,-3454.69,-0.0561,5
58290,3792.8,-3456.36,-0.0433,5
58300,3823.21,-3457.3,-0.034,5
58310,3853.22,-3457.98,-0.0402,5
58320,3883.23,-3458.66,-0.0507,5
58330,3913.22,-3459.76,-0.0677,5
58340,3943.19,-3461.69,-0.0911,5
58350,3973.08,-3464.64,-0.116,5
58360,4003.47,-3468.43,-0.1289,5
58370,4034.01,-3473.08,-0.1425,5
58380,4064.28,-3478.63,-0.1611,5
58390,4093.97,-3485.07,-0.1855,5
58400,4123.5,-3492.18,-0.2048,5
58410,4152.93,-3499.66,-0.2188,5
58420,4182.32,-3507.26,-0.2281,5
58430,4211.71,-3514.76,-0.2342,5
58440,4240.74,-3521.94,-0.2382,5
58450,4269.5,-3528.38,-0.2276,5
58460,4297.99,-3534.11,-0.2168,5
58470,4326.16,-3539.31,-0.2087,5
58480,4353.88,-3544.45,-0.2142,5
58490,4381.1,-3549.92,-0.2294,5
58500,4408.18,-3556.04,-0.2492,5
58510,4434.61,-3562.89,-0.2734,5
58520,4460.31,-3570.64,-0.301,5
58530,4485.21,-3579.3,-0.3301,5
58540,4509.33,-3588.77,-0.3579,5
58550,4532.82,-3598.48,-0.367,5
58560,4555.76,-3608.25,-0.3726,5
58570,4578.21,-3617.87,-0.3736,5
58580,4600.32,-3626.99,-0.3636,5
58590,4622.14,-3635.44,-0.3488,5
58600,4643.66,-3643.09,-0.3317,5
58610,4664.88,-3649.93,-0.3133,5
58620,4686.32,-3656.13,-0.2946,5
58630,4707.36,-3661.61,-0.2772,5
58640,4728.06,-3666.0,-0.2382,5
58650,4748.33,-3669.52,-0.2032,5
58660,4768.06,-3672.39,-0.1732,5
58670,4787.24,-3674.82,-0.1476,5
58680,4805.8,-3676.94,-0.1252,5
58690,4823.7,-3678.8,-0.1024,5
58700,4840.92,-3680.16,-0.0658,5
58710,4858.68,-3681.36,-0.0444,5
58720,4876.96,-3682.27,-0.0205,5
58730,4895.38,-3682.72,0.0073,5
58740,4913.12,-3682.54,0.0401,5
58750,4930.83,-3681.58,0.0783,5
58760,4947.72,-3679.44,0.1396,5
58770,4964.96,-3676.26,0.1839,5
58780,4982.47,-3672.0,0.2282,5
58790,5000.2,-3666.65,0.2718,5
58800,5018.11,-3660.29,0.3128,5
58810,5035.52,-3653.2,0.3552,5
58820,5052.01,-3645.69,0.3972,5
58830,5068.79,-3637.68,0.4215,5
58840,5085.9,-3629.26,0.4421,5
58850,5102.54,-3620.92,0.4607,5
58860,5118.51,-3612.76,0.4791,5
58870,5134.39,-3604.41,0.503,5
58880,5149.4,-3595.91,0.5418,5
58890,5164.65,-3586.8,0.57,5
58900,5179.99,-3576.93,0.6027,5
58910,5195.28,-3566.13,0.6407,5
58920,5210.34,-3554.26,0.6834,5
58930,5224.4,-3541.49,0.7419,5
58940,5237.39,-3528.0,0.7963,5
58950,5249.86,-3513.4,0.843,5
58960,5261.54,-3498.18,0.8869,5
58970,5272.21,-3483.02,0.926,5
58980,5281.96,-3468.08,0.9658,5
58990,5290.85,-3453.43,1.007,5
59000,5300.1,-3437.82,1.0319,5
59010,5309.43,-3421.71,1.0563,5
59020,5318.65,-3405.27,1.0838,5
59030,5326.8,-3389.03,1.1366,5
59040,5334.42,-3371.99,1.1801,5
59050,5341.16,-3354.03,1.2325,5
59060,5346.4,-3336.25,1.2917,5
59070,5349.98,-3318.78,1.3583,5
59080,5352.02,-3301.25,1.4319,5
59090,5353.02,-3283.13,1.4855,5
59100,5353.26,-3264.5,1.5302,5
59110,5352.99,-3246.27,1.5685,5
59120,5352.39,-3227.55,1.6032,5
59130,5351.76,-3208.38,1.6226,5
59140,5350.78,-3188.31,1.6489,5
59150,5349.04,-3167.84,1.6864,5
59160,5346.68,-3146.61,1.7013,5
59170,5343.44,-3125.07,1.7198,5
59180,5339.13,-3102.92,1.7442,5
59190,5333.68,-3080.6,1.7808,5
59200,5327.49,-3057.69,1.8054,5
59210,5321.13,-3034.08,1.8176,5
59220,5315.27,-3009.97,1.8133,5
59230,5310.14,-2984.95,1.7952,5
59240,5305.41,-2959.52,1.7857,5
59250,5299.92,-2933.56,1.8075,5
59260,5292.92,-2907.61,1.8478,5
59270,5284.0,-2881.58,1.8943,5
59280,5273.27,-2855.53,1.9375,5
59290,5262.01,-2829.37,1.946,5
59300,5250.83,-2802.5,1.94,5
59310,5240.22,-2775.1,1.9317,5
59320,5229.85,-2746.96,1.9355,5
59330,5219.57,-2718.47,1.9443,5
59340,5208.63,-2689.6,1.9642,5
59350,5196.66,-2660.54,1.9839,5
59360,5183.55,-2631.67,2.0016,5
59370,5169.51,-2603.72,2.0212,5
59380,5154.31,-2576.83,2.0572,5
59390,5138.31,-2550.42,2.0851,5
59400,5122.17,-2524.11,2.1004,5
59410,5106.26,-2497.32,2.1058,5
59420,5091.26,-2469.68,2.0865,5
59430,5076.66,-2441.2,2.075,5
59440,5061.96,-2413.44,2.0871,5
59450,5045.85,-2386.5,2.1258,5
59460,5027.98,-2360.67,2.1718,5
59470,5008.54,-2336.02,2.2156,5
59480,4988.14,-2311.43,2.2319,5
59490,4968.28,-2287.02,2.2272,5
59500,4949.38,-2262.37,2.2146,5
59510,4931.1,-2237.78,2.2206,5
59520,4912.96,-2213.09,2.2312,5
59530,4894.38,-2188.69,2.2533,5
59540,4874.63,-2164.52,2.2783,5
59550,4853.83,-2140.86,2.2964,5
59560,4831.97,-2117.89,2.3164,5
59570,4809.21,-2096.35,2.3545,5
59580,4785.9,-2075.48,2.3814,5
59590,4762.55,-2054.66,2.3951,5
59600,4739.36,-2033.2,2.3958,5
59610,4716.62,-2010.5,2.3769,5
59620,4694.18,-1987.11,2.3664,5
59630,4671.71,-1964.84,2.3887,5
59640,4648.1,-1943.8,2.4283,5
59650,4623.12,-1924.39,2.474,5
59660,4596.83,-1906.32,2.5153,5
59670,4570.03,-1888.46,2.5225,5
59680,4543.41,-1870.25,2.5165,5
59690,4517.46,-1851.82,2.5162,5
59700,4492.1,-1833.21,2.5209,5
59710,4466.83,-1814.48,2.5309,5
59720,4441.23,-1796.17,2.552,5
59730,4414.78,-1778.11,2.5644,5
59740,4387.46,-1760.86,2.5825,5
59750,4359.93,-1745.35,2.6129,5
59760,4331.8,-1731.37,2.6513,5
59770,4303.29,-1718.16,2.6777,5
59780,4274.77,-1705.0,2.6912,5
59790,4246.44,-1690.78,2.6792,5
59800,4218.18,-1675.2,2.6597,5
59810,4190.2,-1659.48,2.6616,5
59820,4162.01,-1645.02,2.6935,5
59830,4133.01,-1632.3,2.7368,5
59840,4103.2,-1621.57,2.7835,5
59850,4072.48,-1611.73,2.8037,5
59860,4042.2,-1602.2,2.8062,5
59870,4012.38,-1592.52,2.8083,5
59880,3983.09,-1582.54,2.815,5
59890,3953.92,-1572.2,2.8228,5
59900,3924.64,-1562.1,2.8411,5
59910,3894.7,-1552.21,2.8483,5
59920,3863.86,-1543.36,2.8691,5
59930,3831.97,-1536.52,2.9155,5
59940,3799.46,-1531.37,2.9549,5
59950,3766.35,-1526.91,2.9793,5
59960,3732.84,-1521.58,2.971,5
59970,3700.33,-1514.84,2.9477,5
59980,3668.25,-1507.88,2.9561,5
59990,3636.02,-1501.71,2.9817,5
60000,3603.48,-1497.45,3.0251,5
60010,3570.23,-1494.96,3.0563,5
60020,3536.35,-1493.75,3.0776,5
60030,3502.53,-1493.48,3.1045,5
60040,3468.74,-1492.87,3.1133,5
60050,3434.71,-1491.39,3.1131,5
60060,3400.22,-1488.79,3.0975,5
60070,3365.18,-1486.84,3.1117,5
60080,3329.59,-1487.12,3.152,5
60090,3293.6,-1489.83,3.1945,5
60100,3257.2,-1493.48,3.2099,5
60110,3220.0,-1496.13,3.1958,5
60120,3182.24,-1496.81,3.169,5
60130,3144.0,-1495.98,3.1496,5
60140,3105.3,-1495.3,3.1513,5
60150,3066.15,-1496.22,3.1721,5
60160,3026.65,-1499.16,3.1973,5
60170,2986.8,-1503.15,3.2102,5
60180,2946.46,-1506.61,3.2032,5
60190,2905.56,-1508.3,3.1813,5
60200,2864.19,-1508.11,3.1583,5
60210,2822.42,-1507.07,3.1479,5
60220,2780.42,-1506.74,3.1565,5
60230,2738.08,-1508.36,3.1794,5
60240,2695.66,-1512.33,3.2123,5
60250,2653.52,-1517.47,3.2313,5
60260,2611.93,-1522.11,3.2314,5
60270,2570.76,-1524.92,3.2112,5
60280,2530.12,-1525.94,3.1897,5
60290,2490.07,-1526.28,3.1814,5
60300,2450.68,-1527.36,3.191,5
60310,2411.67,-1530.19,3.2135,5
60320,2373.52,-1535.17,3.2484,5
60330,2335.89,-1541.54,3.2776,5
60340,2298.27,-1547.83,3.2874,5
60350,2260.22,-1552.76,3.274,5
60360,2221.54,-1556.1,3.2527,5
60370,2182.7,-1558.98,3.2466,5
60380,2144.59,-1562.8,3.2595,5
60390,2107.38,-1568.35,3.2839,5
60400,2071.15,-1575.74,3.316,5
60410,2035.15,-1584.2,3.342,5
60420,1999.11,-1592.33,3.3487,5
60430,1962.32,-1599.25,3.3373,5
60440,1924.83,-1604.91,3.3189,5
60450,1887.07,-1610.43,3.3168,5
60460,1849.08,-1617.19,3.3322,5
60470,1810.99,-1625.88,3.3564,5
60480,1773.7,-1636.1,3.3811,5
60490,1736.98,-1647.1,3.4031,5
60500,1700.14,-1657.6,3.4068,5
60510,1662.73,-1666.96,3.3989,5
60520,1624.57,-1675.15,3.3819,5
60530,1585.97,-1683.45,3.3822,5
60540,1548.1,-1692.98,3.3997,5
60550,1511.05,-1704.27,3.4243,5
60560,1475.03,-1716.67,3.4435,5
60570,1439.86,-1729.5,3.4635,5
60580,1404.48,-1741.72,3.4659,5
60590,1368.77,-1752.94,3.4621,5
60600,1332.3,-1763.26,3.4479,5
60610,1295.46,-1774.0,3.4521,5
60620,1258.64,-1786.35,3.4721,5
60630,1222.55,-1800.43,3.4962,5
60640,1187.43,-1815.24,3.5097,5
60650,1152.77,-1830.24,3.5252,5
60660,1117.8,-1844.5,3.5248,5
60670,1082.23,-1857.9,3.5225,5
60680,1045.95,-1870.74,3.5134,5
60690,1009.66,-1884.21,3.521,5
60700,973.6,-1899.41,3.5426,5
60710,938.19,-1916.29,3.5655,5
60720,903.71,-1933.62,3.5763,5
60730,869.81,-1950.67,3.5848,5
60740,835.53,-1966.87,3.5831,5
60750,800.83,-1982.25,3.5814,5
60760,765.54,-1997.41,3.579,5
60770,730.13,-2013.47,3.589,5
60780,695.11,-2031.3,3.6115,5
60790,661.02,-2050.56,3.6332,5
60800,627.82,-2070.08,3.642,5
60810,595.05,-2089.06,3.6434,5
60820,562.19,-2107.16,3.6426,5
60830,528.91,-2124.5,3.6405,5
60840,495.52,-2141.67,3.6468,5
60850,461.8,-2159.21,3.6495,5
60860,428.45,-2177.91,3.6649,5
60870,395.51,-2198.2,3.6855,5
60880,363.0,-2219.76,3.7025,5
60890,331.05,-2241.58,3.7091,5
60900,299.4,-2262.68,3.7034,5
60910,267.7,-2283.11,3.7035,5
60920,235.57,-2302.83,3.7008,5
60930,203.2,-2322.03,3.7009,5
60940,171.13,-2341.08,3.709,5
60950,139.79,-2360.1,3.7156,5
60960,109.2,-2379.61,3.7269,5
60970,79.55,-2399.92,3.743,5
60980,51.12,-2420.77,3.759,5
60990,23.45,-2442.06,3.7708,5
61000,-3.74,-2463.39,3.7756,5
61010,-30.75,-2484.35,3.7729,5
61020,-57.86,-2504.58,3.7635,5
61030,-84.66,-2523.96,3.7625,5
61040,-111.5,-2542.65,3.7603,5
61050,-138.25,-2560.79,3.7605,5
61060,-164.72,-2578.67,3.7664,5
61070,-190.64,-2596.68,3.7795,5
61080,-215.94,-2614.85,3.7879,5
61090,-240.11,-2633.19,3.8008,5
61100,-263.36,-2651.99,3.8164,5
61110,-285.77,-2671.19,3.8305,5
61120,-307.5,-2690.53,3.84,5
61130,-328.82,-2709.69,3.8426,5
61140,-349.66,-2728.06,3.8378,5
61150,-370.56,-2745.67,3.8266,5
61160,-391.74,-2762.18,3.8042,5
61170,-413.18,-2777.59,3.7792,5
61180,-434.73,-2792.01,3.7577,5
61190,-456.19,-2805.71,3.7421,5
61200,-476.87,-2818.76,3.7338,5
61210,-497.2,-2831.43,3.719,5
61220,-517.15,-2843.69,3.6993,5
61230,-537.11,-2855.86,3.681,5
61240,-557.16,-2867.89,3.6607,5
61250,-577.44,-2879.58,3.635,5
61260,-598.42,-2890.81,3.6027,5
61270,-619.75,-2901.01,3.5633,5
61280,-641.59,-2909.94,3.5181,5
61290,-663.98,-2917.49,3.47,5
61300,-686.79,-2923.65,3.4224,5
61310,-710.31,-2928.68,3.3801,5
61320,-733.53,-2932.71,3.3435,5
61330,-756.84,-2936.11,3.3143,5
61340,-780.19,-2939.23,3.2917,5
61350,-803.54,-2942.28,3.2732,5
61360,-826.95,-2945.29,3.256,5
61370,-850.13,-2948.02,3.2346,5
61380,-873.35,-2950.27,3.2073,5
61390,-896.63,-2951.71,3.1727,5
61400,-919.96,-2951.97,3.1311,5
61410,-943.3,-2950.84,3.0846,5
61420,-966.89,-2948.16,3.0356,5
61430,-990.01,-2944.08,2.9882,5
61440,-1012.92,-2938.83,2.946,5
61450,-1035.64,-2932.74,2.9109,5
61460,-1058.25,-2926.19,2.8848,5
61470,-1081.17,-2919.33,2.8639,5
61480,-1103.68,-2912.53,2.8459,5
61490,-1126.15,-2905.64,2.8276,5
61500,-1148.58,-2898.48,2.8053,5
61510,-1170.85,-2890.77,2.7766,5
61520,-1193.15,-2882.07,2.7413,5
61530,-1214.74,-2872.3,2.6984,5
61540,-1235.64,-2861.24,2.6509,5
61550,-1255.8,-2848.87,2.6025,5
61560,-1275.26,-2835.32,2.5571,5
61570,-1293.96,-2820.97,2.5174,5
61580,-1311.93,-2806.2,2.4842,5
61590,-1329.61,-2791.11,2.458,5
61600,-1347.15,-2775.86,2.4371,5
61610,-1364.68,-2760.55,2.4185,5
61620,-1382.44,-2744.91,2.4001,5
61630,-1400.11,-2728.94,2.3766,5
61640,-1417.27,-2712.49,2.3459,5
61650,-1433.7,-2695.27,2.3075,5
61660,-1449.18,-2677.15,2.2631,5
61670,-1463.5,-2658.14,2.2166,5
61680,-1476.29,-2638.7,2.1685,5
61690,-1487.98,-2618.6,2.1238,5
61700,-1498.79,-2598.0,2.0853,5
61710,-1509.01,-2577.06,2.0537,5
61720,-1519.05,-2555.7,2.0297,5
61730,-1529.03,-2534.18,2.0111,5
61740,-1538.95,-2512.66,1.9938,5
61750,-1548.72,-2491.07,1.9745,5
61760,-1558.14,-2469.3,1.9498,5
61770,-1566.92,-2447.24,1.9185,5
61780,-1574.42,-2425.27,1.8762,5
61790,-1580.52,-2402.88,1.8269,5
61800,-1585.06,-2380.14,1.7738,5
61810,-1588.07,-2357.1,1.7216,5
61820,-1589.85,-2333.54,1.6764,5
61830,-1590.79,-2309.58,1.6401,5
61840,-1591.28,-2285.61,1.6125,5
61850,-1591.63,-2261.62,1.5913,5
61860,-1591.96,-2237.59,1.5722,5
61870,-1591.99,-2214.34,1.5452,5
61880,-1591.26,-2191.12,1.5083,5
61890,-1589.24,-2167.97,1.4596,5
61900,-1585.53,-2145.01,1.4009,5
61910,-1579.92,-2122.36,1.3393,5
61920,-1572.68,-2100.22,1.2804,5
61930,-1564.24,-2078.49,1.2319,5
61940,-1555.13,-2056.99,1.1954,5
61950,-1545.66,-2034.85,1.176,5
61960,-1536.15,-2012.32,1.1609,5
61970,-1526.26,-1989.17,1.1419,5
61980,-1515.72,-1965.94,1.1136,5
61990,-1504.49,-1942.26,1.1021,5
62000,-1492.42,-1918.65,1.0873,5
62010,-1479.14,-1894.91,1.0687,5
62020,-1464.5,-1871.6,1.0337,5
62030,-1448.73,-1848.66,1.0002,5
62040,-1432.19,-1825.48,0.9778,5
62050,-1415.51,-1802.04,0.9654,5
62060,-1399.23,-1777.59,0.9762,5
62070,-1383.59,-1752.37,0.9929,5
62080,-1368.05,-1726.38,1.001,5
62090,-1351.91,-1700.82,0.9794,5
62100,-1334.65,-1676.54,0.9392,5
62110,-1315.84,-1653.44,0.8933,5
62120,-1295.66,-1631.52,0.8495,5
62130,-1274.72,-1609.87,0.8333,5
62140,-1253.92,-1588.1,0.8366,5
62150,-1234.03,-1566.08,0.8501,5
62160,-1215.11,-1544.37,0.8502,5
62170,-1196.32,-1522.51,0.8396,5
62180,-1177.36,-1500.84,0.8207,5
62190,-1157.64,-1479.79,0.7894,5
62200,-1136.73,-1459.1,0.7662,5
62210,-1114.84,-1439.02,0.7471,5
62220,-1091.8,-1419.31,0.7298,5
62230,-1068.28,-1400.63,0.7022,5
62240,-1044.71,-1382.72,0.6782,5
62250,-1021.19,-1364.8,0.6648,5
62260,-997.84,-1346.6,0.6572,5
62270,-974.74,-1327.6,0.6668,5
62280,-951.53,-1307.79,0.6758,5
62290,-928.53,-1288.33,0.6737,5
62300,-905.34,-1270.38,0.6428,5
62310,-881.09,-1253.98,0.5976,5
62320,-855.84,-1239.11,0.5526,5
62330,-829.92,-1225.45,0.5149,5
62340,-803.36,-1211.72,0.5067,5
62350,-776.88,-1197.2,0.5189,5
62360,-750.54,-1181.46,0.5374,5
62370,-724.84,-1165.41,0.5391,5
62380,-699.41,-1149.67,0.5238,5
62390,-673.56,-1134.66,0.4966,5
62400,-646.97,-1120.99,0.458,5
62410,-619.51,-1108.42,0.4301,5
62420,-591.36,-1096.73,0.4123,5
62430,-563.45,-1085.87,0.4015,5
62440,-535.78,-1075.6,0.3852,5
62450,-508.47,-1065.64,0.3689,5
62460,-481.25,-1055.44,0.3595,5
62470,-454.11,-1044.97,0.3504,5
62480,-426.79,-1034.07,0.3503,5
62490,0.0,0.0,0.3506,6
62500,28.24,10.92,0.345,6
