t_ms,pmw_dx_counts,pmw_dy_counts,gyro_z_dps,accel_x_g,accel_y_g,accel_z_g,ir_adc,gt_x_mm,gt_y_mm,gt_heading_deg,gt_speed_mm_s,recon_x_mm,recon_y_mm
0,3576,20,0.2928,-0.5172,-0.0013,0.985,45166,11672.38,23369.63,15.86,3028.1,0.0,0.0
10,3536,-114,-165.7907,-0.6341,0.0618,1.0066,45055,11703.22,23378.05,14.19,2994.1,29.91,-1.31
20,3484,-192,-247.2184,-0.0003,0.7975,0.9989,4106,11734.62,23386.01,11.72,2950.6,59.27,-4.28
30,3484,-170,-176.0301,0.0239,0.7947,1.0038,4049,11766.81,23392.26,9.96,2949.7,88.52,-8.19
40,3484,-97,-98.2724,0.434,0.7709,0.9939,3817,11799.77,23396.86,8.97,2950.7,117.75,-12.22
50,3556,34,59.9492,0.4577,-0.01,0.9991,3942,11833.05,23402.1,9.57,3010.2,147.69,-15.41
60,3585,125,112.419,-0.6328,0.0065,1.0048,3875,11866.67,23408.12,10.69,3034.4,177.98,-17.43
70,3535,126,38.7273,-0.6389,0.0234,0.9918,3781,11900.66,23414.72,11.07,2993.2,207.89,-18.97
80,3437,-4,-229.6167,-0.0121,0.8114,0.9991,3716,11935.1,23421.42,8.77,2909.2,236.85,-21.87
90,3435,-102,-303.6136,0.0094,0.7997,0.9968,4144,11970.23,23426.36,5.73,2907.4,265.5,-26.87
100,3439,-182,-317.409,0.443,0.7915,0.9917,4190,12006.17,23427.96,2.56,2909.7,293.71,-34.08
110,3508,-157,-132.4445,0.4419,-0.0029,0.9816,3784,12042.56,23428.91,1.23,2969.9,322.23,-42.45
120,3543,-79,29.8068,0.449,0.0026,1.0017,4216,12079.38,23429.74,1.52,2999.6,351.11,-50.59
130,3612,12,90.7468,0.4583,0.0788,1.0123,3995,12116.61,23431.08,2.43,3058.1,380.82,-57.85
140,3679,83,41.4145,0.4505,0.4272,0.9887,3970,12154.22,23433.29,2.84,3115.5,411.3,-64.29
150,3780,110,-20.013,0.4257,0.4632,1.0056,3891,12192.3,23434.93,2.64,3199.6,442.69,-70.61
160,3844,54,-118.9749,0.439,0.2315,1.0136,3911,12230.88,23436.08,1.44,3254.5,474.42,-77.88
170,3908,-33,-123.7182,0.4518,-0.0121,1.0089,4000,12269.9,23436.67,0.2,3308.5,506.32,-86.67
180,3971,-132,-137.683,0.4366,-0.0012,1.0032,4349,12309.37,23436.31,-1.18,3361.6,538.28,-97.14
190,4033,-149,-61.875,0.4651,0.0071,1.0005,3896,12349.28,23435.21,-1.8,3413.9,570.5,-108.48
200,4093,-66,57.8707,0.47,-0.0061,1.0032,3687,12389.63,23434.08,-1.22,3465.4,603.43,-119.32
210,4153,67,141.8724,0.4643,-0.0004,0.9888,4091,12430.43,23433.69,0.19,3516.1,637.33,-128.66
220,4212,157,129.5809,0.4612,0.0009,1.007,4254,12471.67,23434.33,1.49,3566.2,672.11,-136.58
230,4271,140,25.005,0.4523,-0.003,1.0011,4296,12513.36,23435.59,1.73,3615.5,707.46,-144.28
240,4328,19,-100.3839,0.4448,-0.0173,1.003,4045,12555.48,23436.55,0.73,3664.2,742.97,-153.34
250,4385,-120,-154.6319,0.44,0.0052,0.998,3704,12597.98,23436.51,-0.82,3712.2,778.4,-164.45
260,4440,-172,-93.565,0.4552,0.0049,0.9942,4080,12640.57,23435.48,-1.76,3759.6,813.89,-176.89
270,4495,-95,37.5882,0.4501,0.0227,0.9814,4139,12683.16,23434.23,-1.39,3806.4,849.98,-189.0
280,4550,55,140.99,0.45,0.0224,0.9956,4070,12725.75,23433.68,0.02,3852.7,887.07,-199.43
290,4630,166,139.7005,0.4473,0.002,0.9789,4400,12768.34,23434.25,1.41,3921.0,925.28,-208.21
300,4686,155,34.6459,0.4531,0.0316,0.9913,3701,12810.93,23435.51,1.75,3966.0,964.07,-216.65
310,4737,31,-95.9589,0.4631,-0.0026,0.984,3913,12853.52,23436.53,0.79,4010.4,1002.96,-226.46
320,4789,-123,-154.9107,0.4499,0.014,1.0213,4112,12896.11,23436.54,-0.76,4054.3,1041.68,-238.52
330,4839,-185,-98.3428,0.4507,0.005,1.0058,3905,12938.7,23435.54,-1.75,4097.8,1080.37,-252.04
340,4890,-112,31.5518,0.4567,-0.0231,0.9967,4089,12981.29,23434.27,-1.43,4140.8,1119.62,-265.27
350,4941,48,138.4001,0.4463,-0.0074,0.9933,4305,13023.88,23433.68,-0.05,4183.3,1159.86,-276.68
360,4991,175,142.3459,0.45,0.0062,1.0031,3956,13066.47,23434.2,1.37,4225.5,1201.05,-286.17
370,5032,169,40.6701,-0.004,0.0043,1.0078,3731,13109.06,23435.45,1.77,4259.0,1242.71,-295.19
380,5028,41,-91.1992,-0.001,0.0035,0.9923,3756,13151.65,23436.5,0.86,4259.0,1284.02,-305.51
390,5031,-118,-154.8934,0.0099,0.0079,0.9981,4269,13194.24,23436.56,-0.7,4259.0,1324.73,-318.05
400,5030,-191,-102.9847,-0.0058,-0.0217,1.0016,4049,13236.83,23435.6,-1.73,4259.0,1364.97,-332.06
410,5030,-120,25.6154,0.0172,0.0004,0.9949,3882,13279.42,23434.32,-1.48,4259.0,1405.32,-345.71
420,5029,39,135.4274,0.0006,0.0184,1.0094,4206,13322.01,23433.68,-0.12,4259.0,1446.26,-357.43
430,5031,168,144.6137,0.0031,0.0042,0.9923,4399,13364.6,23434.16,1.32,4259.0,1487.76,-367.09
440,5028,174,46.4211,-0.0041,0.0,1.0047,4078,13407.19,23435.4,1.78,4259.0,1529.39,-376.05
450,5029,49,-86.2032,0.013,0.019,1.018,3589,13449.78,23436.47,0.92,4259.0,1570.73,-386.27
460,5028,-111,-154.3351,0.0025,-0.0114,1.0201,4128,13492.37,23436.59,-0.63,4259.0,1611.46,-398.68
470,5031,-191,-107.5339,0.0011,-0.0047,1.0137,3716,13534.96,23435.65,-1.71,4259.0,1651.72,-412.65
480,5032,-127,19.6349,0.0021,0.002,0.9931,4129,13577.55,23434.37,-1.51,4259.0,1692.07,-426.35
490,5029,34,132.3353,0.0079,-0.0017,0.9936,3844,13620.14,23433.69,-0.19,4259.0,1732.99,-438.14
500,5030,166,146.8425,-0.0018,0.0062,0.9988,4152,13662.73,23434.12,1.27,4259.0,1774.47,-447.84
510,5031,177,52.1517,-0.0012,-0.0086,0.9906,3852,13705.32,23435.34,1.79,4259.0,1816.13,-456.79
520,5031,56,-81.0332,0.0157,0.0228,1.0002,3691,13747.91,23436.44,0.98,4259.0,1857.52,-466.9
530,5030,-108,-153.7363,-0.0025,0.0029,0.9954,3847,13790.5,23436.61,-0.56,4259.0,1898.28,-479.24
540,5032,-190,-111.7737,-0.0083,-0.0037,1.0095,3864,13833.09,23435.71,-1.68,4259.0,1938.57,-493.16
550,5031,-131,13.599,0.014,-0.0055,1.0113,3842,13875.68,23434.42,-1.55,4259.0,1978.91,-506.89
560,5032,25,129.0076,0.0,-0.0119,1.0056,3874,13918.27,23433.7,-0.26,4259.0,2019.82,-518.78
570,5030,162,148.6414,-0.0212,0.0036,1.0017,3884,13960.86,23434.08,1.22,4259.0,2061.28,-528.54
580,5031,178,57.9015,-0.0067,0.007,0.9848,3934,14003.45,23435.28,1.8,4259.0,2102.95,-537.48
590,5030,63,-75.7739,0.0004,0.0113,1.0023,3938,14046.04,23436.41,1.04,4259.0,2144.35,-547.49
600,5031,-100,-152.8849,0.0145,-0.0075,1.0003,3989,14088.63,23436.62,-0.5,4259.0,2185.16,-559.71
610,5030,-190,-115.8649,0.0082,0.0065,1.0113,4449,14131.22,23435.76,-1.66,4259.0,2225.44,-573.58
620,5030,-137,7.4946,0.0194,-0.0173,1.0049,3706,14173.81,23434.47,-1.59,4259.0,2265.76,-587.34
630,5028,16,125.398,0.0107,-0.0087,0.9977,3768,14216.4,23433.71,-0.33,4259.0,2306.61,-599.33
640,5029,159,150.3969,-0.0099,-0.0076,1.0012,4004,14258.99,23434.04,1.17,4259.0,2348.05,-609.14
650,5030,180,63.5217,-0.0056,-0.0057,1.0073,4076,14301.58,23435.22,1.8,4259.0,2389.72,-618.06
660,5031,69,-70.3904,-0.0014,0.0018,1.0153,3981,14344.17,23436.37,1.09,4259.0,2431.15,-627.99
670,5029,-93,-151.7137,-0.0059,0.0034,0.981,4208,14386.76,23436.64,-0.43,4259.0,2471.97,-640.08
680,5030,-187,-119.8739,-0.0133,-0.0008,1.0007,3801,14429.35,23435.82,-1.63,4259.0,2512.28,-653.88
690,5032,-144,1.5024,-0.0145,0.0081,0.987,3923,14471.94,23434.52,-1.62,4259.0,2552.6,-667.7
700,5031,10,121.8412,0.001,-0.0078,1.0129,3901,14514.53,23433.72,-0.4,4259.0,2593.46,-679.76
710,5030,154,151.8317,-0.0017,-0.0016,0.9899,4159,14557.12,23434.0,1.11,4259.0,2634.89,-689.64
720,5031,184,69.0254,0.0084,0.0093,1.003,4042,14599.71,23435.16,1.8,4259.0,2676.57,-698.53
730,5030,76,-64.8752,0.0002,-0.0189,0.9999,4082,14642.3,23436.34,1.15,4259.0,2718.01,-708.36
740,5030,-87,-150.2727,-0.0,-0.0102,0.9859,3807,14684.89,23436.65,-0.36,4259.0,2758.88,-720.35
750,5031,-186,-123.6382,0.0057,0.0007,1.0104,4212,14727.48,23435.87,-1.6,4259.0,2799.21,-734.1
760,5030,-147,-4.6741,-0.0162,0.0068,1.0119,3999,14770.07,23434.58,-1.65,4259.0,2839.52,-747.92
770,5031,0,117.9313,0.0018,0.0014,0.9943,4278,14812.66,23433.73,-0.47,4259.0,2880.34,-760.08
780,5030,149,153.0789,-0.0039,-0.0051,0.9869,4275,14855.25,23433.97,1.06,4259.0,2921.75,-770.03
790,5031,184,74.4054,0.0208,0.0198,1.0019,3820,14897.84,23435.1,1.8,4259.0,2963.43,-778.92
800,5031,82,-59.3959,-0.0003,0.0109,0.9849,4401,14940.43,23436.3,1.2,4259.0,3004.91,-788.67
810,5029,-82,-148.6632,-0.0028,-0.0103,0.9974,3484,14983.02,23436.66,-0.29,4259.0,3045.8,-800.55
820,5032,-186,-127.1541,-0.0027,-0.0149,1.0064,3955,15025.61,23435.92,-1.56,4259.0,3086.15,-814.26
830,5031,-152,-10.6144,0.0055,-0.0051,0.9866,4060,15068.2,23434.63,-1.67,4259.0,3126.46,-828.1
840,5030,-5,113.8883,-0.0051,0.0042,1.0174,3779,15110.79,23433.75,-0.54,4259.0,3167.25,-840.33
850,5030,144,154.0982,0.0243,0.0016,1.0137,4163,15153.38,23433.93,1.0,4259.0,3208.65,-850.35
860,5030,186,79.556,-0.0134,-0.0177,1.001,4118,15195.97,23435.05,1.79,4259.0,3250.33,-859.22
870,5030,89,-53.6761,-0.0099,-0.0056,0.9897,3960,15238.56,23436.26,1.25,4259.0,3291.81,-868.87
880,5029,-74,-146.9208,-0.0076,-0.0,1.0051,4035,15281.15,23436.67,-0.22,4259.0,3332.74,-880.63
890,5029,-183,-130.4964,0.0028,0.0064,0.984,4031,15323.74,23435.97,-1.53,4259.0,3373.1,-894.25
900,5030,-156,-16.7038,0.0045,0.0025,1.0067,4014,15366.33,23434.69,-1.7,4259.0,3413.38,-908.11
910,5030,-13,109.6716,0.0125,-0.002,0.9983,3902,15408.92,23433.77,-0.61,4259.0,3454.16,-920.42
920,5029,141,154.7955,-0.0094,-0.0106,1.0021,4026,15451.51,23433.9,0.94,4259.0,3495.53,-930.49
930,5031,188,84.8196,0.0044,-0.0091,1.0126,4126,15494.1,23434.99,1.78,4259.0,3537.22,-939.35
940,5030,96,-47.9294,-0.0033,0.005,0.9998,4024,15536.69,23436.22,1.3,4259.0,3578.73,-948.92
950,5030,-68,-144.9397,-0.0108,-0.0015,0.9814,4139,15579.28,23436.68,-0.15,4259.0,3619.69,-960.57
960,5030,-182,-133.6541,-0.0095,-0.0015,0.9758,4036,15621.87,23436.02,-1.49,4259.0,3660.08,-974.13
970,5030,-160,-22.7576,0.0018,0.0035,1.0109,4003,15664.46,23434.74,-1.72,4259.0,3700.36,-988.0
980,5030,-20,105.2289,0.0156,-0.0032,0.9895,3826,15707.05,23433.79,-0.67,4259.0,3741.11,-1000.38
990,5031,133,155.1589,-0.0123,-0.0198,0.9888,4113,15749.64,23433.87,0.88,4259.0,3782.48,-1010.56
1000,5029,189,89.7746,-0.0034,0.0043,1.0074,3999,15792.23,23434.93,1.77,4259.0,3824.15,-1019.42
1010,5030,103,-42.2079,-0.0058,-0.0144,1.011,3917,15834.82,23436.17,1.35,4259.0,3865.68,-1028.89
1020,5030,-59,-142.6214,0.0026,-0.0033,1.0068,4429,15877.41,23436.68,-0.08,4259.0,3906.68,-1040.41
1030,5031,-179,-136.5984,0.0375,-0.012,0.9963,3861,15920.0,23436.07,-1.45,4259.0,3947.1,-1053.9
1040,5031,-165,-28.7009,0.0027,0.0055,0.9968,3756,15962.59,23434.8,-1.74,4259.0,3987.38,-1067.8
1050,5030,-27,100.6658,-0.0052,0.0074,0.9905,3654,16005.18,23433.81,-0.74,4259.0,4028.11,-1080.26
1060,5032,129,155.4962,0.0234,0.0049,0.9884,3834,16047.77,23433.84,0.82,4259.0,4069.47,-1090.5
1070,5029,192,94.7506,-0.0099,0.0068,1.0146,3979,16090.36,23434.87,1.76,4259.0,4111.14,-1099.34
1080,5030,109,-36.3147,0.0088,0.0006,0.986,4008,16132.95,23436.13,1.39,4259.0,4152.7,-1108.74
1090,5028,-54,-140.1444,-0.0143,0.0059,1.0194,4371,16175.54,23436.68,-0.01,4259.0,4193.71,-1120.15
1100,5030,-175,-139.4574,0.0106,-0.0042,0.9986,4441,16218.13,23436.12,-1.41,4259.0,4234.14,-1133.55
1110,5030,-167,-34.7345,0.0058,-0.0102,0.9975,3767,16260.72,23434.86,-1.76,4259.0,4274.42,-1147.45
1120,5032,-34,95.9731,-0.0009,-0.0093,0.9969,4210,16303.31,23433.84,-0.8,4259.0,4315.15,-1159.98
1130,5032,122,155.5361,-0.0029,0.0174,0.9799,4237,16345.9,23433.82,0.75,4259.0,4356.48,-1170.31
1140,5030,190,99.3997,0.0082,-0.0315,0.9808,3887,16388.49,23434.81,1.74,4259.0,4398.15,-1179.19
1150,5029,115,-30.3291,-0.0119,-0.004,0.9915,4048,16431.08,23436.08,1.44,4259.0,4439.72,-1188.5
1160,5032,-46,-137.376,-0.0032,0.0005,0.9971,3990,16473.67,23436.68,0.06,4259.0,4480.79,-1199.81
1170,5031,-173,-142.0534,-0.0096,-0.0159,1.0116,3972,16516.26,23436.16,-1.36,4259.0,4521.26,-1213.14
1180,5031,-172,-40.5651,-0.0108,0.0076,0.9923,3782,16558.85,23434.91,-1.77,4259.0,4561.54,-1227.06
1190,5030,-43,91.1165,-0.0033,-0.0048,0.9741,4100,16601.44,23433.86,-0.86,4259.0,4602.22,-1239.68
1200,5032,117,155.316,-0.0158,0.0119,0.9841,3873,16644.03,23433.79,0.69,4259.0,4643.54,-1250.08
1210,5030,188,104.1241,0.0019,-0.0019,1.0128,4117,16686.62,23434.76,1.73,4259.0,4685.2,-1258.98
1220,5029,121,-24.1984,-0.0107,0.0115,1.0082,4150,16729.21,23436.03,1.48,4259.0,4726.78,-1268.22
1230,5030,-40,-134.5269,0.0171,0.0051,0.9974,4186,16771.8,23436.68,0.13,4259.0,4767.87,-1279.42
1240,5031,-171,-144.2658,-0.0071,0.002,1.0036,4191,16814.39,23436.21,-1.31,4259.0,4808.36,-1292.68
1250,5030,-172,-46.504,0.0069,0.0087,0.9998,4153,16856.98,23434.97,-1.78,4259.0,4848.65,-1306.56
1260,5030,-48,86.2151,-0.0088,0.0059,1.009,3850,16899.57,23433.89,-0.92,4259.0,4889.31,-1319.24
1270,5030,111,154.9657,-0.0,0.0193,1.0031,4187,16942.16,23433.77,0.62,4259.0,4930.59,-1329.71
1280,5030,189,108.5006,-0.0057,0.0084,0.9996,4290,16984.75,23434.7,1.7,4259.0,4972.25,-1338.62
1290,5030,128,-18.342,-0.0065,-0.0152,1.013,4082,17027.34,23435.99,1.52,4259.0,5013.86,-1347.78
1300,5030,-32,-131.4726,0.0174,-0.0073,0.9942,3818,17069.93,23436.67,0.2,4259.0,5054.98,-1358.85
1310,5030,-167,-146.4622,-0.0103,-0.0161,0.985,3689,17112.52,23436.25,-1.27,4259.0,5095.49,-1372.02
1320,5030,-178,-52.239,0.0048,-0.0005,0.9957,3908,17155.11,23435.03,-1.79,4259.0,5135.77,-1385.93
1330,5031,-56,81.0727,-0.0259,-0.0065,0.9783,3915,17197.7,23433.92,-0.98,4259.0,5176.42,-1398.69
1340,5030,106,154.2461,-0.0102,0.0058,0.9845,3948,17240.29,23433.75,0.56,4259.0,5217.68,-1409.23
1350,5031,189,112.8354,0.0194,-0.0041,0.9955,3449,17282.88,23434.65,1.68,4259.0,5259.35,-1418.16
1360,5030,131,-12.1966,0.0132,0.0124,1.0011,3714,17325.47,23435.94,1.56,4259.0,5300.97,-1427.27
1370,5030,-25,-128.0177,0.0104,-0.0213,1.0057,4091,17368.06,23436.66,0.27,4259.0,5342.12,-1438.23
1380,5031,-164,-148.1878,-0.0084,0.0006,1.0036,4196,17410.65,23436.29,-1.21,4259.0,5382.66,-1451.32
1390,5030,-178,-57.9902,0.0154,0.0186,0.9961,4219,17453.24,23435.09,-1.8,4259.0,5422.95,-1465.2
1400,5032,-63,75.8234,0.0083,-0.0079,0.9855,4196,17495.83,23433.96,-1.04,4259.0,5463.58,-1478.02
1410,5030,99,153.2903,-0.0039,0.0023,0.9898,4013,17538.42,23433.74,0.49,4259.0,5504.82,-1488.66
1420,5030,188,116.9315,0.0079,0.0187,0.994,4246,17581.01,23434.59,1.65,4259.0,5546.48,-1497.61
1430,5028,136,-6.1745,-0.0064,0.0078,1.0019,4094,17623.6,23435.88,1.59,4259.0,5588.09,-1506.65
1440,5029,-17,-124.4843,-0.0122,-0.0017,0.9988,4034,17666.19,23436.65,0.34,4259.0,5629.27,-1517.48
1450,5031,-157,-149.9722,0.0155,0.0071,1.0019,4134,17708.77,23436.33,-1.16,4259.0,5669.85,-1530.46
1460,5030,-180,-63.4744,0.0172,0.0198,1.0004,4064,17751.17,23435.15,-1.8,4259.0,5710.14,-1544.33
1470,5030,-73,67.52,-0.0012,-0.0019,1.0176,4032,17792.98,23434.01,-1.13,4259.0,5750.73,-1557.24
1480,5031,84,146.3178,0.0029,-0.0006,0.9878,3994,17834.18,23433.71,0.33,4259.0,5791.93,-1568.08
1490,5031,180,121.7655,0.0092,0.0075,1.0028,3980,17874.76,23434.42,1.55,4259.0,5833.56,-1577.17
1500,5028,156,17.2954,-0.0015,0.0035,0.9992,3800,17914.72,23435.63,1.72,4259.0,5875.22,-1586.01
1510,5030,32,-94.0426,0.0033,-0.0021,1.012,4133,17954.06,23436.53,0.77,4259.0,5916.57,-1596.21
1520,5031,-110,-141.5505,-0.0094,-0.0147,1.0288,3785,17992.78,23436.58,-0.64,4259.0,5957.37,-1608.45
1530,5030,-183,-100.5486,-0.0058,-0.0187,0.99,3722,18030.88,23435.77,-1.65,4259.0,5997.73,-1622.11
1540,5030,-148,-1.6462,0.0022,-0.0058,1.0093,3923,18068.36,23434.63,-1.67,4259.0,6038.07,-1635.8
1550,5029,-29,94.0763,-0.0041,0.0041,1.0033,3966,18105.22,23433.81,-0.73,4259.0,6078.83,-1648.14
1560,5030,103,133.5126,0.0093,0.0048,0.9882,3781,18141.45,23433.77,0.6,4259.0,6120.12,-1658.57
1570,5030,177,99.5864,-0.009,0.0118,1.0,3598,18177.06,23434.48,1.59,4259.0,6161.76,-1667.57
1580,5028,158,15.706,-0.2272,-0.0061,0.9967,3922,18212.07,23435.55,1.75,4259.0,6203.44,-1676.35
1590,5020,64,-72.0458,-0.6456,0.0125,0.9838,3838,18246.47,23436.42,1.02,4248.8,6244.81,-1686.14
1600,4947,-60,-120.2789,-0.6468,-0.0014,0.9982,4339,18280.2,23436.67,-0.18,4190.0,6285.12,-1697.5
1610,4878,-150,-109.9747,-0.6368,-0.0082,0.9994,4018,18313.34,23436.23,-1.29,4130.4,6324.42,-1710.22
1620,4842,-171,-50.1248,-0.6311,-0.0017,0.9981,3997,18345.88,23435.32,-1.79,4100.3,6363.21,-1723.55
1630,4770,-114,29.0861,-0.6454,0.0117,1.0022,3745,18378.07,23434.36,-1.5,4039.3,6401.56,-1736.28
1640,4698,-10,94.9209,-0.6229,-0.0037,0.9929,3879,18410.26,23433.75,-0.56,3977.5,6439.7,-1747.55
1650,4660,96,119.5554,-0.6344,-0.0049,0.9926,4069,18442.53,23433.78,0.64,3946.2,6477.97,-1757.15
1660,4585,159,92.3336,-0.6373,-0.0107,1.0083,4169,18475.17,23434.43,1.56,3882.8,6515.93,-1765.39
1670,4510,148,22.1426,-0.635,0.0089,1.0166,4016,18508.24,23435.43,1.77,3818.4,6553.32,-1773.2
1680,4472,68,-60.1957,-0.646,0.0091,0.9843,4357,18541.53,23436.32,1.17,3785.8,6590.22,-1781.73
1690,4394,-41,-114.7575,-0.6173,-0.0095,0.9884,3881,18574.81,23436.68,0.02,3719.7,6626.1,-1791.55
1700,4313,-129,-115.7012,-0.6336,-0.0081,1.016,3722,18608.1,23436.34,-1.14,3652.4,6660.91,-1802.61
1710,4274,-161,-76.4663,-0.6308,0.0389,0.9897,3871,18641.54,23435.45,-1.91,3618.3,6695.14,-1814.41
1720,4192,-133,-48.5464,-0.6275,0.4708,1.0104,4180,18674.67,23434.45,-2.4,3549.1,6728.65,-1826.15
1730,4109,-40,23.3278,-0.6379,0.4284,1.0029,3866,18707.2,23433.25,-2.17,3478.5,6761.7,-1837.0
1740,4067,55,52.5599,-0.6455,0.434,0.9948,4033,18739.38,23431.81,-1.64,3442.7,6794.72,-1846.77
1750,3980,125,64.3601,-0.657,0.0072,0.9869,3889,18771.59,23431.0,-1.0,3369.9,6827.3,-1855.42
1760,3935,134,30.9896,-0.6397,0.0098,1.0045,3948,18803.9,23430.55,-0.7,3332.9,6859.61,-1863.62
1770,3849,43,-119.3381,-0.6398,0.6745,1.0177,4132,18836.63,23430.05,-1.89,3257.7,6890.96,-1872.56
1780,3802,-79,-251.4986,-0.0131,0.786,0.9995,3667,18869.67,23429.07,-4.41,3218.5,6921.3,-1883.31
1790,3802,-161,-259.3406,0.0151,0.7836,0.9951,4204,18902.22,23425.43,-7.01,3218.4,6950.87,-1896.04
1800,3804,-191,-213.47,0.4625,0.7884,1.0132,3877,18934.28,23420.31,-9.15,3220.3,6979.8,-1910.24
1810,3868,-121,-21.5744,0.4383,0.0045,1.0052,4162,18966.25,23415.0,-9.36,3274.8,7009.16,-1924.78
1820,3901,-35,77.1794,0.4611,0.0035,0.986,4081,18998.32,23409.9,-8.59,3301.8,7039.13,-1938.65
1830,3932,22,11.0231,-0.0187,0.7827,1.0169,3775,19030.69,23405.34,-8.49,3329.2,7069.66,-1951.94
1840,3932,82,-25.1529,0.0021,0.8123,0.9969,3791,19062.92,23401.47,-8.74,3328.2,7100.38,-1964.8
1850,3932,92,-81.9291,0.0048,0.8095,1.0058,3726,19094.2,23395.52,-9.56,3328.3,7131.02,-1977.85
1860,3962,48,-146.6287,-0.3268,0.3595,0.9917,3878,19125.36,23389.56,-11.03,3355.8,7161.47,-1991.95
1870,3942,4,-93.239,-0.6246,-0.0037,1.0008,4107,19156.45,23383.26,-11.97,3337.3,7191.29,-2006.95
1880,3854,-85,-120.0746,-0.6255,0.2212,0.9822,4176,19187.57,23376.32,-13.17,3262.2,7219.81,-2022.8
1890,3808,-189,-230.8635,-0.0252,0.8013,1.0084,3701,19218.96,23368.7,-15.49,3224.0,7247.06,-2040.05
1900,3805,-180,-162.8845,0.007,0.7938,0.9934,3847,19250.03,23360.33,-17.12,3222.1,7273.72,-2058.16
1910,3807,-116,-83.9257,0.4411,0.7953,1.0041,3791,19279.92,23349.87,-17.96,3223.3,7300.29,-2076.43
1920,3838,-10,4.4301,0.4401,0.5929,1.0019,3820,19309.62,23339.95,-17.92,3250.6,7327.43,-2094.3
1930,3905,104,113.8196,0.1042,-0.0052,1.0,4286,19339.52,23330.62,-16.78,3304.7,7355.73,-2111.41
1940,3909,135,53.5465,-0.624,0.0049,0.9934,4013,19369.66,23321.77,-16.25,3310.7,7384.45,-2127.88
1950,3827,67,-130.14,-0.0345,0.8064,1.0019,4215,19400.25,23313.03,-17.56,3240.0,7412.21,-2144.62
1960,3826,-6,-205.5995,0.0036,0.8,1.0321,3967,19430.77,23303.28,-19.62,3239.3,7439.12,-2162.65
1970,3828,-98,-246.3169,0.0131,0.7828,1.0053,4125,19459.95,23291.3,-22.08,3239.9,7464.86,-2182.36
1980,3859,-148,-189.908,0.3252,0.0146,1.0003,4135,19488.51,23278.9,-23.98,3268.6,7489.75,-2203.53
1990,3883,-142,-59.3094,-0.6374,-0.0121,1.0063,4106,19516.8,23266.1,-24.58,3287.4,7514.34,-2225.37
2000,3793,-119,-24.2388,-0.6273,0.5699,1.0013,4223,19545.07,23253.17,-24.83,3211.1,7538.32,-2246.76
2010,3748,-77,-59.5021,-0.0158,0.8027,0.9875,4118,19573.64,23240.38,-25.42,3172.2,7562.08,-2267.79
2020,3746,12,-25.0468,0.0051,0.8008,0.9994,3766,19602.39,23226.98,-25.68,3171.0,7586.17,-2288.43
2030,3747,74,-39.3555,0.0124,0.8043,0.9815,3576,19630.81,23212.31,-26.07,3171.5,7610.49,-2308.81
2040,3780,108,-29.5008,0.4406,0.2383,0.986,4043,19659.08,23198.2,-26.37,3200.6,7635.09,-2329.31
2050,3839,88,-31.0842,-0.6533,-0.0052,1.0079,4309,19687.25,23184.17,-26.68,3250.1,7659.84,-2350.4
2060,3794,1,-93.1521,-0.6493,0.016,1.0067,3840,19715.25,23169.84,-27.62,3211.7,7683.59,-2372.02
2070,3702,-129,-239.8752,0.0044,0.8032,0.9701,3942,19743.14,23154.88,-30.02,3133.6,7705.42,-2394.52
2080,3700,-187,-237.12,-0.0118,0.7863,1.0136,4119,19771.02,23139.24,-32.39,3132.4,7725.92,-2418.23
2090,3701,-178,-170.0471,0.0328,0.7866,1.0078,3879,19797.02,23120.91,-34.1,3132.6,7745.6,-2442.62
2100,3734,-118,-83.682,0.4498,0.3222,0.9978,3989,19822.51,23102.89,-34.94,3161.9,7765.29,-2467.37
2110,3766,18,101.7549,0.441,-0.0025,1.0129,4141,19847.96,23085.43,-33.92,3189.8,7786.03,-2491.59
2120,3763,96,112.9635,-0.6291,-0.0018,1.0024,4127,19873.74,23068.47,-32.8,3184.7,7807.68,-2514.97
2130,3716,115,23.4445,-0.6119,0.3631,1.0127,4129,19899.86,23051.92,-32.56,3145.5,7829.49,-2537.66
2140,3668,62,-132.9276,-0.0295,0.8057,1.0107,4010,19926.43,23035.39,-33.9,3104.6,7850.53,-2560.52
2150,3668,-4,-208.9406,-0.0008,0.8044,0.9876,3889,19952.48,23017.31,-35.99,3104.1,7870.48,-2584.33
2160,3666,-96,-259.1984,0.4616,0.7861,0.9945,3768,19977.46,22997.36,-38.58,3105.7,7888.82,-2609.37
2170,3702,-134,-172.179,0.4484,0.4358,0.9903,4167,20001.83,22977.07,-40.31,3134.1,7906.08,-2635.54
2180,3769,-142,-64.847,0.4606,-0.0049,1.0217,3898,20025.81,22956.45,-40.96,3190.1,7923.02,-2662.6
2190,3763,-107,8.6339,-0.6272,0.2716,1.0129,4158,20049.7,22935.7,-40.88,3185.5,7940.03,-2689.56
2200,3715,-80,-63.0965,-0.0179,0.7768,0.9945,4187,20073.91,22915.0,-41.51,3146.3,7956.9,-2716.11
2210,3715,9,-28.2006,0.0075,0.7856,1.0048,4092,20098.54,22894.23,-41.79,3144.5,7974.17,-2742.4
2220,3716,73,-41.6714,0.019,0.7849,1.0132,3740,20121.73,22872.0,-42.22,3144.7,7991.76,-2768.5
2230,3749,94,-64.0253,0.4654,0.5345,0.9831,3945,20144.78,22850.49,-42.86,3173.8,8009.4,-2794.9
2240,3786,89,-29.8151,-0.6383,-0.0144,1.0047,3771,20167.57,22829.27,-43.16,3205.5,8026.95,-2821.74
2250,3740,3,-90.8142,-0.6252,0.0237,0.98,4180,20190.08,22807.86,-44.07,3166.6,8043.41,-2848.8
2260,3647,-111,-201.3231,-0.0184,0.7902,1.0141,3731,20212.21,22786.0,-46.09,3087.3,8057.99,-2876.02
2270,3646,-185,-239.574,-0.0102,0.8113,0.9951,3968,20234.12,22763.53,-48.49,3085.8,8070.95,-2904.04
2280,3645,-181,-179.4887,0.0159,0.8025,0.9979,3827,20254.47,22739.12,-50.29,3085.3,8082.9,-2932.52
2290,3644,-124,-102.9442,0.4321,0.7899,1.003,4010,20274.11,22714.05,-51.32,3086.3,8094.54,-2961.1
2300,3711,5,70.7177,0.4355,-0.0124,1.0071,3720,20293.75,22689.66,-50.61,3143.2,8107.27,-2989.82
2310,3778,99,114.3825,0.0297,0.0019,0.9967,3846,20313.77,22665.78,-49.47,3199.1,8121.41,-3018.52
2320,3782,129,61.5025,-0.6316,0.0715,1.0131,3879,20334.21,22642.24,-48.86,3202.0,8136.25,-3046.91
2330,3734,65,-126.9261,-0.0062,0.7963,0.9912,4186,20354.96,22618.75,-50.13,3161.5,8150.33,-3075.23
2340,3734,-1,-203.1562,0.0085,0.8039,1.0047,3794,20375.36,22594.41,-52.17,3160.8,8163.1,-3104.16
2350,3734,-88,-251.804,0.4542,0.8046,0.9924,3919,20393.55,22568.39,-54.69,3161.7,8174.04,-3133.82
2360,3766,-146,-204.0199,0.4484,0.7425,1.002,4223,20410.91,22542.46,-56.73,3189.6,8183.4,-3164.3
2370,3833,-140,-66.1554,-0.3418,0.0026,0.9793,4013,20427.65,22516.57,-57.4,3244.7,8192.21,-3195.55
2380,3761,-112,2.9969,-0.6403,-0.0188,1.0087,3953,20444.23,22490.59,-57.37,3185.5,8200.86,-3226.21
2390,3715,-72,-23.8606,-0.642,0.7925,0.9963,3975,20461.01,22464.69,-57.61,3146.3,8209.68,-3256.41
2400,3668,-4,-32.7376,0.0292,0.795,0.9954,4197,20478.38,22438.84,-57.94,3105.8,8218.79,-3286.1
2410,3668,62,-39.171,0.0281,0.7908,1.0038,4226,20494.61,22411.73,-58.33,3105.8,8228.25,-3315.69
2420,3671,80,-91.9801,0.4562,0.7862,1.0018,3811,20510.77,22384.08,-59.26,3108.2,8237.55,-3345.36
2430,3704,87,-41.8108,0.4654,0.0473,0.9994,3832,20527.07,22356.4,-59.68,3136.5,8246.61,-3375.4
2440,3772,10,-88.6452,0.0458,-0.0057,1.0175,3798,20543.07,22328.6,-60.57,3192.5,8254.86,-3406.25
2450,3729,-93,-161.3801,-0.6313,0.6867,0.9991,3957,20558.56,22300.48,-62.18,3156.5,8261.53,-3437.11
2460,3682,-185,-245.2003,-0.0316,0.783,0.9925,3895,20573.56,22271.94,-64.64,3116.9,8266.29,-3467.93
2470,3679,-183,-178.9674,0.0141,0.7924,0.9989,3955,20586.86,22243.04,-66.43,3115.9,8269.89,-3498.89
2480,3681,-124,-100.6346,0.0249,0.806,1.0125,3708,20598.36,22213.97,-67.44,3116.6,8273.21,-3529.88
2490,3718,-16,27.0677,0.4491,0.1102,1.0044,4103,20609.99,22185.63,-67.17,3146.4,8277.22,-3561.11
2500,3751,89,112.5657,0.4155,0.0102,1.0195,3898,20622.08,22157.68,-66.05,3174.4,8282.5,-3592.43
2510,3734,132,83.8673,-0.6455,-0.012,0.995,3917,20634.67,22129.95,-65.21,3161.2,8288.66,-3623.45
2520,3688,82,-89.852,-0.6095,0.5778,1.0079,4082,20647.56,22102.23,-66.12,3121.7,8294.39,-3654.16
2530,3638,10,-195.7314,0.0125,0.7899,0.9993,4100,20660.59,22074.05,-68.08,3080.7,8298.75,-3684.66
2540,3638,-76,-251.6556,0.0202,0.8145,0.9949,3959,20670.97,22044.42,-70.6,3081.0,8301.22,-3715.36
2550,3640,-157,-265.5982,0.4421,0.7999,0.9933,4017,20680.41,22013.95,-73.26,3082.4,8301.61,-3746.18
2560,3707,-141,-86.4776,0.4443,-0.0099,0.9912,4014,20689.43,21982.93,-74.12,3139.4,8301.12,-3777.57
2570,3740,-113,-2.4837,0.4592,0.0033,0.9991,3910,20698.34,21951.42,-74.15,3167.5,8300.6,-3809.25
2580,3806,-60,15.5506,-0.2471,0.4584,1.0129,4164,20707.59,21919.54,-74.0,3222.9,8300.56,-3841.48
2590,3789,11,-24.5773,-0.0111,0.8101,1.0036,3953,20717.52,21887.47,-74.25,3207.3,8301.11,-3873.55
2600,3787,76,-38.0885,-0.016,0.8024,0.9968,4091,20726.37,21854.65,-74.63,3207.0,8302.04,-3905.61
2610,3793,78,-106.538,0.4402,0.8042,1.0236,3802,20734.71,21821.17,-75.7,3208.6,8302.61,-3937.74
2620,3784,65,-64.1514,-0.6351,0.0223,1.0178,3871,20743.15,21787.23,-76.34,3204.9,8302.57,-3969.78
2630,3692,-34,-116.6447,-0.618,-0.0073,0.9936,4026,20751.18,21752.76,-77.51,3126.6,8301.24,-4001.02
2640,3598,-154,-223.1767,-0.0184,0.8035,1.015,4065,20758.53,21717.67,-79.75,3046.2,8298.09,-4031.32
2650,3596,-202,-241.9784,0.0063,0.7804,1.0056,3787,20765.34,21682.03,-82.17,3044.9,8293.32,-4061.41
2660,3597,-145,-145.0874,0.025,0.7938,1.0068,3991,20768.8,21645.44,-83.63,3044.9,8287.96,-4091.4
2670,3632,-27,-13.9244,0.4442,0.4317,1.0145,4020,20772.41,21608.62,-83.77,3075.1,8283.06,-4121.75
2680,3699,115,132.0319,0.4552,-0.0098,1.0066,4246,20776.82,21572.24,-82.45,3132.2,8279.53,-4152.88
2690,3765,143,72.6662,0.4567,0.2453,0.9947,3908,20781.83,21536.55,-81.73,3188.3,8276.74,-4184.65
2700,3799,48,-150.0994,0.4359,0.6689,1.0064,3756,20786.93,21501.47,-83.23,3215.9,8272.99,-4216.6
2710,3862,-47,-227.467,0.4498,0.7204,1.0029,3941,20790.74,21466.9,-85.51,3270.5,8267.31,-4248.81
2720,3927,-140,-251.998,0.4557,0.7381,1.0048,3740,20791.95,21432.73,-88.03,3324.3,8259.41,-4281.11
2730,3989,-165,-146.3935,0.4448,0.1116,1.0037,4254,20792.48,21399.15,-89.5,3377.1,8250.03,-4313.57
2740,4020,-148,-68.2211,0.4395,0.3502,0.9991,4208,20792.69,21366.23,-90.18,3403.2,8240.1,-4346.14
2750,4081,-80,6.5117,0.4351,0.3835,0.9997,3738,20792.93,21333.94,-90.12,3454.9,8230.39,-4379.31
2760,4111,21,55.1009,0.4623,0.3813,0.9985,4046,20792.6,21302.25,-89.57,3480.4,8221.63,-4412.99
2770,4169,103,64.5721,0.4526,0.2385,0.9936,3835,20792.9,21271.22,-88.93,3531.0,8213.77,-4447.41
2780,4200,152,65.5629,0.4339,-0.0108,1.0107,3869,20793.66,21240.74,-88.28,3556.0,8206.64,-4482.26
2790,4258,125,-1.4184,0.4553,0.0112,0.9841,3942,20794.58,21210.95,-88.3,3605.4,8199.38,-4517.59
2800,4287,57,-63.8455,0.4511,-0.0058,0.9889,3636,20795.31,21181.72,-88.94,3629.9,8191.29,-4552.98
2810,4345,-32,-99.9635,0.4462,0.0232,0.9992,3904,20795.6,21153.16,-89.94,3678.4,8181.84,-4588.54
2820,4372,-109,-100.1329,0.1764,0.0068,1.0007,4042,20795.38,21125.2,-90.94,3702.4,8171.09,-4623.96
2830,4344,-149,-67.6448,-0.6193,0.0049,0.994,4084,20794.75,21097.84,-91.62,3679.3,8159.56,-4658.9
2840,4308,-139,-16.0725,-0.6309,-0.0045,1.0178,3980,20793.93,21071.14,-91.79,3645.4,8147.95,-4693.5
2850,4264,-93,36.9318,-0.6387,0.0077,1.0091,4230,20793.18,21045.03,-91.42,3611.3,8136.88,-4727.87
2860,4184,-18,76.3354,-0.626,0.016,0.9849,3852,20792.71,21019.52,-90.66,3541.9,8126.94,-4761.88
2870,4139,53,92.1898,-0.6213,-0.0054,1.002,3830,20792.62,20994.69,-89.74,3506.7,8118.18,-4795.81
2880,4100,108,83.5755,-0.6235,-0.0192,1.0032,3902,20792.91,20970.46,-88.91,3471.2,8110.48,-4829.66
2890,4058,134,55.216,-0.6596,-0.01,0.995,3963,20793.48,20946.83,-88.36,3435.3,8103.48,-4863.31
2900,4015,130,15.9511,-0.6534,0.0025,0.9964,3980,20794.19,20923.81,-88.2,3399.0,8096.75,-4896.65
2910,3971,100,-23.8346,-0.6517,-0.0123,1.0064,4313,20794.86,20901.41,-88.44,3362.3,8089.85,-4929.57
2920,3882,45,-55.763,-0.6331,-0.0125,1.0218,4468,20795.35,20879.53,-89.01,3287.7,8082.45,-4961.6
2930,3839,-11,-74.3065,-0.6243,-0.0,1.0006,4272,20795.59,20858.19,-89.75,3249.8,8074.32,-4993.07
2940,3795,-65,-76.9969,-0.6414,-0.009,1.0084,3902,20795.54,20837.45,-90.52,3211.4,8065.44,-5023.95
2950,3746,-102,-65.5081,-0.613,0.0164,0.9812,4072,20795.23,20817.32,-91.18,3172.6,8055.99,-5054.23
2960,3700,-122,-43.7946,-0.6294,0.001,1.0055,3969,20794.75,20797.81,-91.62,3133.3,8046.19,-5084.0
2970,3653,-122,-16.8811,-0.631,0.0073,0.9862,4259,20794.17,20778.87,-91.8,3093.4,8036.33,-5113.33
2980,3606,-103,10.727,-0.6433,0.0113,0.9765,3854,20793.59,20760.01,-91.69,3053.1,8026.72,-5142.32
2990,3607,-67,37.988,-0.6285,0.014,0.9778,4032,20793.08,20740.69,-91.31,3053.1,8017.5,-5171.45
3000,3557,-21,60.7026,-0.6354,0.0138,0.9802,3833,20792.72,20720.94,-90.71,3012.2,8009.02,-5200.35
3010,3507,28,72.3716,-0.6347,0.0156,1.0119,4013,20792.6,20701.27,-89.99,2970.7,8001.37,-5229.04
3020,3460,68,70.1051,-0.6486,-0.0115,1.0012,4253,20792.72,20682.22,-89.29,2928.7,7994.52,-5257.52
3030,3410,99,58.6765,-0.641,0.0272,1.0182,4039,20793.06,20663.28,-88.71,2886.1,7988.34,-5285.73
3040,3356,113,39.0492,-0.6395,0.0047,1.0032,4087,20793.57,20643.96,-88.32,2842.8,7982.63,-5313.58
3050,3306,107,11.9424,-0.6448,0.0058,0.9893,4143,20794.18,20624.21,-88.2,2798.8,7977.12,-5341.03
3060,3253,83,-18.6355,-0.655,-0.0112,0.9837,4005,20794.78,20604.31,-88.39,2754.2,7971.51,-5368.01
3070,3198,48,-45.1841,-0.6361,0.0005,1.0056,4207,20795.25,20584.76,-88.85,2708.8,7965.59,-5394.44
3080,3145,4,-62.1701,-0.6456,0.0101,1.0069,4132,20795.54,20565.81,-89.47,2662.6,7959.19,-5420.29
3090,3091,-37,-69.5008,-0.6409,0.0005,1.0204,4205,20795.6,20547.08,-90.17,2615.6,7952.29,-5445.53
3100,3032,-68,-67.7715,-0.6333,-0.0101,1.0235,3715,20795.42,20528.07,-90.85,2567.8,7944.96,-5470.13
3110,2975,-104,-79.7521,-0.633,0.0987,1.0011,4378,20795.04,20508.63,-91.65,2519.0,7937.17,-5494.1
3120,2918,-136,-125.6546,-0.6239,0.5244,1.023,3962,20794.48,20488.74,-92.91,2469.3,7928.89,-5517.38
3130,2857,-125,-96.9763,-0.6565,0.4926,0.9908,4288,20793.85,20468.62,-93.88,2418.5,7920.38,-5540.04
3140,2795,-98,-65.758,-0.6416,0.4603,1.031,3813,20792.75,20448.57,-94.54,2366.7,7911.91,-5562.15
3150,2734,-61,-39.7264,-0.6458,0.431,1.0119,4142,20790.35,20428.53,-94.94,2313.7,7903.68,-5583.79
3160,2667,-19,-22.9505,-0.637,0.42,0.9862,3989,20788.15,20408.3,-95.18,2259.5,7895.85,-5604.96
3170,2603,-22,-121.4012,-0.4019,0.8059,0.9993,4105,20786.24,20388.26,-96.39,2204.0,7888.03,-5625.57
3180,2562,5,-122.2735,-0.6302,0.8063,1.0015,4225,20784.62,20368.71,-97.62,2168.5,7880.11,-5645.77
3190,2494,20,-137.2893,-0.6436,0.768,1.0185,4218,20783.22,20349.72,-98.99,2111.8,7872.11,-5665.32
3200,2422,16,-159.5538,-0.6442,0.7129,1.0037,3927,20779.76,20331.43,-100.59,2052.2,7863.86,-5684.11
3210,2352,1,-188.3868,-0.6523,0.6793,1.0067,4070,20774.8,20313.24,-102.48,1990.9,7855.24,-5702.07
3220,2278,-28,-219.5692,-0.6466,0.6361,1.0053,4170,20769.64,20294.61,-104.68,1927.6,7846.12,-5719.07
3230,2198,-89,-315.2292,0.4415,0.8051,1.0079,3637,20764.2,20275.6,-107.84,1862.1,7836.26,-5734.85
3240,2255,-94,-253.227,0.468,0.5964,1.0083,4513,20758.51,20256.57,-110.37,1909.1,7825.24,-5750.44
3250,2309,-118,-249.602,0.4122,0.6247,1.0005,4194,20752.7,20237.98,-112.87,1955.0,7813.1,-5765.77
3260,2359,-138,-233.4183,-0.6337,0.6411,0.9931,3895,20744.1,20221.04,-115.21,1997.6,7799.91,-5780.77
3270,2286,-146,-213.9991,-0.6456,0.5995,0.9961,4296,20734.69,20204.4,-117.35,1934.6,7786.49,-5794.73
3280,2206,-149,-212.7851,0.4522,0.7921,0.9945,3828,20725.01,20187.48,-119.48,1869.4,7773.01,-5807.67
3290,2263,-148,-224.0447,0.4575,0.6328,0.9903,4138,20715.28,20170.46,-121.72,1916.2,7758.71,-5820.44
3300,2316,-103,-139.4061,0.4416,0.6343,1.0164,3723,20705.81,20153.7,-123.12,1961.8,7743.85,-5833.24
3310,2371,-68,-117.1212,-0.3093,0.6707,0.9982,3952,20696.77,20137.35,-124.3,2006.5,7728.53,-5846.21
3320,2335,-38,-107.3913,-0.6325,0.6683,0.9977,4154,20684.88,20122.98,-125.37,1976.7,7713.35,-5858.87
3330,2334,-10,-111.0973,-0.6538,0.6516,0.9906,4066,20672.89,20108.14,-126.49,1976.7,7698.08,-5871.42
3340,2258,-14,-178.4579,-0.6431,0.619,1.0007,3559,20660.78,20092.79,-128.27,1913.0,7683.05,-5883.25
3350,2183,4,-170.9284,0.4512,0.8038,0.9935,4037,20648.6,20077.08,-129.99,1847.0,7668.27,-5894.36
3360,2238,3,-174.7079,0.4518,0.5854,1.0077,4036,20636.59,20061.47,-131.74,1894.4,7652.77,-5905.28
3370,2293,-12,-197.9321,0.4436,0.6142,1.0074,3985,20624.32,20046.92,-133.72,1940.6,7636.48,-5915.85
3380,2346,-39,-221.0419,0.4372,0.6501,1.0101,4114,20610.01,20034.52,-135.93,1985.7,7619.33,-5925.87
3390,2397,-71,-242.6398,-0.2508,0.6726,0.9917,3892,20595.28,20021.99,-138.36,2029.8,7601.28,-5935.16
3400,2369,-134,-329.8875,-0.0247,0.8014,1.0018,4089,20580.02,20009.34,-141.66,2006.0,7582.85,-5943.07
3410,2368,-136,-260.0703,0.445,0.817,0.9859,3951,20564.29,19996.63,-144.27,2005.4,7564.0,-5949.91
3420,2419,-155,-243.7884,-0.1521,0.7121,0.9886,4122,20548.4,19984.08,-146.71,2049.1,7544.4,-5955.88
3430,2403,-153,-215.2754,-0.6371,0.6986,1.0063,4115,20531.43,19973.54,-148.86,2035.0,7524.7,-5961.0
3440,2332,-140,-185.6819,-0.6431,0.6602,1.0075,4111,20513.28,19964.49,-150.72,1973.1,7505.43,-5965.35
3450,2254,-113,-155.7883,-0.6304,0.6106,0.9945,4007,20495.02,19955.3,-152.28,1909.2,7486.73,-5969.15
3460,2178,-105,-204.9846,0.4488,0.8025,1.0003,4205,20477.12,19946.1,-154.34,1843.1,7468.57,-5972.38
3470,2232,-44,-112.1798,0.4418,0.5859,1.0062,3805,20459.85,19936.97,-155.46,1890.6,7449.94,-5975.56
3480,2288,-14,-107.7797,0.4379,0.6248,1.0123,4108,20443.23,19927.92,-156.54,1936.9,7430.82,-5978.69
3490,2341,5,-116.6279,0.159,0.6554,1.013,4227,20425.55,19921.84,-157.71,1982.1,7411.23,-5981.68
3500,2359,17,-137.7538,-0.6447,0.6644,0.9877,4092,20407.48,19915.79,-159.09,1998.3,7391.43,-5984.37
3510,2286,-5,-201.779,-0.6541,0.6694,0.9912,4057,20388.99,19909.5,-161.11,1935.2,7372.16,-5986.34
3520,2208,-23,-237.63,0.4452,0.7986,1.0182,3842,20370.18,19903.1,-163.49,1870.0,7353.49,-5987.45
3530,2264,-37,-225.3317,0.4489,0.611,1.0018,4131,20351.43,19896.84,-165.75,1916.8,7334.32,-5987.67
3540,2318,-65,-239.4433,0.1177,0.6299,1.014,3962,20333.01,19891.37,-168.15,1962.5,7314.71,-5986.86
3550,2332,-97,-245.3815,-0.6443,0.6396,1.0171,3919,20314.18,19889.33,-170.6,1973.0,7295.06,-5984.96
3560,2253,-122,-246.0754,-0.647,0.6064,0.9943,3910,20295.11,19887.5,-173.07,1909.1,7276.2,-5982.1
3570,2177,-171,-316.4829,0.4326,0.798,0.9988,4205,20275.63,19885.86,-176.24,1843.1,7258.19,-5978.13
3580,2233,-149,-222.5158,0.4429,0.6009,0.9992,4176,20256.12,19884.37,-178.46,1890.5,7239.92,-5973.25
3590,2288,-143,-190.8917,0.4635,0.6417,0.9982,3678,20237.04,19882.99,-180.38,1936.8,7221.38,-5967.6
3600,2341,-124,-159.7186,0.1543,0.6657,0.9985,3876,20218.4,19882.77,178.03,1982.0,7202.56,-5961.36
3610,2358,-96,-135.9723,-0.649,0.6933,0.9895,3907,20199.69,19885.06,176.66,1997.0,7183.7,-5954.79
3620,2285,-64,-120.7229,-0.6415,0.64,0.9892,4280,20180.55,19887.21,175.45,1933.9,7165.5,-5948.24
3630,2207,-59,-182.3182,0.4523,0.7954,0.998,3902,20161.05,19889.17,173.63,1868.7,7148.04,-5941.57
3640,2262,-3,-108.9344,0.4428,0.5876,0.9937,3701,20141.4,19890.88,172.53,1915.5,7130.19,-5934.62
3650,2317,15,-122.4564,0.441,0.6365,1.0015,4290,20122.09,19892.36,171.31,1961.2,7111.99,-5927.28
3660,2369,19,-142.1624,0.4473,0.653,1.0149,4307,20103.59,19895.39,169.88,2005.8,7093.54,-5919.4
3670,2422,10,-168.5988,-0.5746,0.6808,1.0089,4084,20085.43,19900.15,168.19,2049.5,7074.92,-5910.78
3680,2356,-13,-200.2506,0.1406,0.8083,1.0131,4002,20066.81,19905.07,166.19,1995.0,7057.15,-5901.7
3690,2371,-74,-311.1481,0.4453,0.7969,0.9937,3826,20047.75,19910.25,163.07,2006.9,7039.89,-5891.46
3700,2421,-83,-259.0688,-0.0608,0.7046,0.9817,4078,20028.49,19915.71,160.48,2050.6,7022.88,-5880.01
3710,2414,-117,-261.5744,-0.6608,0.726,0.9978,4100,20009.53,19921.34,157.86,2044.0,7006.63,-5867.61
3720,2415,-142,-253.2148,-0.6461,0.6953,0.9891,3859,19991.85,19929.88,155.32,2044.0,6991.1,-5854.32
3730,2266,-152,-239.6857,-0.6549,0.6214,0.9999,3833,19974.26,19939.72,152.93,1918.8,6977.15,-5841.13
3740,2189,-158,-243.2763,0.4425,0.8061,1.0077,3797,19956.46,19949.83,150.49,1853.0,6964.27,-5827.79
3750,2247,-148,-220.0448,0.4509,0.5893,1.0083,3802,19938.89,19959.84,148.29,1900.2,6951.57,-5813.61
3760,2300,-104,-141.4705,0.4215,0.6225,0.9982,4142,19921.83,19969.44,146.87,1946.3,6938.83,-5798.88
3770,2299,-72,-116.5544,0.4492,0.6107,0.9919,3830,19905.46,19978.91,145.7,1946.3,6926.25,-5784.03
3780,2353,-39,-105.0767,0.0114,0.6458,0.9946,3913,19890.86,19990.87,144.65,1991.3,6913.46,-5768.75
3790,2353,-9,-106.7886,-0.6519,0.6491,0.9874,3717,19875.8,20002.89,143.58,1991.8,6900.76,-5753.4
3800,2277,-22,-198.5714,-0.6582,0.6379,0.9972,4182,19860.25,20015.0,141.59,1928.5,6888.84,-5738.24
3810,2199,9,-152.2249,0.4398,0.8125,0.9997,3900,19844.32,20027.19,140.06,1863.1,6877.61,-5723.38
3820,2254,5,-180.6179,0.4673,0.6045,0.9975,3978,19828.44,20039.22,138.25,1910.1,6866.56,-5707.81
3830,2311,-11,-204.9016,0.1923,0.674,1.0003,3952,19814.07,20052.01,136.2,1955.9,6855.87,-5691.41
3840,2332,-37,-228.3831,-0.6362,0.6628,0.9981,3819,19801.52,20066.46,133.91,1975.4,6845.88,-5674.38
3850,2257,-73,-250.4641,-0.6483,0.6282,1.0104,4157,19788.88,20081.31,131.41,1911.6,6837.14,-5657.38
3860,2179,-133,-333.0643,0.4455,0.802,0.9943,3807,19776.17,20096.6,128.07,1845.6,6829.89,-5640.42
3870,2237,-128,-250.654,0.4539,0.5758,1.0141,3831,19763.74,20111.97,125.56,1893.0,6823.42,-5622.61
3880,2291,-145,-229.4197,0.4542,0.6161,1.004,3836,19751.82,20127.03,123.27,1939.2,6817.72,-5604.07
3890,2344,-148,-203.7653,-0.0124,0.6198,1.0036,3979,19742.04,20143.22,121.22,1984.4,6812.66,-5584.87
3900,2341,-138,-178.5605,-0.6497,0.6433,0.9996,4078,19733.37,20160.43,119.44,1982.2,6808.2,-5565.55
3910,2266,-115,-152.7359,-0.6561,0.605,0.9828,4014,19724.47,20177.98,117.91,1918.6,6804.29,-5546.76
3920,2190,-114,-208.276,0.4383,0.8074,1.0004,4019,19715.27,20195.8,115.82,1852.9,6801.01,-5528.5
3930,2245,-57,-122.8885,0.4465,0.611,0.9893,3676,19705.67,20213.91,114.59,1900.1,6797.83,-5509.76
3940,2298,-24,-121.7997,0.4449,0.6393,1.0002,4315,19695.64,20232.29,113.37,1946.1,6794.71,-5490.56
3950,2354,2,-135.2639,0.1473,0.6658,0.9971,3817,19689.03,20252.6,112.01,1991.1,6791.73,-5470.85
3960,2368,10,-162.8733,-0.639,0.6827,0.9964,3806,19682.06,20273.29,110.38,2004.7,6789.14,-5450.96
3970,2294,-31,-276.4579,0.4456,0.8058,1.0049,3706,19674.84,20294.39,107.61,1941.9,6787.53,-5431.59
3980,2398,-25,-236.7607,0.2677,0.6755,1.0166,3900,19667.49,20316.0,105.24,2031.0,6786.79,-5411.3
3990,2430,-66,-276.3378,-0.6519,0.6952,1.0067,3970,19660.22,20338.14,102.47,2056.5,6787.26,-5390.72
4000,2357,-112,-301.7337,-0.6381,0.6403,0.9828,3982,19657.49,20361.69,99.45,1995.3,6789.07,-5370.85
4010,2283,-149,-306.3653,-0.6365,0.6099,0.9926,4189,19655.08,20385.72,96.39,1932.2,6792.14,-5351.76
4020,2204,-195,-367.4206,0.4457,0.7881,1.0062,3999,19652.96,20410.21,92.71,1866.9,6796.49,-5333.61
4030,2313,-171,-265.943,0.4473,0.6578,1.0138,3502,19651.01,20435.09,90.05,1959.5,6802.02,-5314.81
4040,2368,-148,-220.7158,0.1276,0.6793,0.9896,3980,19651.16,20460.23,87.84,2004.2,6808.35,-5295.78
4050,2381,-104,-178.1476,-0.6331,0.6881,1.015,4314,19654.09,20485.51,86.05,2015.7,6815.08,-5276.78
4060,2306,-84,-229.8072,-0.6397,0.6971,1.0114,4087,19656.69,20511.09,83.75,1953.2,6822.02,-5258.53
4070,2287,-17,-146.6362,0.4494,0.6207,1.0031,4149,19658.88,20537.03,82.28,1935.0,6829.09,-5240.5
4080,2339,0,-173.0799,0.178,0.642,1.0099,3933,19661.08,20562.75,80.55,1980.2,6836.68,-5222.2
4090,2360,-6,-217.2414,-0.6356,0.6764,0.9861,3955,19667.57,20587.56,78.37,1998.3,6844.95,-5204.0
4100,2207,-44,-278.3197,0.4447,0.7892,1.0097,3561,19674.1,20612.42,75.59,1870.1,6853.58,-5187.42
4110,2263,-109,-373.3549,0.4499,0.619,1.0041,4417,19680.89,20637.34,71.85,1916.9,6863.74,-5171.17
4120,2318,-133,-339.5123,0.4457,0.6468,0.9606,4090,19688.13,20662.42,68.45,1962.6,6875.37,-5155.36
4130,2370,-170,-334.4021,0.4556,0.6526,1.0315,4230,19699.25,20685.96,65.1,2007.2,6888.43,-5140.13
4140,2475,-182,-295.6779,0.438,0.7394,0.9836,4120,19711.66,20708.33,62.14,2093.6,6903.03,-5125.08
4150,2523,-146,-176.981,0.4492,0.4998,0.9926,3538,19724.09,20730.4,60.37,2135.5,6918.42,-5110.25
4160,2570,-59,6.2916,0.4748,0.1151,0.9921,3916,19736.45,20752.47,60.43,2176.6,6933.95,-5095.0
4170,2666,-13,44.8191,0.4499,0.1265,1.0224,4001,19748.79,20774.57,60.88,2256.5,6949.73,-5078.86
4180,2712,37,62.7281,0.4258,0.1234,0.9927,4263,19761.28,20796.82,61.5,2295.4,6965.34,-5062.02
4190,2758,75,53.8893,0.4591,0.1061,1.0094,3953,19773.38,20819.21,62.04,2333.7,6980.79,-5044.5
4200,2800,103,52.5978,0.453,0.0208,1.0044,4336,19784.97,20841.31,62.56,2371.3,6996.13,-5026.42
4210,2889,129,107.3425,0.4602,0.7629,0.992,3569,19796.27,20863.14,63.63,2444.9,7011.6,-5007.45
4220,2929,120,132.9989,0.4449,0.7578,1.0143,4225,19807.58,20884.87,64.96,2480.8,7026.95,-4987.97
4230,2974,69,97.4349,0.2069,0.8061,1.0025,3989,19818.67,20906.67,65.93,2516.3,7042.46,-4968.13
4240,2992,17,80.8669,0.0203,0.7756,0.9906,4209,19827.32,20929.73,66.73,2534.4,7058.09,-4948.19
4250,3036,-24,89.0709,0.4587,0.7369,1.0133,4166,19836.48,20952.99,67.62,2570.7,7073.93,-4927.94
4260,3075,-94,-7.897,0.2008,0.0,1.0037,3997,19846.13,20976.62,67.54,2604.9,7090.22,-4907.62
4270,3095,-77,50.6876,-0.6407,0.2463,1.0087,3846,19856.09,21000.6,68.04,2619.9,7106.47,-4887.05
4280,3039,12,222.0857,-0.0248,0.8067,0.9891,3955,19866.14,21025.03,70.26,2572.1,7121.46,-4866.13
4290,3036,74,267.2657,0.0038,0.8055,1.0037,3977,19875.83,21050.12,72.93,2568.7,7135.13,-4844.35
4300,3035,134,286.9452,0.0126,0.8007,0.9974,3771,19881.81,21076.79,75.8,2569.2,7147.29,-4821.72
4310,3077,176,273.6234,0.3048,0.545,1.0045,3926,19887.42,21103.96,78.53,2605.4,7158.15,-4798.03
4320,3104,120,61.5927,-0.6234,-0.0028,0.9841,3985,19892.74,21131.3,79.14,2627.9,7168.68,-4773.94
4330,3048,124,103.4436,-0.6552,0.463,1.0054,4155,19897.99,21158.58,80.17,2580.3,7178.67,-4750.13
4340,2988,92,123.5541,-0.0199,0.7978,1.0022,4079,19903.46,21185.77,81.41,2529.6,7188.26,-4726.72
4350,2989,30,94.6567,0.0075,0.8065,0.9853,4020,19907.47,21213.21,82.35,2528.9,7197.86,-4703.3
4360,2989,-19,98.8774,0.0497,0.7897,1.0079,3982,19909.84,21241.08,83.34,2529.8,7207.45,-4679.88
4370,3032,-62,71.9077,-0.15,0.3574,0.9979,3927,19912.58,21268.63,84.05,2566.9,7217.14,-4656.09
4380,3018,-92,-1.6714,-0.6406,-0.0181,0.9937,4086,19915.47,21296.01,84.03,2554.3,7226.81,-4632.43
4390,2898,24,234.7429,-0.0486,0.8004,0.996,4012,19918.25,21323.42,86.38,2455.3,7234.96,-4609.28
4400,2896,92,297.0262,-0.0078,0.8018,0.9857,3927,19920.68,21350.96,89.34,2453.0,7241.53,-4585.66
4410,2897,150,311.0021,0.0399,0.7945,1.0019,3904,19919.45,21378.83,92.45,2452.4,7246.38,-4561.61
4420,2902,181,290.9081,0.4617,0.7839,0.9864,3979,19916.58,21407.04,95.36,2456.2,7249.68,-4537.26
4430,2944,134,111.6177,0.4406,0.3023,0.9963,4142,19913.44,21435.12,96.47,2492.0,7252.39,-4512.47
4440,3027,96,47.9952,0.4348,0.6646,0.9985,3903,19910.32,21463.09,96.95,2562.1,7255.11,-4486.97
4450,3065,65,81.2988,0.4696,0.6858,0.9957,3965,19907.49,21491.06,97.76,2596.4,7257.87,-4461.17
4460,3108,0,59.3556,0.4571,0.7044,1.0077,3958,19903.9,21519.01,98.35,2630.3,7260.88,-4435.03
4470,3185,-45,72.6856,0.4368,0.7391,1.0204,4101,19898.63,21546.82,99.07,2696.8,7264.04,-4408.24
4480,3224,-71,77.2001,0.4263,0.7177,0.9988,4069,19893.75,21574.4,99.84,2729.5,7267.1,-4381.1
4490,3299,-77,46.0295,-0.2032,0.5016,1.0037,3922,19888.97,21601.91,100.3,2793.6,7269.95,-4353.3
4500,3283,29,229.1066,-0.0292,0.7846,1.0072,4052,19883.99,21629.41,102.59,2779.4,7271.35,-4325.54
4510,3282,95,260.2431,-0.0048,0.7771,1.0052,3783,19878.46,21656.62,105.19,2777.9,7271.03,-4297.75
4520,3282,150,254.4491,0.0261,0.8093,0.9835,4128,19869.59,21682.3,107.73,2778.2,7268.99,-4270.04
4530,3284,173,219.1028,0.4489,0.8082,1.0136,3847,19860.54,21707.27,109.92,2780.0,7265.59,-4242.43
4540,3323,119,45.3184,-0.1917,0.3037,1.0017,3814,19851.53,21731.61,110.37,2811.7,7261.84,-4214.53
4550,3253,111,73.3169,-0.0373,0.7923,1.011,4363,19842.79,21755.31,111.1,2753.7,7257.97,-4187.25
4560,3248,70,74.8465,-0.0032,0.8039,1.0111,4384,19834.49,21778.47,111.84,2751.6,7254.09,-4160.03
4570,3248,11,54.308,0.0024,0.8073,1.0173,4043,19825.96,21800.87,112.38,2750.7,7250.38,-4132.78
4580,3249,-33,56.1344,0.0125,0.7961,0.9992,3995,19816.03,21822.06,112.94,2750.9,7246.79,-4105.5
4590,3250,-58,76.4929,0.4423,0.7889,0.9934,4129,19806.62,21842.82,113.7,2752.4,7243.09,-4078.22
4600,3327,-99,17.8769,0.4322,-0.0037,1.0028,3707,19797.6,21863.1,113.88,2816.0,7239.37,-4050.29
4610,3363,-77,58.1663,-0.4649,0.6207,0.9986,4091,19788.86,21882.81,114.46,2847.3,7235.25,-4022.1
4620,3327,-11,163.618,-0.0346,0.796,1.0157,4131,19780.26,21901.93,116.09,2815.8,7230.17,-3994.39
4630,3325,36,180.8791,0.0111,0.7865,1.0044,3744,19771.73,21920.42,117.89,2814.5,7223.89,-3966.95
4640,3323,79,185.959,-0.0021,0.8049,0.9999,3828,19762.27,21937.81,119.75,2814.2,7216.38,-3939.83
4650,3326,120,182.8877,0.0221,0.7943,0.999,3860,19751.47,21954.44,121.58,2815.1,7207.67,-3913.05
4660,3327,149,171.0847,0.4407,0.7778,0.9991,4220,19740.24,21971.32,123.28,2817.0,7197.89,-3886.62
4670,3364,139,93.4932,-0.1607,0.1878,1.0061,3684,19728.71,21988.36,124.22,2848.3,7187.43,-3860.12
4680,3352,106,9.6904,-0.6332,0.296,1.013,3877,19717.27,22005.17,124.31,2836.9,7176.97,-3833.72
4690,3298,114,83.1505,-0.0314,0.8159,0.9803,4073,19706.16,22021.59,125.14,2792.8,7166.44,-3807.85
4700,3295,75,58.6371,-0.001,0.777,0.9999,3877,19695.18,22038.09,125.72,2791.0,7155.89,-3782.02
4710,3297,26,44.5809,0.0103,0.8022,0.9891,4140,19684.0,22054.94,126.17,2790.3,7145.48,-3756.12
4720,3295,-20,42.1423,-0.0283,0.7992,0.9886,3916,19671.1,22070.79,126.58,2790.7,7135.24,-3730.16
4730,3292,-52,51.8472,-0.6396,0.8113,1.0083,4296,19658.59,22086.56,127.1,2787.7,7125.06,-3704.21
4740,3240,-70,59.7939,-0.63,0.475,0.9924,4192,19646.6,22101.98,127.69,2742.8,7114.94,-3678.7
4750,3186,-105,-13.9739,-0.6387,0.0012,0.9917,4340,19634.98,22117.06,127.55,2697.2,7105.12,-3653.57
4760,3132,-63,77.702,-0.6431,0.6628,0.9914,4135,19623.37,22132.14,128.33,2650.9,7095.08,-3629.01
4770,3075,-11,153.4551,-0.6341,0.6868,0.9959,4312,19611.4,22147.53,129.86,2603.7,7084.42,-3605.25
4780,3018,36,178.0661,-0.6594,0.6577,1.018,3919,19599.01,22163.16,131.64,2555.6,7072.96,-3582.41
4790,2963,77,191.4793,-0.6443,0.6483,0.9992,3896,19585.31,22177.99,133.55,2506.6,7060.7,-3560.52
4800,2900,113,186.9039,-0.6303,0.6167,0.9978,4109,19570.76,22191.68,135.41,2456.7,7047.73,-3539.67
4810,2841,132,167.5306,-0.6242,0.5915,0.9989,3968,19556.47,22204.82,137.09,2405.7,7034.25,-3519.74
4820,2779,117,91.0449,-0.6306,0.0358,1.0009,3905,19542.14,22217.78,137.99,2353.5,7020.64,-3500.53
4830,2716,90,10.7698,-0.6437,0.3718,0.9957,3934,19527.45,22231.0,138.1,2300.3,7007.28,-3481.8
4840,2652,119,130.5452,-0.6449,0.7058,1.0031,4042,19512.64,22244.36,139.4,2245.7,6993.91,-3463.75
4850,2586,85,103.3133,-0.6357,0.6841,0.9992,4054,19498.16,22257.6,140.43,2189.8,6980.71,-3446.28
4860,2586,48,83.8816,-0.644,0.6841,1.0003,4316,19484.3,22270.55,141.27,2189.8,6967.46,-3428.85
4870,2518,13,77.9199,-0.6307,0.6415,0.9992,3909,19468.77,22281.29,142.04,2132.4,6954.54,-3411.89
4880,2450,-11,85.1896,-0.642,0.5955,1.001,4025,19452.97,22292.36,142.89,2073.5,6941.91,-3395.43
4890,2377,-6,149.5954,-0.6483,0.5792,1.0139,4189,19436.92,22303.86,144.39,2012.8,6929.37,-3379.68
4900,2304,-8,172.7552,0.4411,0.7904,1.0084,3704,19420.74,22315.63,146.11,1950.2,6916.84,-3364.72
4910,2358,-3,181.3413,0.4507,0.6396,1.0077,3963,19404.76,22327.29,147.92,1995.1,6903.52,-3349.84
4920,2410,17,204.0732,0.3787,0.6613,0.9953,3977,19388.83,22337.9,149.96,2039.0,6889.29,-3335.2
4930,2453,46,224.1604,-0.6529,0.6914,1.0049,3715,19371.6,22345.87,152.2,2076.8,6874.11,-3321.03
4940,2382,82,241.2167,-0.6401,0.6365,0.9825,4104,19353.97,22353.79,154.61,2016.2,6858.65,-3308.08
4950,2308,143,325.2987,0.4437,0.7987,0.9994,4173,19335.81,22361.67,157.86,1953.7,6842.83,-3296.6
4960,2359,144,253.3377,0.4335,0.702,0.989,3913,19317.25,22369.45,160.39,1998.5,6826.03,-3285.79
4970,2411,155,232.082,0.2134,0.7059,1.0001,4184,19298.7,22377.02,162.71,2042.4,6808.35,-3275.58
4980,2434,152,202.4689,-0.6523,0.7152,0.9997,3928,19279.64,22382.54,164.73,2061.7,6790.11,-3265.95
4990,2364,130,173.6449,-0.6394,0.667,0.9926,4007,19259.75,22386.28,166.46,2000.6,6772.16,-3257.08
5000,2289,101,146.4006,-0.6286,0.6206,1.0042,3653,19239.61,22390.19,167.92,1937.7,6754.63,-3248.81
5010,2210,91,192.4489,0.4411,0.7988,0.9854,4004,19219.66,22394.27,169.84,1872.6,6737.54,-3241.2
5020,2268,32,112.1428,0.4461,0.624,1.0074,3876,19200.27,22398.49,170.96,1919.3,6719.95,-3233.5
5030,2320,4,112.8239,0.4348,0.6222,0.9978,4050,19181.53,22402.81,172.09,1964.9,6701.89,-3225.77
5040,2374,-15,126.1623,0.2277,0.6594,1.0025,3980,19162.62,22404.01,173.34,2009.5,6683.31,-3218.08
5050,2400,-18,150.9138,-0.652,0.704,1.0081,3964,19143.38,22404.95,174.85,2032.2,6664.36,-3210.71
5060,2327,11,222.5448,-0.6407,0.7128,1.0123,3984,19123.66,22405.97,177.07,1970.2,6645.73,-3204.28
5070,2251,35,253.1161,0.4551,0.7929,0.9832,4092,19103.62,22406.96,-180.4,1906.3,6627.42,-3198.96
5080,2305,49,240.0031,0.458,0.6417,0.9886,4030,19083.73,22407.8,-178.0,1952.2,6608.43,-3194.46
5090,2357,80,249.3282,0.0115,0.6744,0.9969,3989,19064.42,22407.73,-175.51,1997.0,6588.78,-3190.94
5100,2358,110,249.7203,-0.6409,0.6712,0.997,3715,19045.66,22404.38,-173.02,1997.4,6568.97,-3188.54
5110,2285,135,244.54,-0.6595,0.6106,0.9901,3995,19026.75,22400.76,-170.57,1934.3,6549.66,-3187.26
5120,2207,172,300.9022,0.4379,0.823,0.994,3898,19007.51,22396.89,-167.57,1869.1,6530.96,-3187.16
5130,2262,146,201.6872,0.446,0.5893,0.994,3622,18988.29,22392.89,-165.55,1915.9,6511.81,-3187.81
5140,2315,132,169.0952,0.4414,0.6226,0.9942,3832,18969.51,22388.96,-163.87,1961.6,6492.24,-3189.02
5150,2371,108,139.3008,-0.052,0.6551,0.997,3835,18951.47,22383.97,-162.48,2006.2,6472.23,-3190.62
5160,2363,76,118.5736,-0.6405,0.6483,0.991,3995,18933.97,22376.84,-161.29,2000.0,6452.3,-3192.43
5170,2287,47,107.6831,-0.6384,0.5997,1.0055,4017,18916.0,22369.75,-160.22,1937.1,6433.03,-3194.34
5180,2210,43,179.7271,0.4399,0.7954,1.0074,4163,18897.59,22362.76,-158.43,1871.9,6414.44,-3196.51
5190,2266,-2,122.2358,0.4641,0.6144,1.0161,4241,18878.93,22355.94,-157.21,1918.7,6395.41,-3198.95
5200,2318,-15,141.3617,0.4335,0.643,1.0175,4049,18860.5,22349.39,-155.79,1964.3,6375.98,-3201.76
5210,2372,-16,164.1435,0.1841,0.6875,1.0086,3974,18843.42,22341.19,-154.16,2008.9,6356.17,-3205.15
5220,2396,2,192.0637,-0.6279,0.6872,0.9802,4212,18827.04,22331.55,-152.24,2028.7,6336.31,-3209.3
5230,2322,31,222.7931,0.4468,0.7846,0.9862,3791,18810.29,22321.58,-150.01,1966.7,6317.26,-3214.2
5240,2375,93,319.0514,0.4602,0.7586,1.0057,3807,18793.21,22311.21,-146.82,2011.2,6298.17,-3220.51
5250,2426,104,263.8064,0.1306,0.7065,0.9997,4179,18775.94,22300.42,-144.19,2054.8,6279.08,-3228.1
5260,2440,134,260.9965,-0.6342,0.7279,1.0073,3780,18758.88,22289.45,-141.58,2066.4,6260.36,-3236.83
5270,2367,151,245.7096,-0.653,0.6781,0.9971,4128,18744.08,22275.58,-139.13,2005.5,6242.67,-3246.26
5280,2295,153,224.3701,-0.6431,0.6176,0.999,4024,18729.39,22260.91,-136.89,1942.6,6225.93,-3256.15
5290,2217,165,261.0589,0.4492,0.8135,0.9669,3872,18714.46,22245.91,-134.28,1877.7,6210.22,-3266.44
5300,2270,119,167.3312,0.447,0.588,1.0073,3790,18699.2,22230.69,-132.61,1924.3,6194.39,-3277.34
5310,2328,81,139.0202,0.4368,0.6594,1.0093,3934,18683.51,22215.31,-131.22,1969.8,6178.29,-3288.72
5320,2379,45,126.0918,-0.1421,0.6563,1.0127,3944,18669.24,22198.16,-129.96,2014.3,6161.94,-3300.48
5330,2364,11,130.1741,-0.6663,0.6575,1.0124,4434,18655.8,22179.69,-128.67,2001.4,6145.78,-3312.3
5340,2289,24,224.4845,-0.6368,0.6417,0.9802,3917,18641.84,22161.05,-126.42,1938.4,6130.47,-3324.19
5350,2266,3,200.3128,0.4632,0.6129,0.9857,3623,18627.43,22142.11,-124.42,1920.1,6115.66,-3336.41
5360,2321,24,245.237,0.1652,0.6492,1.0017,4070,18612.71,22122.8,-121.97,1965.7,6101.08,-3349.59
5370,2340,63,285.8133,-0.6428,0.6669,0.9927,3845,18601.5,22101.43,-119.12,1981.9,6087.21,-3363.75
5380,2266,104,306.9937,-0.6461,0.6018,0.9886,3734,18591.42,22079.77,-116.05,1918.3,6074.74,-3378.33
5390,2190,168,382.2893,0.4596,0.808,0.9987,4080,18581.71,22058.06,-112.23,1852.6,6063.9,-3393.37
5400,2297,161,289.0322,0.4553,0.6063,1.002,4130,18572.34,22036.27,-109.35,1945.8,6053.52,-3409.82
5410,2352,165,252.7392,0.1114,0.6468,0.9902,3603,18563.81,22014.6,-106.82,1990.8,6043.77,-3427.2
5420,2362,147,207.5942,-0.6246,0.6424,0.9958,4014,18559.22,21992.13,-104.75,2001.3,6034.6,-3444.98
5430,2288,114,168.6466,-0.6347,0.6093,0.9998,3568,18554.53,21969.64,-103.07,1938.3,6026.1,-3462.39
5440,2213,101,214.0409,0.4364,0.8009,1.006,4066,18549.53,21946.83,-100.93,1873.3,6018.31,-3479.43
5450,2268,39,134.0792,0.4578,0.6003,1.0293,3735,18544.17,21923.95,-99.59,1920.0,6010.47,-3496.96
5460,2322,7,138.9836,0.45,0.6603,1.0093,3822,18539.76,21901.35,-98.2,1965.6,6002.63,-3514.99
5470,2427,-9,159.2583,-0.5715,0.7137,1.0071,3898,18538.41,21878.93,-96.61,2053.7,5994.78,-3533.99
5480,2360,-3,193.9493,0.4549,0.7884,0.9962,3915,18536.92,21856.47,-94.68,1998.0,5987.71,-3552.69
5490,2412,46,303.0747,0.4496,0.8133,0.9824,4149,18535.41,21833.53,-91.65,2041.5,5981.59,-3572.18
5500,2463,59,270.8212,0.4392,0.7,1.0066,3883,18534.05,21810.3,-88.94,2084.4,5976.51,-3592.41
5510,2510,99,291.4199,0.4506,0.7311,0.9924,3963,18534.51,21787.35,-86.03,2126.5,5972.66,-3613.31
5520,2560,138,292.7729,0.4481,0.7613,0.9999,3823,18538.13,21764.79,-83.11,2167.7,5970.15,-3634.84
5530,2606,166,282.2373,0.4355,0.7867,1.0113,3999,18542.12,21741.97,-80.29,2208.2,5968.94,-3656.88
5540,2700,125,113.2247,0.4646,0.0727,0.9918,3767,18546.41,21718.77,-79.16,2287.0,5968.3,-3679.74
5550,2746,89,16.0423,0.4377,0.0595,1.0048,3742,18550.79,21695.48,-79.0,2325.4,5967.71,-3702.99
5560,2792,53,-24.8642,0.45,0.0925,0.9954,4319,18555.21,21672.61,-79.25,2363.2,5966.82,-3726.62
5570,2834,8,-54.1182,0.4503,0.0924,1.0089,4073,18559.5,21650.07,-79.8,2400.4,5965.39,-3750.57
5580,2879,-41,-72.9351,-0.1568,0.0728,1.0021,4537,18563.52,21627.23,-80.53,2437.0,5963.27,-3774.86
5590,2802,-151,-265.9943,-0.0473,0.7946,1.004,3866,18567.25,21603.95,-83.19,2373.1,5959.79,-3798.33
5600,2800,-171,-242.0354,-0.0143,0.7863,0.9844,3807,18570.71,21580.6,-85.62,2370.8,5955.08,-3821.57
5610,2800,-163,-199.773,-0.0249,0.8132,0.9886,4018,18572.14,21557.52,-87.62,2370.2,5949.5,-3844.63
5620,2798,-133,-155.6645,-0.6345,0.8083,1.0067,4030,18571.58,21534.71,-89.18,2369.2,5943.42,-3867.53
5630,2735,-89,-121.4354,-0.6341,0.7633,1.006,3705,18571.18,21511.78,-90.39,2316.2,5937.24,-3889.85
5640,2672,-48,-117.1673,0.4533,0.7982,0.9982,4251,18571.08,21488.44,-91.57,2262.1,5931.07,-3911.61
5650,2718,2,-96.0651,0.4604,0.7318,1.0073,4053,18571.34,21464.86,-92.53,2300.9,5924.76,-3933.75
5660,2809,28,-112.7137,-0.5194,0.7948,1.0019,3915,18570.37,21441.7,-93.66,2376.6,5918.05,-3956.57
5670,2758,33,-142.6635,-0.6193,0.7497,1.009,4330,18567.46,21419.15,-95.09,2334.4,5911.04,-3978.86
5680,2693,13,-182.5886,-0.6454,0.7103,0.9934,3971,18564.58,21396.46,-96.92,2280.6,5903.48,-4000.38
5690,2627,-36,-252.8019,0.4487,0.8069,1.0052,4084,18561.54,21373.33,-99.45,2225.6,5895.02,-4020.96
5700,2674,-78,-269.7904,0.4503,0.761,1.0065,3958,18558.2,21349.95,-102.15,2265.0,5885.16,-4041.34
5710,2721,-123,-279.4991,0.3214,0.7867,1.0093,4198,18553.28,21327.15,-104.95,2303.8,5873.82,-4061.39
5720,2729,-152,-264.0296,-0.6538,0.7741,0.9987,4236,18545.6,21305.63,-107.59,2312.4,5861.28,-4080.8
5730,2667,-164,-237.6628,0.45,0.7876,0.9861,3826,18537.69,21284.25,-109.97,2258.2,5848.08,-4099.14
5740,2712,-164,-214.2357,0.4508,0.7507,1.001,4103,18529.52,21262.54,-112.12,2297.0,5833.93,-4117.23
5750,2759,-130,-152.099,0.4537,0.7584,1.0032,3746,18521.26,21240.52,-113.64,2335.3,5819.13,-4135.31
5760,2803,-87,-116.238,0.0626,0.7652,1.0087,4163,18512.31,21218.86,-114.81,2372.9,5803.93,-4153.54
5770,2810,-35,-93.4474,-0.6475,0.7773,0.9976,4298,18501.31,21198.63,-115.75,2379.1,5788.67,-4171.8
5780,2683,3,-91.397,0.4364,0.7884,1.0093,3996,18490.7,21178.42,-116.66,2272.5,5774.07,-4189.21
5790,2729,20,-136.3709,0.446,0.7378,0.991,3721,18480.16,21157.67,-118.03,2311.1,5759.01,-4206.74
5800,2775,29,-156.139,0.2103,0.7773,1.0053,3707,18469.63,21136.47,-119.59,2349.2,5743.31,-4224.23
5810,2795,8,-198.1926,-0.0493,0.7969,1.0047,4060,18458.47,21115.77,-121.58,2366.2,5726.86,-4241.25
5820,2789,-28,-232.3903,-0.6364,0.7965,1.0013,3569,18444.89,21097.2,-123.91,2362.1,5709.64,-4257.42
5830,2726,-75,-256.0305,-0.6427,0.7442,1.0175,3877,18431.24,21078.97,-126.47,2309.0,5691.91,-4272.21
5840,2662,-125,-285.9012,0.4615,0.7999,0.9923,4264,18417.14,21060.67,-129.33,2254.6,5673.72,-4285.51
5850,2753,-155,-263.3692,0.4491,0.7712,1.0,4004,18402.54,21042.3,-131.97,2331.9,5654.11,-4298.11
5860,2802,-170,-236.6185,-0.1197,0.7842,1.0081,3676,18387.32,21024.37,-134.34,2369.5,5633.53,-4309.94
5870,2788,-160,-197.2126,-0.6432,0.8066,1.008,3906,18369.43,21008.79,-136.31,2360.4,5612.64,-4320.96
5880,2725,-127,-155.7692,-0.6436,0.7634,0.9944,3986,18351.36,20992.98,-137.87,2307.3,5592.0,-4331.29
5890,2661,-86,-140.4607,0.4409,0.8204,1.0082,3527,18333.16,20976.76,-139.28,2252.9,5571.73,-4341.13
5900,2751,-32,-107.1544,0.398,0.7862,0.9973,4042,18314.86,20959.95,-140.36,2330.2,5550.75,-4351.24
5910,2794,9,-114.9414,-0.1144,0.8004,1.0049,4017,18295.71,20943.52,-141.51,2364.3,5529.39,-4361.42
5920,2783,28,-146.891,-0.6398,0.792,1.0086,4231,18274.55,20928.92,-142.98,2355.8,5507.96,-4371.24
5930,2657,4,-211.2638,0.4476,0.8015,0.9914,3671,18253.1,20913.9,-145.1,2248.1,5487.19,-4379.9
5940,2702,-32,-257.4044,0.449,0.7461,0.9951,4286,18231.16,20898.63,-147.68,2287.2,5465.63,-4387.57
5950,2748,-87,-300.2537,0.4529,0.7821,1.0047,3903,18208.68,20883.37,-150.68,2325.6,5443.24,-4393.89
5960,2802,-145,-321.5311,-0.6206,0.8147,1.014,3868,18183.76,20871.64,-153.9,2371.5,5419.99,-4398.63
5970,2739,-182,-309.4526,-0.6423,0.7606,0.9862,4030,18157.87,20860.8,-157.0,2320.5,5396.99,-4401.67
5980,2677,-186,-279.905,0.4354,0.7683,1.0017,4140,18131.51,20850.12,-159.8,2266.5,5374.38,-4403.41
5990,2768,-150,-200.9519,0.4647,0.7589,0.9876,4033,18104.75,20839.34,-161.81,2343.3,5350.96,-4404.46
6000,2812,-94,-146.9874,-0.2571,0.7929,0.9977,3704,18076.69,20831.24,-163.28,2380.8,5327.17,-4405.23
6010,2725,-30,-119.404,-0.6473,0.7233,0.9941,3900,18047.88,20823.96,-164.48,2307.0,5304.1,-4405.95
6020,2660,0,-158.2176,0.45,0.7893,1.0088,4076,18018.8,20816.02,-166.06,2252.6,5281.58,-4406.4
6030,2750,14,-198.0264,0.2858,0.7868,1.0089,4192,17989.31,20807.54,-168.05,2329.9,5258.29,-4406.29
6040,2781,-26,-273.5133,0.0247,0.7882,1.004,4307,17958.68,20802.87,-170.79,2354.0,5234.77,-4404.95
6050,2787,-93,-341.8467,0.4531,0.8077,1.0195,3990,17927.26,20799.61,-174.21,2358.8,5211.38,-4401.85
6060,2873,-126,-270.8435,0.4399,0.406,0.9951,3754,17895.38,20796.9,-176.92,2432.8,5187.54,-4397.02
6070,2918,-158,-225.8199,0.4342,0.4328,0.9914,4055,17863.0,20794.97,-179.18,2468.9,5163.63,-4390.76
6080,3001,-153,-161.9932,0.4452,0.4607,1.0006,4345,17830.11,20795.95,-180.8,2539.6,5139.27,-4383.49
6090,3081,-86,-47.8755,0.4449,0.0517,1.0018,3817,17796.82,20796.88,178.72,2608.4,5114.26,-4376.05
6100,3120,28,100.3954,0.4277,0.0395,1.0056,3925,17763.07,20797.32,179.72,2642.2,5088.68,-4369.45
6110,3200,91,81.4293,0.4414,0.1663,0.9825,3831,17728.88,20797.04,180.53,2708.4,5062.22,-4363.62
6120,3275,111,29.2776,0.4575,0.1596,1.0076,3903,17694.26,20796.63,180.82,2773.0,5035.03,-4358.12
6130,3311,69,-60.5249,0.4402,0.1755,1.0101,3956,17659.18,20796.44,180.21,2804.8,5007.62,-4352.18
6140,3387,-8,-107.7895,0.4344,0.0145,0.9943,4105,17623.65,20796.63,179.13,2867.2,4979.84,-4345.08
6150,3459,-95,-131.7673,0.4582,-0.0087,1.0099,4033,17587.7,20797.59,177.81,2928.4,4951.82,-4336.53
6160,3529,-137,-90.5005,0.455,-0.0117,0.9828,3946,17551.33,20799.31,176.9,2988.3,4923.52,-4326.91
6170,3598,-101,3.2384,0.4623,0.014,1.0145,4052,17514.53,20801.35,176.93,3047.0,4894.65,-4317.14
6180,3666,-9,98.3388,0.4534,-0.0077,0.998,3503,17477.28,20803.07,177.91,3104.5,4864.94,-4308.17
6190,3700,97,138.9124,0.4379,-0.0081,0.9915,3806,17439.56,20803.99,179.3,3132.9,4834.54,-4300.59
6200,3766,146,97.0663,0.4581,-0.0175,0.9955,3822,17401.37,20804.09,180.26,3189.0,4803.34,-4293.93
6210,3832,107,-5.4518,0.4679,0.0,1.0053,3851,17362.73,20803.87,180.21,3244.1,4771.61,-4287.09
6220,3896,-1,-107.6321,0.4382,-0.0013,1.0002,3850,17323.67,20804.05,179.13,3298.2,4739.65,-4278.95
6230,3958,-135,-198.1035,0.4424,0.4566,0.9907,3926,17284.17,20805.16,177.14,3351.5,4707.72,-4268.75
6240,4022,-190,-175.9021,0.4559,0.4627,1.0104,4022,17244.27,20807.33,175.38,3403.9,4675.79,-4256.89
6250,4083,-127,-59.8591,0.4465,0.4702,0.9992,3637,17204.06,20811.43,174.78,3455.6,4643.43,-4244.68
6260,4143,25,95.7035,0.4573,-0.009,0.9895,3962,17163.39,20814.97,175.73,3506.5,4610.14,-4233.62
6270,4201,146,142.1008,0.4616,0.0038,1.0018,4085,17122.19,20817.5,177.15,3556.6,4575.87,-4224.08
6280,4261,153,53.0154,0.4427,0.0068,1.0095,3906,17080.5,20819.31,177.68,3606.1,4540.92,-4215.04
6290,4318,45,-76.6393,0.4327,0.004,0.9907,4337,17038.38,20821.23,176.91,3654.9,4505.79,-4204.91
6300,4402,-96,-152.8232,0.4462,-0.0064,1.0012,4200,16995.93,20824.08,175.38,3726.9,4470.57,-4192.72
6310,4458,-173,-115.2342,0.4509,-0.0075,1.0014,3786,16953.51,20828.0,174.22,3774.1,4435.41,-4178.94
6320,4512,-123,8.5637,0.4542,-0.0281,0.9962,3702,16911.13,20832.34,174.3,3820.7,4399.8,-4165.08
6330,4567,22,126.1617,0.4481,-0.0021,1.0112,3908,16868.7,20836.15,175.56,3866.8,4363.17,-4152.68
6340,4622,135,107.0272,0.47,0.5065,0.9947,4214,16826.2,20838.87,176.63,3912.4,4325.57,-4141.8
6350,4674,133,-38.3536,0.4493,0.665,1.0003,3975,16783.63,20840.78,176.24,3957.4,4287.49,-4130.96
6360,4727,24,-172.1215,0.4523,0.6719,1.0031,4047,16741.22,20844.8,174.52,4001.9,4249.5,-4118.35
6370,4803,-110,-191.278,0.4642,-0.0003,1.0134,4105,16698.91,20849.71,172.6,4067.8,4211.74,-4103.25
6380,4854,-182,-119.1616,0.4554,0.0175,0.998,4015,16656.73,20855.69,171.41,4111.1,4174.23,-4086.42
6390,4906,-137,2.4002,0.4468,-0.0087,1.0142,4320,16614.61,20862.13,171.43,4153.9,4136.3,-4069.45
6400,4956,11,122.436,0.4651,0.0024,1.006,3813,16572.43,20868.09,172.65,4196.4,4097.31,-4053.94
6410,5006,156,151.6462,0.4566,-0.0065,1.0053,4048,16530.12,20872.96,174.16,4238.4,4057.14,-4040.41
6420,5031,183,67.9951,0.0003,-0.0063,0.9926,4015,16487.7,20876.96,174.84,4259.0,4016.44,-4027.74
6430,5031,74,-65.866,0.0011,0.0159,0.9932,3792,16445.29,20880.96,174.18,4259.0,3976.07,-4014.14
6440,5031,-90,-150.4109,0.0002,-0.0067,0.9942,3939,16403.03,20885.8,172.67,4259.0,3936.48,-3998.43
6450,5030,-202,-168.1341,0.0027,0.7284,1.0047,3905,16361.4,20891.66,170.99,4259.0,3897.71,-3980.75
6460,5030,-186,-101.4025,-0.0082,0.7264,0.9898,3954,16320.49,20898.0,169.97,4259.0,3859.3,-3962.32
6470,5029,-45,15.5861,0.0208,0.7429,1.003,4224,16280.44,20905.71,170.13,4259.0,3820.51,-3944.76
6480,5030,116,106.9035,-0.0034,-0.022,0.9916,3835,16240.84,20912.36,171.19,4259.0,3780.98,-3928.91
6490,5030,184,87.8484,-0.0003,0.0029,1.0077,4072,16201.69,20918.06,172.07,4259.0,3740.97,-3914.25
6500,5029,124,-24.071,0.0092,-0.0064,0.9987,3851,16163.12,20923.45,171.82,4259.0,3701.09,-3899.29
6510,5030,-14,-116.5287,-0.0001,-0.0104,1.0112,4175,16125.25,20929.25,170.65,4259.0,3661.86,-3882.71
6520,5031,-141,-135.1673,-0.0178,0.0031,1.0055,3853,16088.15,20935.82,169.3,4259.0,3623.45,-3864.28
6530,5032,-180,-74.4964,-0.0087,0.0033,0.9877,4566,16051.78,20942.99,168.55,4259.0,3585.5,-3844.88
6540,5031,-124,25.2797,-0.0106,-0.0021,0.9865,3873,16016.05,20950.2,168.8,4259.0,3547.4,-3825.8
6550,5031,-2,107.1313,-0.0007,0.0255,0.9905,4065,15980.84,20956.87,169.87,4259.0,3508.64,-3808.14
6560,5027,121,129.153,-0.0068,0.0085,0.9996,3956,15946.1,20962.66,171.16,4259.0,3469.14,-3792.27
6570,5030,170,60.1229,-0.597,0.144,0.9979,4250,15911.89,20967.69,171.76,4259.0,3429.22,-3777.39
6580,4962,118,-77.1239,-0.6319,0.7173,1.0043,3823,15878.23,20972.38,170.98,4201.8,3390.03,-3762.18
6590,4893,21,-155.5339,-0.6258,0.7059,1.0142,3840,15845.35,20978.07,169.42,4142.3,3352.05,-3745.64
6600,4855,-96,-193.8234,-0.6178,0.6853,0.9878,4224,15813.34,20984.94,167.48,4112.3,3315.31,-3727.19
6610,4785,-157,-125.2114,-0.638,-0.0019,1.0161,4118,15782.1,20992.32,166.23,4051.5,3279.86,-3707.57
6620,4714,-166,-45.6324,-0.6244,0.0049,0.9948,3845,15751.52,20999.98,165.77,3989.9,3245.25,-3687.66
6630,4677,-113,28.3018,-0.6408,0.0057,1.012,4063,15721.61,21007.52,166.05,3958.7,3210.71,-3668.25
6640,4602,-19,87.3761,-0.6314,-0.0012,0.9901,3747,15692.18,21014.62,166.92,3895.5,3176.17,-3650.21
6650,4563,77,109.9469,-0.6371,0.0097,1.0028,4061,15663.29,21021.04,168.02,3863.5,3141.27,-3633.65
6660,4525,142,91.6821,-0.6322,-0.0172,0.9998,4073,15634.83,21026.83,168.93,3831.3,3106.14,-3618.33
6670,4447,154,42.4039,-0.6386,-0.0054,0.9878,3783,15606.97,21032.15,169.35,3766.0,3071.39,-3603.78
6680,4409,117,-17.7898,-0.6435,0.0038,0.998,3901,15579.66,21037.3,169.17,3733.0,3037.04,-3589.15
6690,4329,45,-68.648,-0.6368,-0.0012,0.99,4558,15553.02,21042.55,168.48,3665.9,3003.66,-3573.99
6700,4288,-39,-95.1865,-0.633,0.0177,1.0051,4060,15527.09,21048.05,167.53,3631.9,2971.13,-3557.86
6710,4249,-107,-92.0854,-0.6325,0.0022,1.0217,3856,15501.83,21053.86,166.6,3597.6,2939.43,-3540.85
6720,4166,-138,-63.3955,-0.6338,0.0084,1.007,4135,15477.24,21059.87,165.97,3528.0,2908.7,-3523.5
6730,4125,-149,-53.1042,-0.6429,0.4761,0.9839,4034,15453.35,21065.91,165.43,3492.7,2878.5,-3505.93
6740,4084,-120,-29.5206,-0.6338,0.4891,0.9974,4078,15430.05,21071.78,165.13,3457.0,2848.61,-3488.51
6750,4041,-64,8.143,-0.6216,0.4853,1.0099,4010,15407.32,21077.41,165.21,3421.0,2818.85,-3471.63
6760,3999,2,29.0212,-0.6523,0.4903,1.0024,3915,15385.37,21083.6,165.5,3384.5,2789.08,-3455.5
6770,3952,63,30.9718,-0.6285,0.4652,1.0082,3818,15363.76,21089.35,165.81,3347.7,2759.34,-3440.17
6780,3867,105,37.2248,-0.6297,0.0281,1.001,3823,15342.19,21094.78,166.17,3272.8,2729.98,-3425.66
6790,3820,131,37.4346,-0.6411,0.0076,0.9948,3897,15320.62,21100.0,166.55,3234.7,2700.78,-3411.72
6800,3775,116,0.6563,-0.6489,0.0152,0.9855,4019,15299.35,21105.08,166.55,3196.1,2671.92,-3397.95
6810,3728,79,-34.1004,-0.6236,0.0174,0.9976,3929,15278.68,21110.08,166.2,3157.1,2643.59,-3384.01
6820,3684,28,-60.1502,-0.6452,0.001,1.0073,4304,15258.5,21115.14,165.6,3117.5,2615.9,-3369.65
6830,3636,-26,-75.3683,-0.6428,-0.0018,1.008,4190,15238.3,21120.47,164.84,3077.5,2588.95,-3354.76
6840,3585,-75,-77.5265,-0.6217,-0.0053,0.9992,4545,15217.84,21126.16,164.06,3037.0,2562.79,-3339.36
6850,3540,-106,-63.1662,-0.6288,-0.0043,0.9772,3829,15197.54,21132.09,163.43,2995.8,2537.28,-3323.61
6860,3490,-118,-36.2756,-0.6476,0.002,0.9795,3824,15177.75,21138.05,163.06,2954.2,2512.34,-3307.75
6870,3437,-108,-4.6066,-0.6184,-0.0144,0.9974,4343,15158.32,21143.99,163.01,2911.9,2487.79,-3292.08
6880,3389,-79,27.5021,-0.6505,-0.0014,1.0129,4017,15138.69,21149.94,163.29,2869.0,2463.46,-3276.87
6890,3337,-35,56.3186,-0.6413,-0.0105,0.9864,3997,15118.59,21155.88,163.85,2825.4,2439.21,-3262.36
6900,3284,17,75.6223,-0.6465,0.0043,1.005,4333,15098.08,21161.68,164.6,2781.2,2414.98,-3248.72
6910,3233,63,79.3612,-0.6514,0.0086,1.0168,3976,15077.52,21167.18,165.39,2736.3,2390.76,-3235.96
6920,3179,96,66.431,-0.6393,-0.0088,1.0006,3855,15057.39,21172.3,166.05,2690.6,2366.65,-3223.97
6930,3123,107,42.6351,-0.6386,-0.0097,0.9947,4253,15037.41,21177.18,166.47,2644.1,2342.8,-3212.53
6940,3066,99,13.8684,-0.6411,0.0028,0.9882,3643,15017.09,21182.04,166.61,2596.8,2319.34,-3201.39
6950,3013,101,49.4969,-0.6481,0.266,0.9988,3746,14996.35,21187.01,167.1,2548.6,2296.23,-3190.57
6960,2952,60,18.7734,-0.6359,0.3694,1.0051,4104,14975.55,21192.16,167.29,2499.4,2273.66,-3179.83
6970,2831,15,-1.384,-0.6276,0.3506,1.0118,4293,14955.17,21197.12,167.27,2398.2,2252.15,-3169.25
6980,2771,-24,-6.9282,-0.6279,0.3458,0.9941,4136,14935.16,21201.09,167.2,2345.9,2231.24,-3158.6
6990,2707,-53,1.5467,-0.6529,0.308,1.0033,4210,14915.25,21205.31,167.21,2292.4,2210.94,-3147.95
7000,2644,-40,90.5119,-0.1566,0.7961,0.995,4164,14894.95,21209.83,168.11,2237.7,2191.03,-3137.71
7010,2627,-17,174.8272,-0.0417,0.8089,0.9756,3965,14874.22,21214.57,169.86,2224.8,2170.98,-3128.07
7020,2625,5,213.5555,-0.0251,0.7837,0.9941,4236,14853.15,21219.39,171.99,2222.3,2150.57,-3119.24
7030,2625,40,243.0893,-0.5894,0.8013,1.0013,3785,14832.03,21221.41,174.42,2222.0,2129.73,-3111.49
7040,2563,77,259.1547,-0.6356,0.7539,0.9947,3620,14811.16,21221.8,177.01,2170.6,2109.0,-3105.09
7050,2495,115,267.8713,-0.6356,0.7554,0.9904,3880,14790.15,21221.92,179.68,2112.7,2088.47,-3100.09
7060,2425,160,309.0676,0.4424,0.7838,0.9959,3651,14768.71,21221.75,-177.23,2053.2,2068.24,-3096.56
7070,2476,165,258.315,0.4454,0.7426,1.009,3765,14747.06,21221.34,-174.65,2095.9,2047.42,-3094.08
7080,2524,163,223.7955,-0.1349,0.7711,1.0031,3871,14725.8,21220.06,-172.42,2137.7,2026.1,-3092.47
7090,2510,139,183.582,-0.6395,0.7615,0.9874,4072,14705.49,21215.42,-170.58,2125.5,2004.86,-3091.47
7100,2440,106,150.5879,-0.6323,0.721,1.0026,3774,14685.47,21210.94,-169.08,2066.3,1984.21,-3090.89
7110,2368,81,159.9415,0.4438,0.7896,0.988,3959,14665.17,21206.62,-167.48,2005.4,1964.16,-3090.65
7120,2419,31,110.2816,0.457,0.6451,0.9786,3697,14644.42,21202.49,-166.38,2049.1,1943.68,-3090.53
7130,2473,-2,116.1904,0.4438,0.7092,0.995,4223,14623.6,21198.64,-165.22,2091.9,1922.74,-3090.54
7140,2520,-18,132.2622,0.1964,0.7111,0.9983,3875,14603.89,21192.82,-163.9,2133.8,1901.4,-3090.86
7150,2539,-21,159.0972,-0.6401,0.7364,1.0139,4042,14584.67,21185.77,-162.32,2151.0,1879.9,-3091.68
7160,2473,0,194.8967,-0.6766,0.6876,1.0046,3736,14565.05,21178.59,-160.37,2092.6,1859.02,-3093.23
7170,2452,47,275.0857,0.4434,0.732,0.9958,4222,14545.0,21171.16,-157.62,2075.6,1838.42,-3095.9
7180,2501,72,267.7496,0.4386,0.7443,0.9863,4122,14524.92,21163.5,-154.95,2117.8,1817.62,-3099.84
7190,2550,110,274.6203,-0.3167,0.7573,1.0042,3725,14505.53,21155.42,-152.21,2159.2,1796.69,-3105.17
7200,2518,138,264.7737,-0.6486,0.7474,1.0151,3718,14488.44,21144.07,-149.56,2131.4,1776.38,-3111.64
7210,2448,154,248.3597,-0.6428,0.7042,0.9933,3970,14471.47,21132.52,-147.08,2072.4,1756.98,-3118.96
7220,2374,171,261.251,0.4405,0.8051,0.9985,4562,14454.25,21120.59,-144.47,2011.7,1738.56,-3127.02
7230,2426,144,194.7011,0.4378,0.6929,0.9835,3775,14436.79,21108.44,-142.53,2055.2,1720.01,-3135.86
7240,2476,119,161.6209,0.4493,0.7185,1.006,4017,14419.28,21096.34,-140.91,2097.9,1701.29,-3145.31
7250,2528,82,132.4648,0.3834,0.763,1.0038,3662,14403.39,21082.98,-139.59,2139.7,1682.29,-3155.19
7260,2568,44,116.0131,-0.6387,0.7761,1.0,4288,14388.82,21068.62,-138.44,2175.0,1663.08,-3165.37
7270,2499,10,116.2222,-0.6284,0.7549,1.0103,3576,14373.96,21054.36,-137.28,2117.2,1644.45,-3175.4
7280,2430,0,159.3248,0.4359,0.7944,0.9882,4464,14358.6,21039.98,-135.69,2057.8,1626.5,-3185.45
7290,2480,-19,155.212,0.4566,0.7053,1.0116,4069,14342.8,21025.46,-134.14,2100.4,1608.38,-3196.09
7300,2529,-8,189.8995,0.4431,0.7361,0.9945,4056,14326.96,21010.97,-132.24,2142.2,1590.28,-3207.55
7310,2578,17,219.2449,-0.4016,0.7615,0.9997,4034,14314.42,20994.26,-130.05,2183.1,1572.36,-3220.03
7320,2535,52,242.9955,-0.6318,0.7291,1.005,3954,14302.18,20977.58,-127.62,2146.7,1555.42,-3233.2
7330,2466,107,298.7109,-0.6481,0.6936,0.995,4036,14289.94,20960.49,-124.64,2088.1,1539.81,-3247.07
7340,2395,132,278.5881,0.4487,0.7915,1.0028,3780,14277.7,20942.87,-121.86,2027.8,1525.51,-3261.46
7350,2447,155,267.0463,0.4404,0.7072,1.0065,3712,14265.64,20925.04,-119.19,2071.1,1511.78,-3276.97
7360,2495,164,235.9088,0.3651,0.7388,1.0011,4172,14255.73,20906.52,-116.83,2113.4,1498.56,-3293.46
7370,2466,150,197.0984,-0.6475,0.7109,0.9929,4031,14248.0,20887.53,-114.86,2089.0,1486.07,-3310.2
7380,2398,123,163.8795,0.4319,0.785,1.0097,3821,14240.29,20868.66,-113.23,2028.8,1474.31,-3326.76
7390,2448,103,168.2369,0.458,0.6989,0.9934,4178,14232.29,20849.48,-111.55,2072.0,1462.65,-3343.9
7400,2499,54,119.6854,0.4439,0.7429,1.0111,4051,14223.92,20830.05,-110.35,2114.3,1450.89,-3361.49
7410,2545,16,115.0668,-0.2248,0.7563,0.9881,4144,14215.34,20810.85,-109.21,2155.8,1439.01,-3379.47
7420,2522,-9,122.8748,-0.6347,0.7496,0.9877,4045,14209.98,20791.05,-107.98,2136.2,1427.43,-3397.42
7430,2454,-19,145.3963,-0.6401,0.7169,1.0204,4217,14204.86,20771.09,-106.53,2077.4,1416.46,-3415.07
7440,2382,5,216.8583,0.4405,0.7796,0.9937,4223,14199.51,20750.69,-104.36,2016.8,1406.43,-3432.58
7450,2434,14,218.6245,0.4535,0.672,0.9915,4161,14194.07,20729.88,-102.18,2060.2,1396.95,-3450.89
7460,2483,48,250.1414,0.4279,0.7305,0.9919,4112,14188.77,20708.98,-99.68,2102.8,1388.29,-3470.05
7470,2534,85,265.476,-0.0323,0.7569,1.0051,4285,14185.34,20688.25,-97.03,2144.5,1380.62,-3490.08
7480,2532,120,266.9311,-0.6452,0.7565,0.9963,4182,14184.64,20667.5,-94.36,2142.5,1374.17,-3510.53
7490,2461,146,260.2508,-0.6311,0.7033,1.0058,4119,14184.21,20646.55,-91.76,2083.8,1369.05,-3530.73
7500,2391,174,280.5808,0.4518,0.8012,0.9915,4257,14184.0,20625.2,-88.96,2023.4,1365.23,-3550.62
7510,2441,160,220.3813,0.4399,0.7267,0.9927,4131,14183.91,20603.75,-86.76,2066.7,1362.16,-3571.07
7520,2491,137,182.7524,0.448,0.7366,1.0151,4062,14183.82,20582.66,-84.93,2109.1,1359.61,-3592.01
7530,2542,105,147.9578,0.1154,0.7872,1.0159,4031,14187.14,20562.41,-83.46,2150.7,1357.39,-3613.43
7540,2552,67,125.801,-0.6409,0.7844,0.9919,3661,14190.75,20542.4,-82.2,2161.0,1355.38,-3634.94
7550,2483,38,143.3235,-0.636,0.757,0.9896,3930,14194.15,20522.03,-80.77,2102.8,1353.65,-3655.89
7560,2414,0,123.0769,0.4387,0.8013,0.994,3795,14197.35,20501.16,-79.54,2043.0,1352.15,-3676.28
7570,2463,-18,136.3281,0.4598,0.6783,0.9986,3906,14200.36,20479.89,-78.18,2085.9,1350.93,-3697.1
7580,2562,-18,166.2046,-0.3789,0.766,0.997,4040,14204.41,20459.08,-76.52,2169.2,1350.21,-3718.79
7590,2522,0,195.3855,-0.6312,0.7185,0.9987,3493,14210.87,20439.43,-74.57,2133.8,1350.29,-3740.16
7600,2451,31,225.615,-0.6496,0.6802,1.003,4040,14217.43,20419.81,-72.32,2074.9,1351.33,-3760.89
7610,2378,86,294.218,0.4455,0.7867,1.0173,3913,14224.34,20399.79,-69.38,2014.2,1353.61,-3780.89
7620,2431,118,285.1424,0.439,0.7169,0.9873,4209,14231.64,20379.52,-66.53,2057.7,1357.25,-3801.15
7630,2481,147,279.9286,0.4651,0.7495,0.9942,3885,14239.19,20359.44,-63.73,2100.3,1362.22,-3821.56
7640,2531,163,254.4891,-0.5379,0.7863,1.006,4021,14249.75,20341.4,-61.19,2142.1,1368.41,-3842.09
7650,2473,159,220.9291,-0.646,0.7411,0.9828,4119,14260.97,20324.18,-58.99,2093.4,1375.31,-3861.86
7660,2403,145,203.7249,0.4484,0.8031,0.993,4096,14272.27,20306.9,-56.95,2033.3,1382.66,-3880.85
7670,2453,118,166.8737,0.4151,0.7096,1.0009,3854,14283.71,20289.24,-55.29,2076.4,1390.59,-3900.05
7680,2503,74,123.1839,0.4628,0.697,1.0119,4003,14295.19,20271.15,-54.06,2118.6,1398.89,-3919.55
7690,2552,35,111.2493,0.0285,0.7498,1.0002,3754,14307.34,20253.46,-52.95,2160.0,1407.46,-3939.38
7700,2556,0,112.8232,-0.6397,0.7371,0.9989,4195,14321.42,20237.53,-51.82,2163.1,1416.15,-3959.2
7710,2485,-19,130.5207,-0.6423,0.6928,1.0124,3860,14335.32,20221.39,-50.52,2105.0,1424.84,-3978.37
7720,2415,3,206.2176,0.437,0.7931,1.0068,4237,14349.37,20204.85,-48.46,2045.2,1433.89,-3996.72
7730,2465,7,215.7201,0.4468,0.7246,0.9944,3931,14363.42,20188.23,-46.31,2088.1,1443.84,-4015.08
7740,2553,33,244.2165,-0.2911,0.7883,0.9833,4090,14377.21,20172.06,-43.87,2160.2,1455.07,-4033.55
7750,2520,68,261.2954,-0.6393,0.7844,1.0008,4041,14393.1,20159.08,-41.26,2132.8,1467.17,-4051.12
7760,2451,104,272.2798,-0.6572,0.7454,0.9956,3974,14409.53,20146.78,-38.54,2073.8,1479.95,-4067.48
7770,2378,146,300.2219,0.4347,0.7793,0.9761,3790,14426.5,20134.43,-35.54,2013.1,1493.36,-4082.49
7780,2428,159,261.9029,0.458,0.6851,0.9944,4142,14443.96,20122.04,-32.92,2056.7,1507.91,-4097.03
7790,2478,162,227.464,0.4481,0.6933,1.0021,4066,14461.85,20109.57,-30.65,2099.3,1523.41,-4111.18
7800,2528,148,194.6854,0.2022,0.7385,0.9978,3784,14480.85,20098.24,-28.71,2141.1,1539.7,-4125.09
7810,2552,117,160.5187,-0.6356,0.7532,1.0106,4268,14501.51,20088.93,-27.1,2159.3,1556.41,-4138.79
7820,2483,76,133.4665,-0.6494,0.7042,1.0024,3864,14522.41,20079.25,-25.77,2101.1,1572.83,-4151.92
7830,2409,48,161.5691,0.4552,0.8086,1.0135,3880,14543.54,20069.1,-24.16,2041.2,1588.91,-4164.47
7840,2513,4,141.4032,0.4397,0.7254,0.9977,3787,14564.93,20058.42,-22.75,2126.2,1605.82,-4177.38
7850,2561,-12,173.1912,-0.2769,0.7667,1.0248,4010,14587.31,20048.94,-21.02,2167.5,1623.32,-4190.2
7860,2529,0,219.7438,-0.6504,0.75,1.0117,3771,14611.11,20041.92,-18.83,2142.2,1641.05,-4202.24
7870,2461,51,302.455,-0.6662,0.7104,1.0097,4107,14635.4,20034.82,-15.81,2083.5,1658.96,-4212.89
7880,2439,89,316.1438,0.4494,0.6902,1.0043,3858,14660.21,20027.84,-12.65,2066.4,1677.4,-4222.2
7890,2490,138,337.3919,0.4592,0.7327,0.9995,3891,14685.61,20021.12,-9.27,2108.8,1696.88,-4230.26
7900,2541,176,333.3201,0.3352,0.766,1.0048,3913,14712.14,20018.9,-5.95,2150.4,1717.31,-4237.0
7910,2509,186,300.3417,-0.0509,0.7971,1.0165,4121,14739.23,20017.86,-2.95,2124.0,1737.87,-4242.4
7920,2503,180,282.5732,0.4332,0.7826,1.0039,4079,14766.74,20016.95,-0.12,2119.0,1758.62,-4246.76
7930,2550,123,200.2114,0.4273,0.7694,0.9936,3815,14794.59,20015.87,1.88,2160.4,1779.85,-4250.7
7940,2532,68,165.5866,-0.6458,0.759,1.0028,3875,14822.75,20017.53,3.53,2143.6,1800.97,-4254.35
7950,2462,22,162.4671,-0.6568,0.705,1.0092,4145,14851.3,20021.05,5.15,2084.9,1821.55,-4257.69
7960,2442,15,227.8058,0.4369,0.697,0.9737,3923,14880.31,20024.15,7.43,2067.8,1842.05,-4260.45
7970,2494,16,251.7629,0.4594,0.7317,1.0045,3673,14909.59,20027.05,9.94,2110.2,1863.09,-4262.4
7980,2589,61,317.3547,0.3836,0.7617,1.0078,3798,14938.23,20033.2,13.11,2192.6,1885.0,-4263.02
7990,2630,123,366.5025,0.4632,0.8085,0.9868,3775,14966.55,20042.11,16.77,2226.6,1907.24,-4261.84
8000,2722,142,276.0323,0.448,0.219,1.0077,4157,14995.09,20051.67,19.53,2304.8,1930.12,-4259.07
8010,2768,130,146.376,0.4454,0.2072,0.9922,3813,15023.83,20061.86,20.99,2342.9,1953.27,-4255.36
8020,2856,119,82.972,0.4463,0.2324,1.0107,4267,15052.22,20073.27,21.82,2417.3,1977.08,-4251.1
8030,2898,66,12.909,0.4555,0.2344,1.0091,4165,15080.49,20084.94,21.95,2453.7,2001.27,-4246.96
8040,2983,-22,-86.4252,0.4359,0.0033,1.0168,3914,15108.93,20096.21,21.08,2524.8,2026.3,-4243.52
8050,3024,-88,-111.0184,0.438,-0.0242,0.9939,4019,15137.7,20106.97,19.96,2559.7,2051.78,-4241.01
8060,3104,-164,-197.1894,0.4421,0.6005,1.0036,4114,15166.31,20117.13,17.99,2628.0,2078.04,-4239.69
8070,3145,-154,-157.1856,0.4542,0.6221,1.0025,3776,15194.38,20126.86,16.42,2661.4,2104.67,-4239.12
8080,3223,-102,-90.3766,0.4356,0.6531,1.0059,3922,15222.76,20134.19,15.51,2727.2,2131.96,-4238.71
8090,3259,-31,-46.0636,0.4622,0.6807,1.0066,3859,15251.13,20141.36,15.04,2759.5,2159.55,-4238.05
8100,3335,74,73.7146,0.451,0.0141,1.0181,3810,15279.39,20149.07,15.78,2822.9,2187.74,-4236.5
8110,3372,124,76.7041,0.4306,-0.0201,1.0015,4099,15307.78,20157.32,16.54,2854.1,2216.21,-4234.14
8120,3443,69,-104.2195,0.3383,0.7787,1.0016,3769,15336.52,20165.93,15.5,2915.5,2245.31,-4232.17
8130,3468,-3,-208.959,-0.0149,0.7866,1.0128,4464,15365.6,20174.54,13.4,2937.3,2274.67,-4231.54
8140,3469,-79,-255.9671,0.0139,0.8105,0.9996,4084,15395.13,20180.18,10.84,2937.5,2304.02,-4232.73
8150,3471,-151,-264.9779,0.4493,0.806,0.9815,3799,15424.86,20184.57,8.19,2939.0,2333.24,-4235.85
8160,3541,-141,-109.9484,0.4488,0.0028,0.9996,3664,15454.65,20188.46,7.09,2998.7,2362.94,-4239.99
8170,3578,-116,-14.9805,0.4315,0.0023,1.0048,3803,15484.73,20192.13,6.93,3028.1,2392.94,-4244.34
8180,3613,-101,-68.7113,-0.0168,0.8022,0.9983,3919,15515.16,20195.94,6.24,3058.2,2423.21,-4248.78
8190,3612,-27,-43.2608,-0.01,0.8118,1.0104,3742,15545.54,20200.2,5.81,3057.0,2453.51,-4252.92
8200,3611,45,-35.3097,0.0018,0.7825,1.0099,3847,15575.82,20202.31,5.45,3057.3,2483.86,-4256.65
8210,3611,77,-70.8161,0.4684,0.8062,0.9987,4044,15606.05,20204.57,4.74,3058.7,2514.22,-4260.39
8220,3607,110,-2.8876,-0.6404,0.0049,0.9831,4360,15636.05,20207.05,4.71,3053.5,2544.55,-4264.07
8230,3558,53,-55.5165,-0.6223,-0.005,1.0037,3938,15665.46,20209.35,4.15,3012.6,2574.38,-4268.29
8240,3461,-76,-238.6177,-0.0141,0.7937,0.9987,3966,15694.33,20211.21,1.76,2929.1,2603.11,-4274.09
8250,3459,-142,-250.5905,0.0044,0.8046,1.0122,3902,15722.57,20212.51,-0.75,2927.9,2631.41,-4281.64
8260,3458,-176,-218.7657,0.0032,0.7924,1.0063,3932,15750.21,20210.84,-2.94,2927.6,2659.28,-4290.64
8270,3461,-169,-164.3246,0.4369,0.7982,1.0113,4219,15777.13,20208.47,-4.59,2930.0,2686.87,-4300.54
8280,3495,-99,-21.2532,0.4626,0.2431,0.9771,4171,15803.43,20206.17,-4.8,2960.0,2714.75,-4310.51
8290,3533,-19,73.4568,0.4453,0.0011,1.0066,3902,15829.16,20204.16,-4.07,2989.8,2743.17,-4319.84
8300,3594,30,53.4168,-0.621,0.5865,1.0005,3722,15854.25,20202.57,-3.54,3042.7,2772.31,-4328.61
8310,3545,53,-35.7364,-0.0226,0.7958,0.9938,4177,15878.71,20201.42,-3.9,3001.7,2801.13,-4336.98
8320,3543,79,-60.3835,0.0042,0.7998,1.0241,3874,15902.62,20200.6,-4.5,3000.5,2829.95,-4345.37
8330,3543,76,-96.8717,0.0041,0.809,0.9937,3638,15925.74,20197.92,-5.47,3000.3,2858.65,-4354.15
8340,3545,49,-134.6269,0.0371,0.8008,1.0068,3472,15948.24,20194.94,-6.82,3001.0,2887.11,-4363.72
8350,3546,10,-142.5257,0.4426,0.8059,1.0114,4392,15970.12,20191.88,-8.25,3002.5,2915.22,-4374.28
8360,3615,-8,-73.9906,0.4461,-0.0052,0.9861,4084,15991.31,20188.67,-9.0,3061.0,2943.59,-4385.77
8370,3650,-60,-77.3505,-0.1886,0.0055,1.0051,4235,16011.84,20185.28,-9.77,3089.8,2971.9,-4398.14
8380,3635,-114,-106.731,-0.6282,0.6611,0.9985,3857,16031.73,20181.73,-10.84,3077.4,2999.72,-4411.33
8390,3586,-152,-139.9443,-0.0093,0.8059,0.9996,4016,16050.98,20178.1,-12.25,3036.9,3026.74,-4425.2
8400,3583,-154,-110.3312,0.0111,0.789,1.0014,4527,16069.6,20174.48,-13.35,3035.8,3053.41,-4439.68
8410,3585,-137,-80.083,-0.0225,0.7884,0.9857,4108,16087.46,20170.45,-14.16,3035.8,3079.92,-4454.5
8420,3583,-106,-53.6027,-0.0599,0.7935,1.0095,4117,16104.41,20165.37,-14.69,3035.7,3106.36,-4469.4
8430,3580,-68,-34.5811,-0.6447,0.7841,1.0041,4461,16121.26,20160.46,-15.04,3031.2,3132.8,-4484.21
8440,3532,-25,-22.9815,-0.639,0.7701,0.9962,3869,16138.45,20155.63,-15.28,2990.0,3158.99,-4498.65
8450,3482,50,60.2369,-0.6161,0.1307,0.9964,4086,16156.03,20150.91,-14.68,2948.2,3185.13,-4512.28
8460,3431,85,62.2696,-0.6308,-0.0164,1.0222,4060,16173.69,20146.4,-14.06,2905.9,3211.17,-4525.18
8470,3381,105,46.2549,-0.6188,-0.0008,0.9956,4351,16191.0,20142.14,-13.6,2862.9,3237.03,-4537.47
8480,3330,91,-31.4364,-0.6403,0.6289,0.9978,4059,16207.88,20138.1,-13.92,2819.2,3262.5,-4549.6
8490,3279,67,-86.8751,-0.6139,0.7157,1.0002,3914,16224.73,20134.11,-14.79,2774.9,3287.39,-4561.93
8500,3279,46,-113.5545,-0.6306,0.7013,0.9837,4083,16242.06,20129.97,-15.92,2774.9,3311.98,-4574.84
8510,3223,12,-138.5064,-0.6193,0.6882,1.0043,3854,16259.67,20125.18,-17.31,2729.9,3335.73,-4588.27
8520,3170,-32,-158.3678,-0.6374,0.6586,1.0249,4114,16277.17,20118.64,-18.9,2684.1,3358.56,-4602.39
8530,3114,-76,-167.2474,-0.6478,0.6433,0.9971,3862,16294.77,20111.83,-20.57,2637.5,3380.39,-4617.18
8540,3060,-106,-159.1844,-0.6381,0.6136,0.9868,3631,16312.04,20104.91,-22.17,2590.0,3401.26,-4632.53
8550,3001,-94,-52.2304,-0.6399,0.0722,0.987,3980,16329.04,20097.89,-22.69,2541.7,3421.45,-4647.98
8560,2943,-100,-31.8064,-0.6353,0.0039,0.9963,4082,16346.18,20090.66,-23.02,2492.4,3441.09,-4663.33
8570,2883,-91,-5.8151,-0.6438,0.0065,0.9769,3914,16363.52,20083.27,-23.08,2442.2,3460.3,-4678.41
8580,2824,-57,57.0702,-0.6349,0.2127,0.9875,4260,16380.66,20076.0,-22.51,2390.9,3479.3,-4692.93
8590,2762,-25,84.7382,-0.6454,0.2095,1.0109,4149,16397.35,20069.03,-21.66,2338.4,3498.2,-4706.72
8600,2698,8,98.1913,-0.6408,0.2044,1.0009,4078,16413.63,20062.4,-20.68,2284.8,3517.01,-4719.68
8610,2634,43,105.4853,-0.632,0.2231,0.9857,3754,16430.07,20056.36,-19.63,2229.8,3535.75,-4731.77
8620,2633,72,107.2117,-0.6454,0.2117,1.0073,4327,16447.18,20050.76,-18.56,2229.8,3554.83,-4743.3
8630,2568,94,99.2398,-0.6441,0.202,1.0086,3617,16464.77,20045.21,-17.57,2173.5,3573.75,-4754.03
8640,2498,155,223.4859,-0.6278,0.5724,1.0033,4068,16482.84,20039.68,-15.34,2115.7,3592.61,-4763.62
8650,2429,151,200.7975,-0.6378,0.7616,1.0135,4145,16501.08,20034.19,-13.34,2056.3,3611.28,-4772.25
8660,2356,131,171.8455,-0.6588,0.7058,1.0013,4064,16519.15,20028.73,-11.62,1995.0,3629.62,-4780.13
8670,2282,103,146.5706,-0.6429,0.6621,0.9917,3709,16537.72,20025.67,-10.16,1931.9,3647.51,-4787.43
8680,2202,72,128.4563,-0.623,0.6176,1.0085,4325,16556.7,20023.76,-8.88,1866.6,3664.86,-4794.26
8690,2127,44,130.9119,-0.648,0.5874,0.9839,3999,16575.53,20021.65,-7.57,1799.0,3681.68,-4800.7
8700,2043,52,209.5946,0.4526,0.8041,1.0006,4058,16593.82,20019.37,-5.48,1728.7,3697.99,-4806.46
8710,2102,-3,122.5236,0.4498,0.5555,1.0027,4230,16611.53,20016.97,-4.26,1779.1,3714.84,-4812.2
8720,2158,-13,137.3135,0.1206,0.5948,0.9983,3881,16628.83,20014.48,-2.89,1828.3,3732.24,-4817.8
8730,2176,-9,159.281,-0.6221,0.6162,1.0034,4067,16646.18,20014.54,-1.3,1841.8,3749.93,-4822.98
8740,2096,7,187.7302,-0.6572,0.561,1.0023,4122,16664.01,20015.6,0.58,1773.2,3767.13,-4827.39
8750,2094,32,219.1012,-0.6343,0.5508,0.9922,3945,16682.36,20016.76,2.76,1773.2,3784.49,-4831.02
8760,2010,105,351.4629,0.4528,0.7822,1.0023,4313,16701.08,20018.1,6.28,1701.9,3801.35,-4833.3
8770,2070,90,253.6157,0.4315,0.553,1.0048,4056,16719.62,20019.63,8.81,1753.1,3818.82,-4834.68
8780,2130,117,254.0744,0.459,0.5846,0.9995,4179,16738.02,20021.38,11.35,1802.9,3836.85,-4835.08
8790,2184,136,249.612,0.4594,0.6266,0.9987,3841,16756.07,20026.38,13.84,1851.4,3855.34,-4834.51
8800,2241,150,234.9632,-0.1804,0.6378,0.9921,3732,16774.19,20032.47,16.19,1898.6,3874.26,-4833.0
8810,2217,160,242.7499,-0.6466,0.7265,1.0059,4095,16792.19,20038.64,18.61,1878.2,3892.89,-4830.64
8820,2139,153,240.7585,0.4489,0.8007,1.0012,3767,16809.68,20044.65,21.01,1811.0,3910.76,-4827.65
8830,2195,105,139.2279,0.4538,0.6035,1.0033,4045,16826.59,20050.39,22.41,1859.2,3929.04,-4824.23
8840,2250,78,117.9349,-0.4385,0.6176,0.9901,3987,16843.12,20055.86,23.58,1906.3,3947.72,-4820.52
8850,2200,48,106.5498,-0.6413,0.594,0.9799,4188,16858.52,20063.93,24.64,1861.8,3965.96,-4816.75
8860,2119,22,105.6878,-0.6369,0.5633,1.0026,4108,16874.18,20072.48,25.7,1794.0,3983.51,-4813.01
8870,2119,10,136.4171,-0.6341,0.5626,0.9952,4007,16890.37,20081.08,27.06,1794.0,4001.01,-4809.05
8880,2034,28,222.5529,0.4329,0.7777,1.003,3801,16906.97,20089.69,29.28,1723.5,4017.69,-4804.72
8890,2093,-5,161.5853,0.4383,0.552,1.0087,3976,16923.54,20098.16,30.9,1774.1,4034.74,-4799.86
8900,2154,4,187.511,0.4377,0.5915,0.9977,4141,16940.08,20106.57,32.77,1823.4,4052.11,-4794.27
8910,2211,24,217.2249,0.44,0.6308,0.996,3872,16954.89,20118.07,34.94,1871.3,4069.67,-4787.78
8920,2264,54,245.0937,-0.1883,0.651,1.0085,4176,16969.76,20130.32,37.39,1918.1,4087.28,-4780.2
8930,2241,115,334.6827,-0.2779,0.7882,0.9984,4306,16984.86,20143.03,40.73,1899.0,4104.14,-4771.5
8940,2210,134,311.8537,0.4528,0.7808,0.992,4242,17000.13,20156.23,43.85,1872.3,4120.16,-4761.82
8950,2266,147,267.7025,-0.0109,0.6274,0.9929,3875,17015.54,20169.89,46.52,1919.0,4135.96,-4750.94
8960,2266,159,251.2907,-0.6574,0.6434,0.9896,3986,17029.8,20185.22,49.03,1917.8,4151.19,-4739.25
8970,2188,152,224.0142,-0.6414,0.6098,1.0162,4210,17042.42,20202.64,51.27,1852.0,4165.4,-4727.36
8980,2107,144,228.0901,-0.6374,0.5422,1.0011,4082,17055.27,20220.37,53.54,1783.8,4178.67,-4715.42
8990,2023,126,235.983,0.4334,0.8022,1.0031,4193,17068.47,20238.31,55.9,1712.9,4191.03,-4703.56
9000,2141,62,142.486,0.4392,0.5845,1.0018,4170,17082.15,20256.46,57.32,1813.4,4203.98,-4690.87
9010,2199,31,140.176,0.2191,0.5887,1.0114,3906,17094.29,20276.07,58.72,1861.6,4217.14,-4677.7
9020,2225,5,157.383,-0.6382,0.6052,0.9913,3926,17105.01,20297.1,60.29,1884.7,4230.28,-4664.2
9030,2148,48,302.6061,0.4422,0.8073,0.9921,4342,17116.17,20318.43,63.32,1817.8,4242.35,-4650.59
9040,2204,24,249.0281,0.4556,0.7096,0.9939,3836,17127.63,20340.18,65.8,1865.8,4254.13,-4636.1
9050,2267,63,300.1089,-0.6425,0.6752,0.9875,4057,17139.11,20362.48,68.8,1918.6,4265.3,-4620.49
9060,2189,112,339.2118,-0.6425,0.6167,1.0058,4096,17145.65,20387.11,72.19,1852.8,4274.93,-4604.65
9070,2109,164,381.6136,-0.6336,0.563,1.0197,4049,17151.91,20412.3,76.01,1784.6,4282.91,-4588.68
9080,2085,208,421.7512,0.4293,0.5425,1.0052,3953,17157.85,20437.99,80.22,1764.7,4289.38,-4572.25
9090,2144,180,307.1393,0.4486,0.587,0.9977,3538,17163.61,20464.14,83.29,1814.2,4295.02,-4554.98
9100,2199,160,256.0277,0.2565,0.6145,1.0208,4007,17164.64,20491.3,85.85,1862.4,4300.03,-4537.04
9110,2154,116,219.6023,0.437,0.7921,0.9999,3854,17165.02,20518.92,88.04,1823.4,4304.49,-4519.36
9120,2210,73,198.686,0.4695,0.4945,1.0028,3804,17165.84,20546.95,90.02,1871.3,4308.74,-4501.13
9130,2264,1,110.9934,0.4419,0.4934,0.9895,3532,17167.18,20575.41,91.13,1918.0,4313.06,-4482.45
9140,2370,-16,150.8533,0.4586,0.5314,0.9981,4266,17164.74,20604.23,92.64,2008.3,4317.31,-4462.83
9150,2424,5,214.4696,0.461,0.5471,1.0018,3857,17162.2,20633.53,94.78,2051.9,4320.91,-4442.62
9160,2523,-16,85.6655,0.4447,0.0019,0.9953,4264,17159.45,20663.29,95.63,2136.5,4324.09,-4421.49
9170,2570,38,105.9241,0.4257,0.0172,0.9998,4086,17156.21,20693.42,96.69,2177.6,4326.54,-4399.87
9180,2666,101,139.4326,0.4679,0.1887,0.9929,4247,17152.32,20723.95,98.08,2257.4,4328.1,-4377.35
9190,2712,159,210.108,0.4601,0.4137,1.0105,3918,17147.89,20754.83,100.18,2296.3,4328.59,-4354.38
9200,2803,134,140.8981,0.4279,0.4647,0.9831,3925,17142.34,20785.91,101.59,2372.2,4328.53,-4330.64
9210,2888,74,69.6449,0.4545,0.47,0.9977,4013,17134.94,20816.55,102.28,2445.8,4328.47,-4306.19
9220,2932,-20,-24.5053,0.4353,0.2923,1.0076,3880,17128.18,20846.78,102.03,2481.7,4329.03,-4281.37
9230,3015,-103,-104.0087,0.4221,-0.0027,1.0082,3704,17122.03,20877.03,100.99,2552.1,4330.51,-4255.88
9240,3054,-115,-54.6269,0.44,-0.0162,1.0022,3980,17116.32,20907.37,100.44,2586.6,4332.51,-4230.09
9250,3136,-43,125.3912,0.4519,0.5949,1.0085,4372,17110.68,20937.93,101.69,2654.2,4333.92,-4203.56
9260,3173,43,230.9591,0.4727,0.6131,0.9933,3696,17104.68,20968.86,103.99,2687.3,4333.86,-4176.69
9270,3252,122,266.2493,0.447,0.624,0.9914,4123,17095.53,20999.39,106.65,2752.4,4331.95,-4149.23
9280,3326,171,247.6613,0.4668,0.437,1.0107,3588,17085.33,21029.44,109.13,2816.1,4328.31,-4121.29
9290,3362,124,48.7698,0.4606,0.0107,1.0073,4370,17074.86,21059.04,109.61,2847.3,4324.18,-4093.12
9300,3435,73,-34.6277,0.4493,0.0084,0.9894,4163,17064.38,21088.64,109.26,2908.9,4320.32,-4064.28
9310,3471,11,-47.2365,0.4444,0.1936,0.9981,4150,17054.24,21118.4,108.79,2939.2,4317.16,-4035.06
9320,3540,-35,21.4373,0.4603,0.6968,1.0004,4118,17044.58,21148.65,109.0,2998.8,4314.42,-4005.21
9330,3576,-80,50.6697,0.4457,0.6969,0.9993,3847,17034.23,21178.62,109.5,3028.2,4311.86,-3975.03
9340,3645,-72,114.2362,0.4557,0.7675,0.9816,4485,17022.92,21207.62,110.64,3086.2,4308.75,-3944.31
9350,3711,-42,112.6129,0.4568,0.0022,0.9938,3885,17011.67,21236.22,111.77,3143.1,4304.69,-3913.15
9360,3746,21,101.3436,-0.0598,-0.0068,0.9962,3539,17000.08,21264.58,112.78,3171.1,4299.48,-3881.86
9370,3695,96,112.2241,-0.6411,0.1832,1.0031,4077,16987.93,21292.72,113.9,3128.2,4293.14,-3851.23
9380,3648,182,206.3511,-0.0371,0.7968,0.9772,3916,16975.19,21320.9,115.96,3088.3,4285.37,-3821.32
9390,3644,170,159.8874,0.002,0.8058,1.0068,3892,16962.05,21349.32,117.55,3086.1,4276.74,-3791.68
9400,3645,106,87.6666,0.0318,0.7873,0.9851,4107,16946.24,21376.8,118.42,3086.3,4267.96,-3762.09
9410,3680,15,31.2056,0.4484,0.656,0.9699,4254,16930.84,21404.23,118.73,3115.9,4259.5,-3732.1
9420,3713,-111,-110.2623,0.4617,-0.0116,1.0011,4227,16916.07,21431.82,117.63,3144.2,4252.16,-3701.53
9430,3780,-138,-66.3243,-0.3324,-0.0047,1.0059,4207,16901.74,21459.65,116.96,3200.0,4245.39,-3670.24
9440,3711,-84,69.6249,-0.0304,0.8092,0.9978,3813,16887.51,21487.67,117.66,3140.1,4238.35,-3639.6
9450,3709,24,221.5025,-0.0202,0.7784,1.0149,4049,16872.86,21515.99,119.87,3138.7,4229.73,-3609.4
9460,3705,112,263.6901,0.0012,0.8001,0.9951,4329,16856.07,21543.47,122.5,3138.1,4219.16,-3579.87
9470,3707,177,250.8915,0.4623,0.7934,1.0264,4019,16837.71,21569.73,125.01,3139.0,4206.75,-3551.03
9480,3771,152,93.1915,-0.1509,-0.0025,0.975,3875,16819.22,21595.42,125.94,3194.9,4193.4,-3522.01
9490,3717,89,-27.1425,-0.6375,0.003,1.0222,4211,16800.68,21621.06,125.66,3145.6,4180.51,-3493.29
9500,3669,13,-72.2453,-0.6128,0.0704,0.9968,4071,16782.4,21646.93,124.94,3105.9,4168.6,-3464.59
9510,3619,-25,34.5314,-0.012,0.7826,1.0084,4159,16764.45,21673.4,125.28,3064.1,4157.29,-3436.12
9520,3619,-74,60.8847,0.0152,0.8072,1.0109,4118,16746.14,21700.0,125.89,3063.3,4146.13,-3407.57
9530,3617,-66,126.1174,0.4366,0.799,0.9851,4156,16726.41,21725.12,127.15,3064.3,4134.48,-3379.23
9540,3686,-31,143.2821,0.4536,0.0089,1.0023,3862,16706.88,21749.87,128.57,3121.6,4121.65,-3350.77
9550,3720,21,103.8353,0.4353,0.0004,0.9918,3975,16687.07,21774.29,129.61,3149.8,4107.68,-3322.55
9560,3745,100,114.7046,-0.6351,0.2539,1.0155,4132,16666.76,21798.33,130.76,3170.0,4092.48,-3294.71
9570,3697,189,218.468,-0.0191,0.7985,1.0082,4131,16645.85,21822.22,132.94,3130.6,4076.07,-3268.04
9580,3696,168,153.9629,0.0005,0.797,1.0041,3902,16624.33,21846.02,134.47,3128.7,4058.93,-3241.85
9590,3695,96,78.3458,0.0206,0.8062,1.0177,4204,16601.04,21867.89,135.25,3128.9,4041.75,-3215.7
9600,3731,-4,4.0524,0.4536,0.568,0.9945,4396,16578.46,21889.79,135.29,3158.1,4024.91,-3188.97
9610,3796,-116,-108.25,0.4366,-0.0136,1.0033,3932,16556.36,21912.1,134.21,3213.7,4008.8,-3161.15
9620,3827,-139,-60.1233,-0.6317,-0.0152,1.0022,4352,16534.6,21934.76,133.6,3240.4,3993.14,-3132.77
9630,3735,-59,127.9575,-0.0381,0.7788,0.9904,4229,16512.8,21957.65,134.88,3162.9,3977.2,-3105.44
9640,3733,32,226.696,-0.0008,0.802,1.0004,4528,16490.5,21980.66,137.14,3161.8,3959.81,-3079.04
9650,3735,121,261.8951,0.0106,0.7855,0.9871,4110,16465.87,22001.24,139.76,3161.9,3940.71,-3053.84
9660,3768,178,236.4265,0.4601,0.3696,1.0003,4057,16440.94,22020.96,142.12,3190.9,3919.98,-3029.58
9670,3801,132,41.5657,0.43,0.0035,0.9942,3932,16415.85,22040.29,142.53,3218.6,3898.72,-3005.4
9680,3806,83,-34.8073,-0.6354,-0.0108,0.9885,4385,16390.72,22059.63,142.18,3223.1,3877.72,-2980.95
9690,3761,29,-1.5807,-0.6437,0.6193,0.9885,4018,16365.65,22079.4,142.16,3184.4,3857.4,-2956.43
9700,3713,-37,27.2418,-0.0196,0.7813,1.0012,3794,16340.87,22099.76,142.43,3144.2,3837.72,-2931.91
9710,3713,-81,57.1948,0.0177,0.7906,0.9885,4038,16315.33,22118.43,143.0,3144.0,3818.16,-2907.29
9720,3715,-71,121.0226,0.4475,0.7956,1.0063,3920,16290.05,22136.51,144.21,3146.0,3798.15,-2882.99
9730,3782,-55,70.6648,0.4423,0.0115,1.008,3756,16264.82,22154.44,144.91,3201.8,3777.25,-2858.72
9740,3815,23,103.5802,-0.5268,0.0075,0.987,3966,16239.35,22172.01,145.95,3229.4,3755.32,-2835.01
9750,3733,122,174.3818,-0.3136,0.7915,0.9999,3704,16213.41,22189.17,147.69,3159.9,3732.73,-2812.9
9760,3710,189,219.8157,-0.0156,0.7696,1.0161,3955,16186.81,22206.11,149.88,3140.8,3709.16,-2792.12
9770,3709,168,151.41,0.0194,0.7907,1.0102,4315,16158.92,22221.67,151.39,3140.0,3685.03,-2772.0
9780,3709,96,77.4145,0.0293,0.7934,0.9966,4025,16130.06,22236.35,152.16,3140.7,3660.87,-2751.93
9790,3744,-34,-68.6668,0.4691,0.0149,0.9994,4113,16101.03,22251.73,151.47,3170.4,3637.16,-2730.88
9800,3809,-126,-111.4568,-0.3207,0.0096,0.9952,3630,16071.97,22267.92,150.36,3225.8,3613.9,-2708.54
9810,3788,-114,10.4347,-0.6493,0.183,1.0176,3880,16042.78,22284.75,150.46,3207.1,3590.92,-2686.15
9820,3740,-30,182.7735,-0.0242,0.8021,0.9969,3944,16013.66,22301.62,152.28,3166.8,3567.43,-2664.9
9830,3738,61,248.2221,0.0271,0.8056,0.9972,4093,15983.96,22316.12,154.76,3166.4,3542.7,-2645.14
9840,3740,146,267.7223,0.4581,0.7977,1.0182,3872,15953.69,22328.89,157.44,3167.4,3516.69,-2627.08
9850,3807,151,115.9855,-0.1577,-0.0095,0.9971,3902,15923.22,22341.08,158.59,3222.8,3489.55,-2609.66
9860,3748,120,14.1652,-0.6181,-0.0088,1.0053,3622,15892.5,22353.03,158.73,3174.4,3462.76,-2592.63
9870,3703,73,11.9289,-0.6305,0.3665,1.0181,4022,15861.48,22365.28,158.85,3135.1,3436.46,-2575.56
9880,3654,6,38.8008,0.0188,0.799,1.0031,4016,15830.33,22378.2,159.23,3094.0,3410.75,-2558.34
9890,3653,-65,44.5661,0.0321,0.8021,0.9966,3714,15798.55,22389.56,159.67,3093.9,3385.26,-2540.82
9900,3656,-77,104.881,0.4581,0.7891,0.9972,3980,15766.62,22400.56,160.72,3095.1,3359.58,-2523.5
9910,3723,-80,40.8959,0.4273,-0.0039,0.9967,3794,15734.62,22411.64,161.13,3151.8,3333.21,-2506.22
9920,3790,17,119.0536,0.4354,0.2177,0.9802,4040,15702.16,22422.43,162.31,3207.5,3305.7,-2489.7
9930,3853,156,265.9596,0.4583,0.7629,0.9974,3676,15669.05,22432.67,164.97,3262.3,3276.64,-2474.86
9940,3887,198,225.9104,0.4539,0.7621,0.9961,4005,15635.05,22441.31,167.23,3289.3,3246.56,-2461.48
9950,3947,166,139.4959,0.4434,0.793,1.0024,3682,15600.11,22448.0,168.62,3339.9,3215.7,-2448.62
9960,4007,34,-47.216,-0.6108,-0.0065,0.9933,4277,15564.84,22455.07,168.14,3392.5,3184.7,-2434.82
9970,3922,-91,-133.5242,-0.6365,0.1445,1.018,3962,15529.3,22462.96,166.81,3319.9,3155.03,-2419.91
9980,3875,-91,47.8282,-0.018,0.784,0.9972,3904,15493.52,22471.72,167.28,3281.0,3125.84,-2404.91
9990,3875,-63,146.7369,-0.0052,0.7831,0.9925,3982,15457.13,22479.86,168.74,3280.5,3096.3,-2390.59
10000,3877,39,248.7904,0.4411,0.81,1.0091,4039,15419.83,22485.71,171.23,3281.4,3065.96,-2378.07
10010,3941,109,178.8004,0.4389,0.0016,0.9917,4178,15381.98,22490.82,173.01,3335.0,3034.45,-2367.08
10020,4001,159,121.724,-0.1048,0.0231,1.0001,3570,15343.58,22495.12,174.23,3387.7,3002.04,-2357.17
10030,3990,173,154.5747,-0.008,0.7921,1.011,4225,15304.72,22499.1,175.77,3380.1,2969.46,-2348.18
10040,3993,61,50.0231,0.0076,0.7998,1.011,3990,15265.34,22501.61,176.27,3379.5,2936.96,-2338.87
10050,4021,-59,-1.1165,0.4415,0.7688,1.0094,4179,15225.48,22503.71,176.26,3406.3,2904.48,-2328.67
10060,4084,-160,-89.3725,0.472,-0.0038,1.0109,4028,15185.18,22506.73,175.36,3457.9,2871.82,-2317.25
10070,4144,-76,81.5257,0.4663,0.4639,1.004,4361,15144.45,22510.0,176.17,3508.7,2838.47,-2306.32
10080,4203,74,231.0668,0.4663,0.5313,1.0065,3607,15103.22,22512.56,178.48,3558.9,2804.02,-2297.4
10090,4262,185,243.4649,0.4473,0.5444,1.0009,3764,15061.47,22512.11,180.91,3608.3,2768.55,-2290.72
10100,4320,166,88.1005,0.4563,0.0466,1.016,3895,15019.3,22510.9,181.79,3657.1,2732.44,-2284.82
10110,4404,46,-80.8902,0.4256,-0.0064,1.0126,3793,14976.76,22509.8,180.98,3729.0,2695.81,-2277.78
10120,4459,-101,-153.548,0.4375,0.0045,0.985,3905,14934.23,22509.64,179.44,3776.2,2659.17,-2268.67
10130,4515,-174,-111.2793,0.4404,-0.0089,1.0123,4084,14892.16,22510.52,178.32,3822.8,2622.45,-2258.01
10140,4571,-122,9.538,0.447,0.0058,0.9975,4349,14850.7,22511.78,178.42,3868.9,2585.23,-2247.35
10150,4623,14,119.3163,0.4584,-0.007,1.0048,3745,14809.86,22512.53,179.61,3914.4,2547.18,-2238.15
10160,4677,139,144.5013,0.4485,-0.0096,1.004,4111,14769.64,22512.28,181.05,3959.4,2508.27,-2230.78
10170,4729,175,74.0532,0.4551,0.0035,1.0047,4120,14730.03,22511.24,181.79,4003.9,2468.73,-2224.34
10180,4781,100,-40.3447,0.4536,-0.0067,0.9942,4068,14691.05,22510.1,181.38,4047.9,2428.86,-2217.27
10190,4832,-35,-125.1335,0.4427,0.0046,0.9867,4264,14652.67,22509.57,180.13,4091.4,2388.93,-2208.37
10200,4884,-151,-132.0916,0.437,-0.0167,1.0007,3926,14614.53,22509.94,178.8,4134.5,2349.02,-2197.53
10210,4935,-177,-59.5861,0.4407,0.0063,0.9939,4080,14576.39,22511.0,178.2,4177.1,2308.91,-2185.72
10220,4958,-93,49.742,0.4469,0.0003,1.0127,4037,14538.02,22512.1,178.7,4198.3,2268.43,-2174.57
10230,5008,49,131.1781,0.4007,-0.0051,1.0095,3962,14499.19,22512.56,180.01,4240.3,2227.08,-2165.18
10240,5030,184,188.2208,-0.0025,0.5199,0.9942,4223,14460.29,22512.09,-178.12,4259.0,2185.08,-2158.07
10250,5014,197,109.3845,-0.6339,0.5071,1.0105,3907,14421.98,22510.51,-177.03,4244.6,2143.03,-2152.13
10260,4943,103,0.3914,-0.6279,0.4842,0.9902,3940,14384.33,22508.22,-177.02,4185.7,2101.64,-2145.86
10270,4873,-51,-115.7994,-0.6375,0.0095,1.0039,4076,14347.23,22506.61,-178.18,4126.1,2061.15,-2137.94
10280,4802,-157,-123.0272,-0.6287,0.0084,0.9977,3925,14310.28,22505.86,-179.42,4065.5,2021.61,-2128.42
10290,4729,-165,-48.0287,-0.6416,0.0022,1.0091,3981,14273.3,22505.69,-179.9,4004.1,1982.83,-2118.41
10300,4656,-80,55.1704,-0.633,-0.0004,0.9995,3575,14236.05,22505.5,-179.35,3941.6,1944.46,-2109.3
10310,4618,50,129.1527,-0.6222,-0.0095,1.001,3753,14198.39,22504.67,-178.06,3910.0,1906.06,-2101.96
10320,4541,179,200.0845,-0.6335,0.6413,0.987,3913,14160.29,22502.93,-176.06,3846.1,1867.93,-2096.93
10330,4504,201,167.1465,-0.0058,0.802,1.0017,3693,14121.8,22500.42,-174.4,3813.2,1829.95,-2093.33
10340,4504,113,56.3871,0.0111,0.7975,1.002,3913,14083.14,22495.56,-173.84,3813.4,1791.98,-2089.72
10350,4532,-44,-76.7518,0.4436,0.1701,0.9985,3857,14044.65,22491.45,-174.61,3837.4,1753.94,-2084.67
10360,4587,-160,-122.2256,0.4714,-0.0018,0.9934,4123,14006.43,22488.29,-175.83,3883.3,1715.69,-2077.9
10370,4596,-155,-34.8625,-0.6452,-0.0049,0.9861,3907,13968.18,22485.68,-176.18,3892.4,1677.43,-2070.67
10380,4521,-55,74.0143,-0.6362,0.0025,1.0026,3985,13929.8,22482.93,-175.45,3828.2,1639.65,-2064.51
10390,4444,80,139.7782,-0.6335,-0.0064,0.9864,3442,13891.08,22479.38,-174.05,3762.9,1602.26,-2060.29
10400,4365,185,183.8268,-0.0042,0.7745,1.0067,3698,13852.03,22474.87,-172.22,3696.4,1565.36,-2058.08
10410,4366,188,148.9395,-0.0285,0.8105,0.9977,4298,13813.14,22469.87,-170.73,3695.0,1528.39,-2056.95
10420,4365,79,38.5259,0.4293,0.7984,1.008,3809,13775.19,22462.62,-170.35,3695.7,1491.46,-2055.51
10430,4422,-66,-65.7621,0.4613,0.0064,1.0161,4051,13737.74,22456.22,-171.01,3743.3,1454.12,-2052.71
10440,4477,-163,-105.2044,0.4535,0.0044,1.0074,3937,13700.65,22450.74,-172.06,3790.3,1416.44,-2048.49
10450,4502,-139,-11.9811,0.4383,-0.0077,0.9962,4131,13663.57,22445.67,-172.19,3813.6,1378.56,-2044.08
10460,4559,-34,88.399,0.4529,-0.0089,1.0154,4324,13626.47,22440.33,-171.31,3859.8,1340.09,-2040.8
10470,4611,94,138.6372,-0.1793,-0.0093,1.003,4036,13589.15,22434.17,-169.92,3905.4,1301.08,-2039.35
10480,4565,181,141.3986,-0.6376,0.4096,1.0161,3842,13551.53,22427.08,-168.51,3864.9,1262.41,-2039.61
10490,4526,180,126.2644,-0.01,0.7856,0.9973,4188,13513.57,22419.51,-167.25,3832.0,1224.09,-2040.75
10500,4527,64,21.1568,0.0261,0.7963,0.9988,3735,13475.83,22410.43,-167.04,3832.0,1185.77,-2041.38
10510,4555,-73,-45.1663,0.4375,0.4342,1.0023,3785,13438.58,22401.69,-167.5,3855.7,1147.2,-2040.76
10520,4609,-169,-97.3928,0.4582,0.0161,1.0073,4090,13401.57,22393.86,-168.48,3901.4,1108.21,-2038.83
10530,4661,-135,1.8801,-0.24,0.0076,0.993,4050,13364.55,22386.37,-168.46,3946.5,1068.78,-2036.87
10540,4610,-16,100.1668,-0.6247,0.0162,0.9958,3844,13327.53,22378.52,-167.46,3903.7,1029.75,-2036.31
10550,4573,111,140.6362,-0.6379,0.0085,0.9991,4018,13290.32,22369.76,-166.06,3871.8,991.05,-2037.64
10560,4496,176,110.3294,-0.6305,0.0101,0.983,3884,13252.86,22360.08,-164.96,3807.2,953.07,-2040.34
10570,4420,167,114.4158,-0.0083,0.7882,0.9924,3733,13215.07,22350.0,-163.82,3741.5,915.78,-2043.67
10580,4418,40,13.5907,0.019,0.8106,0.9968,3897,13177.52,22338.85,-163.69,3740.9,878.46,-2046.32
10590,4418,-80,-21.4096,0.4568,0.799,1.0071,4003,13140.55,22327.7,-163.9,3742.1,841.09,-2047.94
10600,4477,-167,-81.4731,0.4663,0.0086,0.9974,3992,13103.86,22317.45,-164.72,3789.1,803.17,-2048.49
10610,4531,-108,23.8988,0.4475,0.003,1.0049,4018,13067.26,22307.43,-164.48,3835.6,764.81,-2049.4
10620,4585,11,114.838,0.4414,0.0024,1.0007,4039,13030.78,22296.95,-163.34,3881.5,726.06,-2051.83
10630,4577,130,138.1124,-0.6414,0.0107,1.0009,4037,12994.27,22285.53,-161.96,3874.2,687.54,-2056.11
10640,4498,169,77.1826,-0.6327,0.1635,1.0121,4359,12957.56,22273.24,-161.19,3809.6,649.8,-2061.36
10650,4460,145,88.7417,-0.0015,0.7834,1.0256,3802,12920.51,22260.68,-160.31,3776.1,612.44,-2066.92
10660,4460,14,-1.7934,0.0081,0.8111,1.0179,4036,12883.78,22247.57,-160.33,3775.9,574.98,-2071.64
10670,4487,-96,-13.6222,0.4278,0.6152,1.0001,4061,12847.74,22234.25,-160.47,3799.8,537.17,-2075.42
10680,4542,-163,-51.8952,0.4462,-0.0016,1.0029,4114,12812.0,22221.78,-160.99,3846.2,498.81,-2078.46
10690,4571,-95,43.4309,0.4553,-0.0045,1.0098,4110,12776.53,22209.47,-160.56,3869.1,460.27,-2082.1
10700,4623,33,123.4349,0.4492,-0.0073,0.9906,3777,12741.27,22196.63,-159.33,3914.6,421.5,-2087.45
10710,4632,145,131.6652,-0.64,-0.0149,0.9921,4005,12706.15,22182.89,-158.01,3921.8,382.93,-2094.61
10720,4558,165,61.5945,-0.636,0.0013,1.0066,4131,12670.87,22168.37,-157.4,3858.1,345.13,-2102.46
10730,4479,123,48.4509,-0.0335,0.787,0.9911,4179,12635.21,22153.63,-156.92,3793.2,307.99,-2110.2
10740,4480,-4,-9.2771,0.0081,0.7875,0.9944,3848,12599.31,22138.8,-157.01,3792.4,270.68,-2117.01
10750,4479,-105,-9.8642,0.453,0.7889,0.9953,4084,12564.07,22123.21,-157.12,3793.4,233.21,-2122.9
10760,4537,-148,-14.0025,0.4533,0.0066,0.99,3783,12529.09,22108.43,-157.26,3839.8,195.18,-2128.45
10770,4590,-78,57.1192,0.4526,0.0012,1.002,4125,12494.36,22093.73,-156.69,3885.6,156.83,-2134.82
10780,4644,54,129.4223,-0.35,-0.0024,1.0155,4717,12460.03,22078.5,-155.4,3931.0,118.38,-2143.02
10790,4623,149,124.3175,-0.6335,-0.0007,0.9943,4353,12426.59,22062.72,-154.16,3914.2,80.47,-2152.82
10800,4547,160,50.0666,-0.6273,-0.0063,0.9906,3663,12393.94,22046.68,-153.66,3850.3,43.35,-2163.1
10810,4471,107,7.8089,-0.6324,0.7521,0.9881,4038,12361.86,22030.91,-153.59,3785.4,6.8,-2172.98
10820,4430,10,-4.1646,-0.0118,0.7994,0.9916,4130,12330.13,22015.91,-153.63,3752.0,-29.61,-2181.99
10830,4431,-88,-12.2986,-0.0041,0.8011,0.9907,4185,12299.43,22000.22,-153.76,3751.9,-66.24,-2190.14
10840,4435,-121,36.5158,0.4511,0.8017,0.9921,3735,12269.23,21984.91,-153.4,3753.2,-102.95,-2198.11
10850,4487,-119,15.3667,0.4414,-0.0021,1.0174,4051,12239.48,21970.01,-153.25,3800.1,-140.05,-2206.37
10860,4516,-24,88.0056,0.4474,-0.0093,0.9901,3688,12210.4,21955.1,-152.37,3823.4,-177.1,-2215.82
10870,4571,80,118.2481,0.4405,0.0078,1.0018,4088,12182.2,21939.97,-151.19,3869.4,-214.18,-2226.91
10880,4606,151,97.2982,-0.6373,0.0101,1.0077,4299,12154.8,21924.57,-150.22,3900.4,-251.15,-2239.36
10890,4568,158,37.8526,-0.6114,0.0109,0.9985,4142,12128.16,21909.17,-149.84,3868.5,-287.65,-2252.19
10900,4492,104,-33.003,-0.6305,0.2281,1.0175,3901,12102.02,21894.05,-150.18,3803.8,-323.69,-2264.39
10910,4455,47,1.0541,-0.0189,0.7976,1.0192,3889,12076.31,21879.56,-150.17,3771.1,-359.6,-2275.94
10920,4453,-45,-15.8421,-0.1259,0.7837,1.0021,4246,12050.87,21865.79,-150.33,3769.9,-395.73,-2286.7
10930,4443,-106,0.9125,-0.635,0.7954,1.0023,4056,12026.61,21851.34,-150.32,3763.1,-431.95,-2296.89
10940,4407,-123,45.9453,-0.6384,0.7881,0.9924,3710,12002.74,21837.27,-149.87,3730.0,-467.89,-2307.01
10950,4326,-107,38.1106,-0.6499,0.0042,0.998,3837,11979.39,21823.58,-149.49,3662.9,-503.05,-2317.31
10960,4285,-49,64.8849,-0.6283,0.0131,0.9904,3576,11956.68,21810.04,-148.84,3628.9,-537.64,-2328.28
10970,4246,31,92.1065,-0.654,0.015,1.0013,4403,11934.67,21796.5,-147.92,3594.5,-571.54,-2340.26
10980,4165,95,91.7765,-0.6137,-0.0051,0.9848,4047,11913.42,21782.93,-147.01,3524.9,-604.4,-2353.04
10990,4123,134,67.321,-0.6313,-0.0001,1.0135,4209,11892.9,21769.43,-146.34,3489.5,-636.64,-2366.46
11000,4080,138,27.7443,-0.6234,-0.0038,1.0009,3887,11872.99,21756.08,-146.06,3453.8,-668.42,-2380.05
11010,4035,110,-15.8492,-0.6292,-0.0079,1.0049,4006,11853.47,21742.97,-146.23,3417.7,-699.91,-2393.33
11020,3993,56,-53.7279,-0.647,0.0115,1.0052,4023,11833.96,21730.04,-146.77,3381.2,-731.32,-2405.86
11030,3907,19,-5.7029,-0.6323,0.6114,1.0046,4010,11814.32,21717.36,-146.83,3307.1,-762.22,-2417.68
11040,3863,-45,-12.5984,-0.6332,0.604,0.985,4107,11794.43,21704.94,-146.96,3269.4,-792.97,-2428.8
11050,3816,-88,1.4544,-0.639,0.5826,0.9937,3641,11774.59,21692.12,-146.94,3231.2,-823.5,-2439.42
11060,3769,-103,33.3069,-0.6567,0.5681,1.0054,4018,11755.07,21678.76,-146.61,3192.6,-853.67,-2449.86
11070,3725,-87,75.0146,-0.6272,0.5564,1.0003,4087,11735.52,21665.5,-145.87,3153.5,-883.35,-2460.55
11080,3679,-68,48.3632,-0.6305,0.1985,0.9938,4263,11716.01,21652.16,-145.39,3114.0,-912.49,-2471.58
11090,3583,-10,74.0032,-0.6312,0.009,1.0069,4111,11696.61,21638.59,-144.65,3033.3,-940.58,-2483.05
11100,3534,51,88.8982,-0.6244,0.0047,0.9981,4042,11677.27,21624.65,-143.76,2992.1,-967.92,-2495.22
11110,3485,98,81.3173,-0.6406,0.0091,0.9964,4018,11658.26,21610.49,-142.95,2950.4,-994.53,-2507.98
11120,3433,119,54.3717,-0.634,0.0017,1.0083,3536,11639.53,21596.2,-142.41,2908.0,-1020.5,-2521.05
11130,3385,112,15.0126,-0.6174,-0.0012,1.012,4445,11620.88,21581.79,-142.26,2865.1,-1046.05,-2534.07
11140,3278,76,-27.8399,-0.6514,0.0152,0.9973,3860,11602.19,21567.38,-142.54,2777.2,-1070.91,-2546.43
11150,3228,24,-64.097,-0.6305,-0.0092,0.993,4235,11583.33,21553.09,-143.19,2732.2,-1095.66,-2558.04
11160,3172,-47,-128.8203,-0.6431,0.2915,0.9844,4030,11564.43,21539.16,-144.48,2686.4,-1120.37,-2568.54
11170,3119,-99,-142.8358,-0.639,0.2942,0.9974,3952,11545.44,21525.6,-145.91,2639.8,-1145.08,-2577.88
11180,3063,-125,-123.6234,-0.6324,0.322,1.0053,3606,11526.15,21512.48,-147.15,2592.4,-1169.63,-2586.27
11190,3005,-128,-89.1472,-0.6407,0.303,1.0008,3758,11506.18,21500.35,-148.04,2544.2,-1193.89,-2593.98
11200,2887,-102,-47.3755,-0.6366,0.2718,0.9926,4012,11486.02,21488.16,-148.52,2444.7,-1217.23,-2601.24
11210,2828,-90,-85.0353,-0.6388,0.8062,0.9974,3732,11465.91,21475.85,-149.38,2393.5,-1240.14,-2608.22
11220,2766,-60,-112.9919,-0.0236,0.7997,0.9972,4100,11446.06,21463.37,-150.51,2341.1,-1262.59,-2614.92
11230,2763,-14,-104.418,0.01,0.8044,1.0113,3596,11426.3,21450.76,-151.56,2339.1,-1285.02,-2621.54
11240,2763,17,-116.536,0.0131,0.7958,0.9926,4067,11404.88,21441.21,-152.72,2339.0,-1307.51,-2628.0
11250,2764,29,-147.2635,0.0391,0.7911,1.0008,3920,11383.38,21431.34,-154.2,2340.8,-1330.12,-2634.08
11260,2809,18,-184.6719,-0.1729,0.7808,0.9995,4023,11361.88,21421.36,-156.05,2378.7,-1353.29,-2639.52
11270,2792,-16,-225.9749,-0.0382,0.8104,1.0013,3550,11340.47,21411.5,-158.31,2363.6,-1376.53,-2643.87
11280,2789,-63,-259.265,-0.009,0.7864,1.0025,3807,11318.95,21401.84,-160.91,2361.7,-1399.95,-2646.86
11290,2790,-111,-275.6229,0.0153,0.7982,1.0006,4029,11296.12,21396.05,-163.67,2361.5,-1423.53,-2648.38
11300,2791,-153,-272.6299,0.0445,0.8218,0.9903,3838,11272.97,21390.75,-166.4,2363.3,-1447.16,-2648.4
11310,2839,-171,-242.2735,-0.5765,0.7947,1.0087,3907,11249.68,21385.72,-168.82,2404.0,-1471.18,-2647.17
11320,2784,-166,-209.872,-0.0218,0.8108,0.9917,3769,11226.52,21380.9,-170.92,2357.1,-1494.66,-2645.03
11330,2781,-139,-167.0386,-0.0156,0.7786,0.9993,3852,11203.41,21376.07,-172.6,2355.1,-1518.06,-2642.3
11340,2782,-95,-129.5384,0.0091,0.7925,0.9864,3985,11179.86,21374.41,-173.9,2354.9,-1541.42,-2639.29
11350,2783,-46,-106.2367,0.0229,0.7824,1.0009,3974,11156.29,21373.06,-174.96,2356.6,-1564.78,-2636.19
11360,2786,1,-98.2464,0.1913,0.7787,0.9889,3872,11132.95,21371.36,-175.95,2360.1,-1588.16,-2633.06
11370,2755,24,-122.8963,-0.0262,0.8056,1.0144,3941,11109.81,21369.36,-177.18,2333.7,-1611.26,-2629.73
11380,2754,25,-156.568,0.0077,0.7965,0.9957,3773,11086.66,21367.14,181.25,2331.5,-1634.27,-2625.89
11390,2753,9,-198.0235,0.0197,0.7741,0.9931,4102,11063.49,21367.66,179.27,2331.3,-1657.12,-2621.26
11400,2755,-29,-238.5923,0.0428,0.7931,0.9885,3817,11040.19,21369.5,176.88,2332.9,-1679.73,-2615.48
11410,2760,-75,-266.58,0.4459,0.7908,1.0101,4443,11016.61,21371.63,174.21,2336.5,-1701.98,-2608.36
11420,2805,-124,-280.736,-0.2685,0.8009,1.0154,3975,10992.91,21374.13,171.4,2374.2,-1724.09,-2599.68
11430,2774,-158,-271.0762,-0.0178,0.7829,1.0042,4143,10969.28,21376.97,168.69,2349.5,-1745.39,-2589.77
11440,2775,-173,-242.3375,0.0302,0.7823,1.0021,4057,10946.17,21382.43,166.26,2349.2,-1766.16,-2578.78
11450,2777,-161,-201.0168,0.0159,0.7825,1.01,4138,10923.42,21389.62,164.25,2350.8,-1786.54,-2567.02
11460,2781,-123,-149.2251,0.4465,0.8074,0.9953,3890,10900.86,21396.69,162.75,2354.3,-1806.72,-2554.87
11470,2823,-80,-120.0096,-0.4448,0.7857,1.0138,3893,10878.57,21403.44,161.55,2391.6,-1827.08,-2542.34
11480,2777,-34,-102.7234,0.0026,0.8061,1.0065,3898,10856.28,21409.87,160.52,2351.4,-1847.05,-2529.95
11490,2777,6,-105.3629,0.0019,0.7851,0.9971,4304,10834.5,21417.65,159.46,2351.0,-1866.99,-2517.48
11500,2778,26,-127.2094,0.0307,0.7869,1.0016,4222,10813.26,21427.19,158.19,2352.5,-1886.78,-2504.76
11510,2784,26,-164.405,0.4573,0.7981,1.0174,4102,10791.71,21436.68,156.54,2355.9,-1906.31,-2491.54
11520,2828,4,-202.3915,-0.3249,0.7894,0.9973,3584,10770.0,21446.22,154.51,2393.2,-1925.62,-2477.36
11530,2798,-41,-246.0641,-0.0138,0.7802,0.9992,3834,10748.31,21455.92,152.05,2367.1,-1943.95,-2462.34
11540,2793,-91,-271.8151,0.0157,0.8045,0.9907,4247,10727.42,21467.05,149.33,2364.4,-1961.28,-2446.25
11550,2794,-133,-277.4684,0.0201,0.791,1.0054,4189,10708.01,21480.78,146.55,2365.8,-1977.57,-2429.1
11560,2799,-163,-260.2481,-0.1571,0.7974,0.9853,4180,10688.87,21494.73,143.94,2369.1,-1992.87,-2410.99
11570,2782,-170,-227.4327,-0.3382,0.7878,1.0007,3860,10670.14,21508.66,141.66,2355.5,-2007.21,-2392.3
11580,2748,-153,-189.8171,-0.0317,0.8053,1.0093,3987,10651.6,21522.55,139.76,2325.8,-2020.78,-2373.38
11590,2743,-121,-150.0407,0.01,0.79,0.9884,3831,10633.58,21536.98,138.26,2323.3,-2033.94,-2354.24
11600,2746,-73,-119.8142,0.0309,0.7891,0.99,4224,10617.44,21553.67,137.06,2324.4,-2046.97,-2334.98
11610,2749,-25,-106.9435,0.4515,0.7994,0.9986,3531,10600.89,21570.31,135.99,2327.8,-2059.95,-2315.67
11620,2793,13,-105.3897,0.1875,0.7863,0.9963,4071,10583.83,21586.95,134.93,2365.5,-2073.05,-2295.97
11630,2809,31,-134.7375,-0.0192,0.796,0.99,4226,10566.46,21603.49,133.58,2379.9,-2085.96,-2275.98
11640,2807,22,-175.9424,-0.01,0.7873,1.0076,3892,10549.3,21620.27,131.82,2377.6,-2098.28,-2255.65
11650,2811,-10,-220.2583,0.0273,0.7971,0.9955,3934,10534.81,21639.38,129.61,2378.5,-2109.72,-2234.77
11660,2811,-54,-254.4302,-0.0257,0.7861,1.0284,4484,10520.57,21658.49,127.07,2381.6,-2119.97,-2213.29
11670,2811,-101,-266.3148,-0.6335,0.7718,0.9972,3814,10506.82,21677.48,124.4,2380.6,-2128.88,-2191.22
11680,2749,-144,-275.5004,-0.0363,0.7951,0.9819,3980,10493.46,21696.52,121.64,2327.9,-2136.23,-2169.13
11690,2747,-168,-255.8361,-0.0171,0.7979,1.0146,3972,10480.37,21715.71,119.08,2325.3,-2142.33,-2146.68
11700,2743,-169,-221.0642,0.0132,0.7838,0.9726,4009,10470.86,21736.98,116.86,2324.7,-2147.44,-2124.01
11710,2750,-147,-180.6005,0.3877,0.7909,1.0062,3843,10461.38,21758.45,115.06,2329.4,-2151.89,-2101.15
11720,2791,-108,-137.6157,0.1052,0.8064,0.9873,3885,10451.8,21779.82,113.68,2362.2,-2156.06,-2077.88
11730,2802,-56,-106.6292,-0.0306,0.8025,1.0033,4325,10442.04,21800.93,112.61,2371.7,-2160.15,-2054.52
11740,2798,-12,-98.7935,-0.0199,0.7841,0.9731,4294,10431.96,21821.88,111.62,2369.3,-2164.17,-2031.17
11750,2796,21,-110.8927,0.0193,0.7951,1.0062,3980,10424.61,21843.9,110.5,2368.7,-2168.06,-2007.81
11760,2800,31,-141.2753,0.0266,0.8109,0.9973,3957,10417.55,21866.26,109.09,2370.0,-2171.55,-1984.35
11770,2804,21,-179.4621,-0.6485,0.7554,0.9944,3842,10410.23,21889.05,107.29,2374.1,-2174.34,-1960.76
11780,2740,-26,-242.2818,-0.0462,0.8067,0.9891,3955,10402.84,21912.33,104.86,2321.3,-2175.9,-1937.61
11790,2738,-76,-282.6462,0.0017,0.8029,0.9942,3792,10395.56,21936.11,102.03,2318.6,-2176.03,-1914.43
11800,2738,-130,-303.7119,0.0113,0.7966,0.9822,4096,10392.01,21961.08,98.99,2317.9,-2174.53,-1891.29
11810,2742,-169,-299.2205,0.4437,0.7951,1.0202,4170,10389.65,21986.73,96.0,2322.4,-2171.49,-1868.27
11820,2787,-180,-258.9572,0.446,0.7588,0.9957,4088,10387.58,22012.83,93.4,2360.2,-2167.13,-1845.07
11830,2830,-163,-207.9045,0.0206,0.777,1.0119,4235,10385.61,22039.31,91.32,2397.4,-2161.85,-1821.69
11840,2833,-119,-158.0206,0.0256,0.8025,1.0115,4031,10384.36,22066.19,89.74,2398.8,-2156.13,-1798.39
11850,2835,-60,-121.8599,0.0418,0.808,1.0016,3958,10386.31,22093.57,88.52,2399.9,-2150.29,-1775.11
11860,2838,-5,-108.9786,-0.2996,0.7758,1.0112,4169,10387.8,22121.36,87.42,2402.7,-2144.41,-1751.81
11870,2747,15,-154.7316,-0.0296,0.7828,0.9877,4089,10388.85,22149.67,85.87,2324.7,-2138.42,-1729.33
11880,2741,8,-211.3537,-0.0103,0.7905,0.9984,4300,10389.64,22178.5,83.76,2322.0,-2131.73,-1707.09
11890,2743,-35,-279.4555,0.031,0.8151,1.0131,3929,10395.04,22207.18,80.96,2322.3,-2123.83,-1685.25
11900,2748,-99,-335.9285,0.4579,0.804,1.0035,3682,10401.34,22236.22,77.6,2325.5,-2114.3,-1664.02
11910,2755,-159,-353.157,-0.0334,0.8076,0.9958,3768,10408.26,22265.56,74.06,2332.9,-2103.06,-1643.58
11920,2753,-195,-337.1626,-0.0106,0.8005,1.009,3797,10415.72,22294.77,70.68,2330.1,-2090.35,-1624.04
11930,2752,-190,-278.0579,0.0536,0.8228,0.9979,4018,10427.58,22322.16,67.9,2330.3,-2076.58,-1605.22
11940,2756,-147,-209.0247,0.4512,0.7936,0.9989,3880,10440.08,22349.21,65.81,2333.3,-2062.24,-1586.8
11950,2844,-68,-111.4433,0.4529,0.6729,1.0097,4012,10452.27,22376.38,64.69,2408.1,-2047.38,-1567.86
11960,2887,-1,-86.1612,0.4621,0.7072,1.0144,3871,10464.05,22404.01,63.83,2444.6,-2032.38,-1548.55
11970,2970,36,-108.8051,0.4422,0.7223,0.987,3913,10478.5,22430.41,62.73,2516.0,-2016.88,-1528.75
11980,3013,35,-162.0118,0.4451,0.7516,1.0136,4241,10493.02,22456.27,61.11,2550.9,-2000.7,-1509.01
11990,3092,54,-66.0013,0.4434,0.0008,1.012,4014,10507.28,22481.64,60.45,2619.5,-1983.74,-1489.05
12000,3134,1,-84.7422,0.4599,0.0152,1.0052,4309,10521.66,22506.6,59.6,2653.1,-1965.96,-1469.35
12010,3211,-64,-106.4992,0.447,0.0608,1.0178,3970,10536.46,22531.3,58.53,2719.0,-1947.02,-1449.85
12020,3250,-154,-200.8799,0.4593,0.7016,0.9876,3866,10551.74,22555.8,56.52,2751.4,-1926.84,-1431.13
12030,3288,-174,-191.592,0.4472,0.7091,1.0142,4154,10567.47,22580.35,54.6,2783.4,-1905.68,-1413.02
12040,3362,-138,-128.6316,0.4548,0.7267,0.9961,4360,10585.28,22604.01,53.31,2846.3,-1883.72,-1394.89
12050,3397,-70,-70.9894,0.4477,0.7419,0.965,3934,10603.91,22627.57,52.6,2877.3,-1861.56,-1376.55
12060,3469,44,62.1408,0.4569,0.014,0.9912,3931,10622.14,22651.46,53.21,2938.2,-1839.5,-1357.16
12070,3506,116,95.8767,0.4475,-0.0245,1.0092,3631,10639.7,22675.38,54.17,2968.2,-1817.88,-1336.82
12080,3575,127,46.2332,-0.11,-0.0094,0.9816,3859,10656.91,22699.47,54.63,3027.3,-1796.15,-1315.72
12090,3570,53,-123.6615,-0.6609,0.5386,0.9914,4091,10674.08,22723.61,53.39,3021.2,-1773.94,-1295.2
12100,3518,-37,-230.2345,-0.0087,0.7806,0.9959,4124,10691.61,22747.79,51.09,2978.6,-1751.01,-1276.19
12110,3518,-117,-263.3712,0.0083,0.7842,1.0017,4166,10711.45,22770.59,48.45,2978.3,-1726.88,-1258.72
12120,3520,-174,-250.3878,0.4468,0.7836,1.0032,3813,10732.49,22792.34,45.94,2980.5,-1701.71,-1242.75
12130,3554,-146,-93.2889,0.4486,0.2764,1.005,3919,10753.42,22813.4,45.01,3010.0,-1675.91,-1227.24
12140,3553,-92,19.1075,-0.6362,-0.0058,0.9995,4164,10774.14,22834.15,45.19,3008.0,-1650.21,-1211.57
12150,3505,-21,77.2936,-0.635,0.0099,0.9968,4201,10794.65,22855.05,45.96,2966.5,-1625.31,-1195.44
12160,3405,16,0.701,-0.0198,0.8003,0.995,3871,10814.81,22876.29,45.97,2881.7,-1601.41,-1179.3
12170,3400,52,-60.5268,-0.0095,0.8033,1.0097,4050,10834.76,22898.11,45.36,2879.9,-1577.66,-1163.03
12180,3399,65,-108.7167,0.0242,0.7825,1.0019,3980,10856.26,22918.98,44.27,2879.4,-1553.74,-1147.0
12190,3401,29,-179.1832,0.4471,0.7885,1.0019,3589,10878.87,22939.39,42.47,2880.6,-1529.28,-1131.79
12200,3474,2,-132.9808,0.4409,0.0037,1.003,4115,10901.66,22959.6,41.14,2941.5,-1503.75,-1117.17
12210,3508,-57,-109.3645,0.4505,0.015,0.985,4458,10924.43,22979.12,40.05,2971.4,-1477.43,-1103.42
12220,3578,-116,-98.9524,-0.4353,0.0005,0.9925,4137,10947.48,22998.14,39.05,3030.5,-1450.1,-1090.33
12230,3545,-167,-158.2073,-0.6153,0.6106,1.0003,4370,10970.81,23016.86,37.47,3001.6,-1422.57,-1078.34
12240,3496,-149,-137.5853,-0.0177,0.7908,0.9999,4267,10994.32,23035.6,36.09,2958.8,-1395.17,-1067.11
12250,3494,-79,-76.2619,0.0129,0.7992,1.023,3973,11019.26,23052.88,35.32,2958.6,-1367.8,-1055.88
12260,3498,1,-43.4764,0.4509,0.79,1.0047,3903,11044.2,23069.64,34.89,2961.0,-1340.53,-1044.31
12270,3532,99,54.7558,0.4349,0.1816,0.9974,4149,11068.37,23086.54,35.43,2990.8,-1313.32,-1031.89
12280,3603,129,51.4145,-0.5624,0.0028,1.0009,4312,11092.01,23103.55,35.94,3049.4,-1285.78,-1018.75
12290,3559,99,-12.161,-0.6325,-0.0025,1.0097,4446,11115.56,23120.61,35.82,3013.0,-1258.53,-1005.86
12300,3461,-10,-176.6752,-0.0228,0.7783,0.9936,3840,11139.27,23137.53,34.05,2929.5,-1231.51,-994.5
12310,3457,-103,-259.0615,-0.0186,0.7954,0.996,3889,11163.48,23154.22,31.45,2927.9,-1203.86,-984.89
12320,3459,-164,-257.7803,0.032,0.8068,1.0091,4248,11189.42,23168.85,28.87,2927.7,-1175.65,-977.02
12330,3460,-184,-216.1594,0.4526,0.7953,0.9912,3948,11216.44,23182.27,26.71,2929.0,-1147.07,-970.51
12340,3527,-120,-46.978,0.4645,0.0063,1.0018,3856,11243.23,23195.42,26.24,2988.9,-1117.9,-964.09
12350,3566,-36,70.0551,0.4719,-0.015,1.0086,3867,11269.63,23208.61,26.93,3018.3,-1088.57,-956.9
12360,3625,46,105.9924,-0.6319,0.0108,0.995,4267,11295.81,23222.2,27.99,3071.2,-1059.06,-948.46
12370,3579,72,9.4038,-0.6239,0.7515,1.0042,3705,11321.77,23236.31,28.08,3030.5,-1030.08,-939.59
12380,3529,73,-87.7191,-0.0197,0.803,0.9989,4000,11347.8,23250.96,27.2,2988.3,-1001.46,-930.96
12390,3530,45,-156.016,0.0119,0.8034,1.0038,4118,11375.01,23264.19,25.64,2988.2,-972.6,-923.14
12400,3531,-21,-220.7572,0.4385,0.7939,0.9882,3954,11402.76,23276.13,23.43,2990.8,-943.38,-916.78
12410,3567,-65,-160.143,0.4507,0.0726,1.0002,4056,11430.13,23287.39,21.82,3020.3,-913.61,-911.75
12420,3603,-105,-101.5827,-0.2449,0.0036,0.9861,4002,11457.29,23297.98,20.8,3049.5,-883.36,-907.71
12430,3535,-129,-62.2033,-0.6443,0.0112,0.9972,4061,11484.55,23308.14,20.18,2992.8,-853.6,-904.41
12440,3484,-140,-93.1254,-0.6466,0.3943,0.9943,4344,11511.86,23318.15,19.24,2951.1,-824.22,-901.64
12450,3434,-102,-93.4672,-0.0014,0.7958,1.0122,3956,11539.3,23328.37,18.31,2907.3,-795.25,-899.07
12460,3433,-24,-53.7042,0.0026,0.7969,0.9902,3771,11567.52,23337.4,17.77,2906.8,-766.33,-896.25
12470,3435,40,-52.021,0.452,0.7907,0.9984,4262,11596.48,23345.72,17.24,2908.7,-737.4,-893.15
12480,3470,103,-0.9557,0.4552,0.4136,0.9905,4072,11625.75,23354.63,17.23,2939.0,-708.22,-889.66
12490,3542,107,1.7494,0.4534,-0.0049,0.9839,45048,11655.43,23363.87,17.24,2998.7,0.0,0.0
12500,3576,75,-31.7876,-0.5188,-0.0108,1.0084,45175,11672.52,23369.13,16.92,3028.1,30.11,3.27
12510,3536,-151,-272.6677,-0.6319,0.0493,0.9841,44866,11703.22,23378.05,14.19,2994.1,60.04,3.94
12520,3484,-193,-247.1572,-0.012,0.805,0.9849,3964,11734.62,23386.01,11.72,2950.6,89.53,2.89
12530,3484,-170,-175.9693,0.024,0.8081,1.026,4044,11766.81,23392.26,9.96,2949.7,118.98,0.9
12540,3485,-98,-98.2886,0.4401,0.7954,0.9935,3745,11799.77,23396.86,8.97,2950.7,148.41,-1.23
12550,3555,35,59.9133,0.4464,0.005,1.0144,4105,11833.05,23402.1,9.57,3010.2,178.49,-2.44
12560,3584,125,112.3954,-0.6405,-0.0035,1.0115,4057,11866.67,23408.12,10.69,3034.4,208.84,-2.48
12570,3536,125,38.7395,-0.6415,0.0025,0.996,3882,11900.66,23414.72,11.07,2993.2,238.79,-2.07
12580,3435,-3,-229.6194,-0.0328,0.8018,1.004,4071,11935.1,23421.42,8.77,2909.2,267.86,-3.06
12590,3435,-101,-303.5722,0.0053,0.7938,1.0199,3792,11970.23,23426.36,5.73,2907.4,296.78,-6.18
12600,3436,-182,-317.3841,0.4602,0.7849,0.9912,4174,12006.17,23427.96,2.56,2909.7,325.38,-11.52
12610,3507,-156,-132.3561,0.4465,0.0038,1.0127,3853,12042.56,23428.91,1.23,2969.9,354.37,-18.0
12620,3542,-81,29.9184,0.4454,0.0233,1.0003,4173,12079.38,23429.74,1.52,2999.6,383.71,-24.25
12630,3611,14,90.7608,0.4462,0.0577,0.9963,4010,12116.61,23431.08,2.43,3058.1,413.83,-29.53
12640,3678,81,41.205,0.4537,0.4387,0.9998,3869,12154.22,23433.29,2.84,3115.5,444.65,-33.98
12650,3778,110,-20.0551,0.4343,0.4652,0.991,4311,12192.3,23434.93,2.64,3199.6,476.37,-38.23
12660,3843,52,-118.9648,0.4553,0.2238,0.9974,4085,12230.88,23436.08,1.44,3254.5,508.5,-43.43
12670,3907,-33,-123.7443,0.436,-0.0072,0.9998,3689,12269.9,23436.67,0.2,3308.5,540.9,-50.11
12680,3970,-133,-137.7969,0.4496,-0.0235,0.991,4061,12309.37,23436.31,-1.18,3361.6,573.46,-58.48
12690,4031,-148,-61.7993,0.4621,-0.0137,0.9985,4107,12349.28,23435.21,-1.8,3413.9,606.34,-67.68
12700,4091,-65,58.0138,0.4459,0.0016,0.997,4331,12389.63,23434.08,-1.22,3465.4,639.89,-76.34
12710,4153,66,141.9896,0.4753,0.0043,0.9892,4224,12430.43,23433.69,0.19,3516.1,674.32,-83.45
12720,4212,158,129.5448,0.4326,0.0094,1.0018,4070,12471.67,23434.33,1.49,3566.2,709.55,-89.07
12730,4269,138,24.9841,0.4536,0.0051,0.9993,3669,12513.36,23435.59,1.73,3615.5,745.31,-94.46
12740,4327,17,-100.4032,0.4547,0.003,0.9849,3974,12555.48,23436.55,0.73,3664.2,781.32,-101.19
12750,4385,-121,-154.5731,0.4501,-0.0118,1.0189,4025,12597.98,23436.51,-0.82,3712.2,817.4,-109.97
12760,4439,-173,-93.6312,0.4437,0.0103,0.9943,3947,12640.57,23435.48,-1.76,3759.6,853.62,-120.07
12770,4497,-93,37.4867,0.4227,-0.0037,1.0049,4097,12683.16,23434.23,-1.39,3806.4,890.45,-129.78
12780,4550,54,140.9796,0.4652,-0.0179,0.993,4091,12725.75,23433.68,0.02,3852.7,928.13,-137.78
12790,4631,167,139.6736,0.4529,-0.0053,1.0047,3728,12768.34,23434.25,1.41,3921.0,966.85,-144.04
12800,4685,157,34.6624,0.4565,0.0014,0.998,3950,12810.93,23435.51,1.75,3966.0,1006.1,-149.9
12810,4738,30,-95.8704,0.4505,-0.0086,0.9865,3909,12853.52,23436.53,0.79,4010.4,1045.56,-157.16
12820,4789,-120,-154.9339,0.4483,-0.0163,0.9931,4166,12896.11,23436.54,-0.76,4054.3,1084.98,-166.64
12830,4840,-184,-98.346,0.4452,0.0064,0.9947,4078,12938.7,23435.54,-1.75,4097.8,1124.49,-177.6
12840,4889,-109,31.6103,0.4477,0.0084,1.0059,3996,12981.29,23434.27,-1.43,4140.8,1164.51,-188.21
12850,4941,46,138.301,0.4419,-0.0051,0.9833,3799,13023.88,23433.68,-0.05,4183.3,1205.42,-196.99
12860,4991,170,142.289,0.4551,0.0133,1.0088,4271,13066.47,23434.2,1.37,4225.5,1247.13,-203.81
12870,5029,169,40.494,0.0137,0.0218,0.9839,3967,13109.06,23435.45,1.77,4259.0,1289.26,-210.08
12880,5028,40,-91.1534,0.0147,-0.005,1.008,4131,13151.65,23436.5,0.86,4259.0,1331.15,-217.69
12890,5032,-120,-154.834,-0.0052,0.0044,0.997,3950,13194.24,23436.56,-0.7,4259.0,1372.6,-227.57
12900,5031,-192,-102.9374,0.0003,0.0126,1.0158,3496,13236.83,23435.6,-1.73,4259.0,1413.67,-238.93
12910,5030,-121,25.5951,0.0072,0.0048,1.0054,3953,13279.42,23434.32,-1.48,4259.0,1454.84,-249.92
12920,5031,40,135.4219,0.0033,0.0011,0.9923,3849,13322.01,23433.68,-0.12,4259.0,1496.47,-258.93
12930,5031,168,144.6558,0.0033,0.004,0.9974,3977,13364.6,23434.16,1.32,4259.0,1538.51,-265.86
12940,5030,175,46.4248,-0.0175,0.0066,1.0069,4276,13407.19,23435.4,1.78,4259.0,1580.66,-272.08
12950,5029,50,-86.2033,-0.0078,-0.0003,1.0107,3787,13449.78,23436.47,0.92,4259.0,1622.58,-279.57
12960,5029,-113,-154.4258,-0.0075,0.0005,0.9989,4099,13492.37,23436.59,-0.63,4259.0,1664.03,-289.31
12970,5031,-189,-107.4724,0.0089,0.0044,0.9957,4020,13534.96,23435.65,-1.71,4259.0,1705.12,-300.61
12980,5031,-125,19.5489,-0.0066,0.0139,1.0083,4392,13577.55,23434.37,-1.51,4259.0,1746.28,-311.63
12990,5030,31,132.2744,-0.0041,0.0077,1.0115,3995,13620.14,23433.69,-0.19,4259.0,1787.88,-320.75
13000,5029,166,146.7641,0.0027,0.0063,1.0093,3889,13662.73,23434.12,1.27,4259.0,1829.9,-327.72
13010,5032,177,52.1269,-0.0171,0.016,0.9932,4162,13705.32,23435.34,1.79,4259.0,1872.07,-333.92
13020,5030,57,-81.0004,-0.0182,-0.0032,0.9927,3946,13747.91,23436.44,0.98,4259.0,1914.02,-341.31
13030,5031,-106,-153.733,-0.0047,0.0151,1.0084,3824,13790.5,23436.61,-0.56,4259.0,1955.51,-350.94
13040,5030,-189,-111.7545,-0.0039,0.0075,0.9947,4002,13833.09,23435.71,-1.68,4259.0,1996.6,-362.19
13050,5030,-130,13.5449,-0.0151,0.0023,1.0082,4261,13875.68,23434.42,-1.55,4259.0,2037.75,-373.25
13060,5032,24,128.9805,0.0009,0.0028,0.9868,4262,13918.27,23433.7,-0.26,4259.0,2079.35,-382.45
13070,5030,162,148.7225,0.0236,-0.002,0.9993,3674,13960.86,23434.08,1.22,4259.0,2121.36,-389.48
13080,5031,178,57.838,0.0015,0.0032,0.9963,4200,14003.45,23435.28,1.8,4259.0,2163.52,-395.68
13090,5030,63,-75.7519,-0.018,0.0058,1.0077,4155,14046.04,23436.41,1.04,4259.0,2205.49,-402.97
13100,5030,-100,-152.8021,0.0273,-0.011,1.006,4097,14088.63,23436.62,-0.5,4259.0,2247.0,-412.5
13110,5029,-187,-115.8184,0.0129,-0.0023,1.0183,4033,14131.22,23435.76,-1.66,4259.0,2288.1,-423.68
13120,5031,-139,7.6166,-0.0003,-0.0045,0.9863,3803,14173.81,23434.47,-1.59,4259.0,2329.23,-434.8
13130,5030,18,125.5411,-0.0168,-0.0025,1.0047,4081,14216.4,23433.71,-0.33,4259.0,2370.8,-444.08
13140,5031,157,150.3383,-0.007,-0.0142,1.0131,3920,14258.99,23434.04,1.17,4259.0,2412.81,-451.18
13150,5030,183,63.4008,0.0176,-0.0089,1.0181,3990,14301.58,23435.22,1.8,4259.0,2454.97,-457.33
13160,5031,69,-70.3269,-0.0069,-0.0167,1.0004,4082,14344.17,23436.37,1.09,4259.0,2496.96,-464.54
13170,5029,-94,-151.7063,0.0081,0.0017,0.9938,4067,14386.76,23436.64,-0.43,4259.0,2538.49,-473.95
13180,5031,-187,-119.8543,0.0106,0.0186,1.0185,4177,14429.35,23435.82,-1.63,4259.0,2579.62,-485.09
13190,5031,-143,1.4087,-0.0001,-0.0012,0.995,4100,14471.94,23434.52,-1.62,4259.0,2620.75,-496.23
13200,5032,10,121.8131,0.019,0.0029,0.9901,4022,14514.53,23433.72,-0.4,4259.0,2662.31,-505.6
13210,5030,154,151.9219,0.0055,0.008,1.0075,3662,14557.12,23434.0,1.11,4259.0,2704.3,-512.75
13220,5030,187,68.9182,-0.008,0.0014,1.0269,4101,14599.71,23435.16,1.8,4259.0,2746.47,-518.87
13230,5031,75,-64.8511,-0.0046,-0.0025,0.982,3585,14642.3,23436.34,1.15,4259.0,2788.48,-525.99
13240,5032,-89,-150.2846,-0.0012,0.0146,1.0105,3718,14684.89,23436.65,-0.36,4259.0,2830.05,-535.3
13250,5031,-188,-123.5718,-0.0054,-0.0056,0.977,3841,14727.48,23435.87,-1.6,4259.0,2871.19,-546.4
13260,5031,-148,-4.6355,0.0054,-0.002,0.9987,3882,14770.07,23434.58,-1.65,4259.0,2912.32,-557.57
13270,5031,3,117.8474,-0.0003,-0.0053,0.9865,4081,14812.66,23433.73,-0.47,4259.0,2953.85,-567.02
13280,5031,150,153.0071,-0.005,-0.0073,0.9983,4065,14855.25,23433.97,1.06,4259.0,2995.84,-574.24
13290,5030,184,74.2678,-0.0037,0.0231,0.9901,3796,14897.84,23435.1,1.8,4259.0,3038.0,-580.38
13300,5030,82,-59.3731,0.0034,0.0064,1.0051,4069,14940.43,23436.3,1.2,4259.0,3080.02,-587.4
13310,5029,-81,-148.7551,0.0052,-0.0085,0.9979,4002,14983.02,23436.66,-0.29,4259.0,3121.59,-596.58
13320,5031,-183,-127.0295,0.007,-0.0061,1.0061,4304,15025.61,23435.92,-1.56,4259.0,3162.76,-607.6
13330,5030,-151,-10.761,0.0056,0.0117,0.998,3969,15068.2,23434.63,-1.67,4259.0,3203.87,-618.77
13340,5030,-6,114.0545,0.0014,-0.0056,0.9983,3977,15110.79,23433.75,-0.54,4259.0,3245.38,-628.31
13350,5030,145,153.8972,0.0118,0.0017,1.0116,4328,15153.38,23433.93,1.0,4259.0,3287.34,-635.6
13360,5031,186,79.6663,0.0062,-0.0033,0.9765,3975,15195.97,23435.05,1.79,4259.0,3329.52,-641.74
13370,5031,90,-53.6387,-0.0079,-0.0027,0.9996,3767,15238.56,23436.26,1.25,4259.0,3371.56,-648.66
13380,5030,-74,-146.97,0.0058,-0.0081,0.9807,3962,15281.15,23436.67,-0.22,4259.0,3413.17,-657.72
13390,5029,-184,-130.471,-0.0067,0.0165,1.0111,3934,15323.74,23435.97,-1.53,4259.0,3454.33,-668.69
13400,5030,-156,-16.7252,-0.0184,-0.0098,0.9905,3767,15366.33,23434.69,-1.7,4259.0,3495.43,-679.89
13410,5029,-12,109.6918,0.0056,0.0024,1.0117,4050,15408.92,23433.77,-0.61,4259.0,3536.92,-689.5
13420,5030,140,154.7206,-0.0128,0.0091,0.998,4123,15451.51,23433.9,0.94,4259.0,3578.87,-696.86
13430,5030,190,84.8106,-0.0024,0.003,0.9947,3840,15494.1,23434.99,1.78,4259.0,3621.04,-702.96
13440,5030,96,-47.9515,0.0013,-0.0053,1.0098,4120,15536.69,23436.22,1.3,4259.0,3663.08,-709.8
13450,5029,-67,-144.9744,-0.0098,-0.0073,1.0064,4097,15579.28,23436.68,-0.15,4259.0,3704.71,-718.74
13460,5029,-180,-133.7774,-0.003,0.0082,0.9935,4006,15621.87,23436.02,-1.49,4259.0,3745.89,-729.62
13470,5030,-159,-22.8345,0.0038,-0.0111,1.0104,3988,15664.46,23434.74,-1.72,4259.0,3787.0,-740.83
13480,5031,-20,105.2852,0.0087,-0.0073,0.9962,3757,15707.05,23433.79,-0.67,4259.0,3828.48,-750.53
13490,5033,134,155.1864,-0.0041,0.0188,0.9826,4243,15749.64,23433.87,0.88,4259.0,3870.44,-757.98
13500,5030,189,89.8524,-0.003,0.0149,1.0101,3974,15792.23,23434.93,1.77,4259.0,3912.61,-764.1
13510,5030,102,-42.1825,-0.0081,-0.003,0.9924,3871,15834.82,23436.17,1.35,4259.0,3954.67,-770.85
13520,5029,-58,-142.6191,-0.0213,0.007,1.0067,3965,15877.41,23436.68,-0.08,4259.0,3996.32,-779.67
13530,5030,-178,-136.676,0.007,0.0054,0.9959,3803,15920.0,23436.07,-1.45,4259.0,4037.53,-790.48
13540,5031,-163,-28.7665,-0.0055,0.0248,0.9827,4368,15962.59,23434.8,-1.74,4259.0,4078.64,-801.7
13550,5030,-26,100.6616,0.0186,0.0156,1.008,4081,16005.18,23433.81,-0.74,4259.0,4120.1,-811.47
13560,5029,129,155.4637,0.0061,0.0072,1.0085,4279,16047.77,23433.84,0.82,4259.0,4162.01,-818.99
13570,5030,188,94.8094,0.0101,-0.0022,0.9952,4033,16090.36,23434.87,1.76,4259.0,4204.17,-825.13
13580,5030,107,-36.3296,-0.0232,-0.0071,1.0146,4023,16132.95,23436.13,1.39,4259.0,4246.24,-831.81
13590,5030,-53,-140.072,-0.019,-0.0073,0.9912,3726,16175.54,23436.68,-0.01,4259.0,4287.93,-840.52
13600,5031,-175,-139.4232,-0.0006,0.007,1.0006,4053,16218.13,23436.12,-1.41,4259.0,4329.17,-851.26
13610,5031,-167,-34.7585,-0.0103,-0.0066,1.0106,3738,16260.72,23434.86,-1.76,4259.0,4370.27,-862.5
13620,5031,-34,95.9662,0.0098,0.006,0.9964,3645,16303.31,23433.84,-0.8,4259.0,4411.72,-872.35
13630,5031,123,155.6669,0.0012,-0.0063,0.999,4117,16345.9,23433.82,0.75,4259.0,4453.63,-879.95
13640,5032,190,99.4568,-0.0045,0.0118,0.9884,4025,16388.49,23434.81,1.74,4259.0,4495.81,-886.09
13650,5030,115,-30.2252,-0.0058,-0.0093,0.9978,4455,16431.08,23436.08,1.44,4259.0,4537.9,-892.67
13660,5031,-45,-137.3592,0.0096,-0.0033,0.9998,3988,16473.67,23436.68,0.06,4259.0,4579.62,-901.26
13670,5029,-174,-141.9528,-0.0074,0.0039,0.989,4154,16516.26,23436.16,-1.36,4259.0,4620.86,-911.93
13680,5030,-172,-40.6799,0.0061,-0.0153,0.9799,4012,16558.85,23434.91,-1.77,4259.0,4661.95,-923.18
13690,5031,-42,91.1417,0.0042,0.0019,1.0021,4275,16601.44,23433.86,-0.86,4259.0,4703.38,-933.11
13700,5029,119,155.346,0.0097,0.0057,0.9946,4096,16644.03,23433.79,0.69,4259.0,4745.27,-940.77
13710,5030,191,104.1786,-0.0134,-0.0093,1.0098,4132,16686.62,23434.76,1.73,4259.0,4787.43,-946.91
13720,5029,120,-24.3677,0.0205,0.0006,1.0087,4116,16729.21,23436.03,1.48,4259.0,4829.52,-953.42
13730,5031,-39,-134.4745,0.0113,0.0009,0.9968,4108,16771.8,23436.68,0.13,4259.0,4871.26,-961.91
13740,5031,-170,-144.3051,-0.0177,-0.0219,0.9853,3800,16814.39,23436.21,-1.31,4259.0,4912.54,-972.49
13750,5030,-173,-46.4824,0.0054,-0.0117,1.019,3978,16856.98,23434.97,-1.78,4259.0,4953.64,-983.72
13760,5030,-49,86.095,0.0035,-0.0055,1.0154,3689,16899.57,23433.89,-0.92,4259.0,4995.04,-993.72
13770,5031,112,154.9347,-0.0095,0.0008,1.0093,4015,16942.16,23433.77,0.62,4259.0,5036.92,-1001.48
13780,5028,190,108.5111,-0.0195,0.011,0.9922,4231,16984.75,23434.7,1.7,4259.0,5079.07,-1007.64
13790,5030,126,-18.2823,0.0195,-0.0026,0.997,3907,17027.34,23435.99,1.52,4259.0,5121.18,-1014.07
13800,5030,-31,-131.4017,-0.0269,-0.0105,1.0128,4172,17069.93,23436.67,0.2,4259.0,5162.94,-1022.43
13810,5029,-168,-146.2927,0.0108,-0.0105,1.0088,3871,17112.52,23436.25,-1.27,4259.0,5204.21,-1032.93
13820,5030,-177,-52.1539,0.015,0.0076,0.9936,3446,17155.11,23435.03,-1.79,4259.0,5245.31,-1044.18
13830,5030,-56,81.0724,-0.0091,-0.0012,0.9919,3862,17197.7,23433.92,-0.98,4259.0,5286.7,-1054.25
13840,5031,106,154.1014,-0.008,0.0115,0.9978,3912,17240.29,23433.75,0.56,4259.0,5328.57,-1062.08
13850,5032,191,112.7629,-0.0105,-0.0104,0.9973,4155,17282.88,23434.65,1.68,4259.0,5370.74,-1068.25
13860,5030,133,-12.2823,0.0021,-0.0028,0.9982,3928,17325.47,23435.94,1.56,4259.0,5412.87,-1074.61
13870,5030,-24,-127.9888,-0.0001,0.0093,0.9959,4387,17368.06,23436.66,0.27,4259.0,5454.65,-1082.85
13880,5029,-162,-148.3338,0.0035,-0.0043,1.0329,4087,17410.65,23436.29,-1.21,4259.0,5495.95,-1093.24
13890,5031,-179,-57.8296,-0.0092,0.0016,1.0054,3737,17453.24,23435.09,-1.8,4259.0,5537.06,-1104.48
13900,5032,-63,75.6224,0.0045,-0.0028,1.0082,3723,17495.83,23433.96,-1.04,4259.0,5578.45,-1114.62
13910,5030,101,153.2782,-0.0027,-0.0061,1.0084,4191,17538.42,23433.74,0.49,4259.0,5620.3,-1122.52
13920,5031,187,116.9125,-0.0057,-0.0093,0.9972,4152,17581.01,23434.59,1.65,4259.0,5662.45,-1128.74
13930,5031,138,-6.2566,-0.009,0.0216,0.9974,3782,17623.6,23435.88,1.59,4259.0,5704.6,-1135.04
13940,5031,-17,-124.563,0.0013,-0.0234,0.9909,3705,17666.19,23436.65,0.34,4259.0,5746.41,-1143.17
13950,5030,-158,-149.8958,0.0006,0.012,1.0087,4179,17708.77,23436.33,-1.16,4259.0,5787.74,-1153.48
13960,5030,-182,-63.5431,-0.01,-0.0009,1.0006,4144,17751.17,23435.15,-1.8,4259.0,5828.85,-1164.71
13970,5030,-74,67.4039,0.0177,0.0063,0.9947,3855,17792.98,23434.01,-1.13,4259.0,5870.19,-1174.96
13980,5031,83,146.3484,0.001,0.0152,1.0061,3851,17834.18,23433.71,0.33,4259.0,5912.0,-1183.09
13990,5031,181,121.7494,0.0101,0.0129,0.9929,4004,17874.76,23434.42,1.55,4259.0,5954.14,-1189.44
14000,5029,157,17.2306,0.0082,0.0011,0.9999,3697,17914.72,23435.63,1.72,4259.0,5996.3,-1195.54
14010,5030,33,-94.042,-0.004,-0.0031,1.0055,4077,17954.06,23436.53,0.77,4259.0,6038.23,-1203.02
14020,5031,-110,-141.6805,0.0012,0.0073,1.0071,4368,17992.78,23436.58,-0.64,4259.0,6079.74,-1212.57
14030,5031,-184,-100.5481,0.0066,-0.0136,1.0088,3786,18030.88,23435.77,-1.65,4259.0,6120.91,-1223.58
14040,5031,-147,-1.7047,0.0169,-0.0034,0.9949,3987,18068.36,23434.63,-1.67,4259.0,6162.07,-1234.61
14050,5029,-30,94.0022,-0.0125,-0.022,0.9852,4013,18105.22,23433.81,-0.73,4259.0,6203.54,-1244.28
14060,5031,103,133.4418,0.0065,-0.0021,1.0011,3752,18141.45,23433.77,0.6,4259.0,6245.43,-1252.0
14070,5031,177,99.6368,-0.013,-0.0167,0.9978,3960,18177.06,23434.48,1.59,4259.0,6287.58,-1258.26
14080,5029,157,15.8368,-0.2185,-0.0048,1.0279,3754,18212.07,23435.55,1.75,4259.0,6329.75,-1264.32
14090,5017,63,-71.9394,-0.6369,-0.0096,1.0135,4112,18246.47,23436.42,1.02,4248.8,6371.64,-1271.4
14100,4950,-62,-120.4027,-0.6208,0.0018,0.9921,4013,18280.2,23436.67,-0.18,4190.0,6412.63,-1280.13
14110,4877,-149,-109.9765,-0.6403,-0.0077,0.9856,4051,18313.34,23436.23,-1.29,4130.4,6452.67,-1290.25
14120,4842,-170,-50.2707,-0.6464,0.0061,1.0064,4177,18345.88,23435.32,-1.79,4100.3,6492.25,-1301.02
14130,4770,-115,29.1081,-0.6156,0.0054,1.0024,4075,18378.07,23434.36,-1.5,4039.3,6531.34,-1311.23
14140,4699,-12,94.9984,-0.632,0.0181,0.9979,3985,18410.26,23433.75,-0.56,3977.5,6570.14,-1320.01
14150,4661,96,119.5679,-0.6214,-0.0105,0.9968,4035,18442.53,23433.78,0.64,3946.2,6608.96,-1327.1
14160,4586,159,92.3399,-0.6378,0.0011,0.9864,4244,18475.17,23434.43,1.56,3882.8,6647.38,-1332.85
14170,4509,149,22.0451,-0.6563,0.0209,0.994,3941,18508.24,23435.43,1.77,3818.4,6685.2,-1338.2
14180,4472,69,-60.2185,-0.6282,0.0096,1.0156,4047,18541.53,23436.32,1.17,3785.8,6722.57,-1344.3
14190,4392,-42,-114.8315,-0.6382,-0.0059,1.0078,3607,18574.81,23436.68,0.02,3719.7,6759.0,-1351.77
14200,4315,-129,-115.7206,-0.6361,0.0064,1.0149,4243,18608.1,23436.34,-1.14,3652.4,6794.47,-1360.54
14210,4272,-160,-76.4405,-0.6453,0.0402,0.9917,4222,18641.54,23435.45,-1.91,3618.3,6829.38,-1370.08
14220,4192,-132,-48.5377,-0.6308,0.4622,1.0027,4308,18674.67,23434.45,-2.4,3549.1,6863.59,-1379.6
14230,4108,-39,23.3297,-0.6336,0.4601,0.9965,4124,18707.2,23433.25,-2.17,3478.5,6897.27,-1388.27
14240,4065,57,52.6451,-0.6197,0.4559,1.0084,4077,18739.38,23431.81,-1.64,3442.7,6930.85,-1395.84
14250,3978,126,64.4139,-0.6248,-0.0049,0.9972,4040,18771.59,23431.0,-1.0,3369.9,6963.91,-1402.34
14260,3936,133,31.0526,-0.6315,-0.0002,1.0025,3919,18803.9,23430.55,-0.7,3332.9,6996.69,-1408.43
14270,3847,44,-119.3429,-0.6277,0.674,0.9977,3549,18836.63,23430.05,-1.89,3257.7,7028.53,-1415.29
14280,3800,-80,-251.6402,0.0016,0.8176,0.993,3902,18869.67,23429.07,-4.41,3218.5,7059.49,-1424.05
14290,3804,-160,-259.3924,0.0226,0.7929,0.9969,3947,18902.22,23425.43,-7.01,3218.4,7089.85,-1434.82
14300,3803,-193,-213.5952,0.4524,0.8087,1.0026,3876,18934.28,23420.31,-9.15,3220.3,7119.62,-1447.12
14310,3867,-120,-21.6166,0.4516,-0.0004,1.0162,4117,18966.25,23415.0,-9.36,3274.8,7149.86,-1459.71
14320,3899,-33,77.2131,0.438,-0.001,0.9874,4322,18998.32,23409.9,-8.59,3301.8,7180.67,-1471.58
14330,3932,21,11.0415,-0.0212,0.7995,0.9803,4162,19030.69,23405.34,-8.49,3329.2,7211.99,-1482.86
14340,3931,82,-25.0722,0.005,0.8039,1.0026,3879,19062.92,23401.47,-8.74,3328.2,7243.47,-1493.69
14350,3931,91,-81.9902,0.0209,0.7846,1.0017,3999,19094.2,23395.52,-9.56,3328.3,7274.89,-1504.73
14360,3962,49,-146.685,-0.3131,0.3671,1.0027,3829,19125.36,23389.56,-11.03,3355.8,7306.19,-1516.81
14370,3942,5,-93.2161,-0.6445,-0.0071,1.0029,4055,19156.45,23383.26,-11.97,3337.3,7336.93,-1529.82
14380,3854,-88,-120.16,-0.6352,0.1968,1.0174,4058,19187.57,23376.32,-13.17,3262.2,7366.41,-1543.81
14390,3809,-189,-230.7965,-0.0248,0.8112,0.9922,3974,19218.96,23368.7,-15.49,3224.0,7394.74,-1559.24
14400,3805,-177,-162.9144,0.0102,0.7933,0.9866,3975,19250.03,23360.33,-17.12,3222.1,7422.54,-1575.56
14410,3809,-113,-83.9067,0.4515,0.8135,1.0024,4187,19279.92,23349.87,-17.96,3223.3,7450.26,-1592.05
14420,3839,-11,4.4169,0.4474,0.5943,0.9911,4177,19309.62,23339.95,-17.92,3250.6,7478.51,-1608.13
14430,3904,105,113.8169,0.0884,0.0125,1.007,4081,19339.52,23330.62,-16.78,3304.7,7507.86,-1623.34
14440,3910,135,53.4566,-0.6431,0.0065,1.0019,4085,19369.66,23321.77,-16.25,3310.7,7537.6,-1637.92
14450,3828,67,-130.0516,-0.021,0.7947,1.0135,4044,19400.25,23313.03,-17.56,3240.0,7566.4,-1652.82
14460,3824,-6,-205.5041,-0.0102,0.783,0.9909,3797,19430.77,23303.28,-19.62,3239.3,7594.41,-1669.06
14470,3826,-97,-246.2463,0.0214,0.781,1.0045,4033,19459.95,23291.3,-22.08,3239.9,7621.37,-1687.02
14480,3862,-150,-190.0061,0.2954,0.0259,0.9958,3768,19488.51,23278.9,-23.98,3268.6,7647.59,-1706.56
14490,3882,-141,-59.3563,-0.6478,0.0112,1.0047,3952,19516.8,23266.1,-24.58,3287.4,7673.56,-1726.74
14500,3793,-117,-24.1446,-0.6371,0.5746,1.0125,3896,19545.07,23253.17,-24.83,3211.1,7698.88,-1746.51
14510,3746,-78,-59.4216,-0.0255,0.7824,1.0051,3746,19573.64,23240.38,-25.42,3172.2,7723.95,-1765.95
14520,3746,11,-25.0038,0.0158,0.8019,1.01,3792,19602.39,23226.98,-25.68,3171.0,7749.32,-1784.98
14530,3747,74,-39.3252,0.025,0.7913,1.0221,4170,19630.81,23212.31,-26.07,3171.5,7774.92,-1803.73
14540,3782,107,-29.5119,0.4528,0.2471,1.0154,3935,19659.08,23198.2,-26.37,3200.6,7800.81,-1822.6
14550,3840,89,-30.9039,-0.6274,0.0111,1.0047,4030,19687.25,23184.17,-26.68,3250.1,7826.89,-1842.03
14560,3794,3,-93.0032,-0.646,0.0153,1.0041,4293,19715.25,23169.84,-27.62,3211.7,7852.02,-1862.05
14570,3701,-128,-239.8567,-0.0266,0.7794,0.9904,4253,19743.14,23154.88,-30.02,3133.6,7875.26,-1883.07
14580,3699,-186,-237.1206,-0.0003,0.7898,0.9995,3912,19771.02,23139.24,-32.39,3132.4,7897.26,-1905.37
14590,3700,-180,-169.9707,0.0072,0.7812,1.0055,4139,19797.02,23120.91,-34.1,3132.6,7918.48,-1928.44
14600,3734,-117,-83.729,0.4574,0.3136,1.0049,3915,19822.51,23102.89,-34.94,3161.9,7939.74,-1951.84
14610,3770,20,101.7545,0.4514,-0.0012,0.9859,3771,19847.96,23085.43,-33.92,3189.8,7962.05,-1974.68
14620,3761,96,112.9002,-0.6366,-0.0039,1.0058,4025,19873.74,23068.47,-32.8,3184.7,7985.17,-1996.58
14630,3715,114,23.4672,-0.632,0.3661,1.0207,4218,19899.86,23051.92,-32.56,3145.5,8008.4,-2017.8
14640,3668,62,-132.8595,-0.0128,0.783,1.008,4140,19926.43,23035.39,-33.9,3104.6,8030.89,-2039.24
14650,3667,-4,-208.9776,-0.0049,0.7955,0.9977,4377,19952.48,23017.31,-35.99,3104.1,8052.34,-2061.7
14660,3669,-94,-259.1559,0.4664,0.79,1.0084,3999,19977.46,22997.36,-38.58,3105.7,8072.3,-2085.5
14670,3702,-133,-172.247,0.4563,0.441,0.9929,4190,20001.83,22977.07,-40.31,3134.1,8091.24,-2110.48
14680,3767,-139,-64.7816,0.4428,-0.0113,1.0063,4048,20025.81,22956.45,-40.96,3190.1,8109.92,-2136.35
14690,3761,-106,8.6095,-0.647,0.2853,1.005,4118,20049.7,22935.7,-40.88,3185.5,8128.64,-2162.12
14700,3717,-79,-63.1313,-0.0158,0.8102,0.9986,3769,20073.91,22915.0,-41.51,3146.3,8147.22,-2187.53
14710,3716,9,-28.2009,0.0093,0.7976,0.9989,4253,20098.54,22894.23,-41.79,3144.5,8166.18,-2212.64
14720,3714,72,-41.6536,0.0188,0.7832,1.0064,4106,20121.73,22872.0,-42.22,3144.7,8185.41,-2237.53
14730,3750,92,-64.005,0.4572,0.5293,0.9896,4146,20144.78,22850.49,-42.86,3173.8,8204.73,-2262.74
14740,3786,89,-29.8298,-0.6487,-0.0116,0.9925,4060,20167.57,22829.27,-43.16,3205.5,8223.99,-2288.38
14750,3740,3,-90.8997,-0.6457,0.0032,0.982,4117,20190.08,22807.86,-44.07,3166.6,8242.18,-2314.3
14760,3647,-111,-201.3612,-0.0185,0.7994,0.9778,4077,20212.21,22786.0,-46.09,3087.3,8258.5,-2340.52
14770,3646,-185,-239.68,-0.0201,0.8077,0.9922,4147,20234.12,22763.53,-48.49,3085.8,8273.27,-2367.63
14780,3644,-180,-179.535,0.0145,0.7944,1.0087,3608,20254.47,22739.12,-50.29,3085.3,8287.04,-2395.26
14790,3644,-124,-102.9189,0.4414,0.8011,0.9974,4113,20274.11,22714.05,-51.32,3086.3,8300.53,-2423.02
14800,3714,6,70.816,0.4195,0.003,1.0117,3754,20293.75,22689.66,-50.61,3143.2,8315.12,-2450.87
14810,3779,97,114.3502,0.0536,0.0054,0.9807,4155,20313.77,22665.78,-49.47,3199.1,8331.09,-2478.6
14820,3784,132,61.46,-0.637,0.0808,0.9932,4086,20334.21,22642.24,-48.86,3202.0,8347.77,-2505.97
14830,3735,66,-126.9732,0.0098,0.8008,1.0121,3938,20354.96,22618.75,-50.13,3161.5,8363.68,-2533.32
14840,3733,-1,-203.1309,-0.001,0.804,1.0228,3708,20375.36,22594.41,-52.17,3160.8,8378.31,-2561.34
14850,3732,-91,-251.8851,0.4481,0.8018,0.9948,3629,20393.55,22568.39,-54.69,3161.7,8391.13,-2590.22
14860,3768,-145,-204.0747,0.4694,0.7595,0.9993,4139,20410.91,22542.46,-56.73,3189.6,8402.46,-2620.05
14870,3834,-139,-66.1042,-0.3411,-0.0088,0.992,3993,20427.65,22516.57,-57.4,3244.7,8413.3,-2650.66
14880,3761,-110,2.988,-0.6513,-0.009,1.0209,3576,20444.23,22490.59,-57.37,3185.5,8423.95,-2680.68
14890,3716,-74,-23.7294,-0.628,0.783,1.0019,3963,20461.01,22464.69,-57.61,3146.3,8434.71,-2710.26
14900,3668,-3,-32.6568,0.007,0.8111,0.9948,3990,20478.38,22438.84,-57.94,3105.8,8445.74,-2739.29
14910,3669,61,-39.1347,0.0112,0.8036,1.0175,3655,20494.61,22411.73,-58.33,3105.8,8457.1,-2768.2
14920,3670,80,-91.913,0.4494,0.7907,0.9976,4090,20510.77,22384.08,-59.26,3108.2,8468.31,-2797.2
14930,3704,87,-41.7267,0.4371,0.0141,0.9854,4028,20527.07,22356.4,-59.68,3136.5,8479.31,-2826.58
14940,3771,12,-88.5788,0.0572,-0.0178,1.0017,3854,20543.07,22328.6,-60.57,3192.5,8489.57,-2856.82
14950,3728,-93,-161.4057,-0.6203,0.7155,1.0003,3836,20558.56,22300.48,-62.18,3156.5,8498.23,-2887.17
14960,3681,-186,-245.0278,-0.0189,0.7886,1.0019,4233,20573.56,22271.94,-64.64,3116.9,8504.98,-2917.61
14970,3680,-184,-178.9016,-0.0069,0.799,0.9897,4014,20586.86,22243.04,-66.43,3115.9,8510.59,-2948.27
14980,3682,-127,-100.6535,0.0229,0.7979,0.9965,4021,20598.36,22213.97,-67.44,3116.6,8515.9,-2979.0
14990,3716,-15,26.983,0.44,0.1173,1.0067,3918,20609.99,22185.63,-67.17,3146.4,8521.94,-3009.88
15000,3748,90,112.593,0.4091,-0.011,1.007,4068,20622.08,22157.68,-66.05,3174.4,8529.26,-3040.76
15010,3732,131,83.8576,-0.6427,-0.0058,0.9984,3976,20634.67,22129.95,-65.21,3161.2,8537.42,-3071.3
15020,3685,83,-89.869,-0.6277,0.5947,0.9911,3725,20647.56,22102.23,-66.12,3121.7,8545.15,-3101.54
15030,3638,9,-195.8305,-0.0019,0.8027,0.9807,3912,20660.59,22074.05,-68.08,3080.7,8551.48,-3131.69
15040,3641,-77,-251.6222,0.0177,0.8006,1.0159,4050,20670.97,22044.42,-70.6,3081.0,8555.93,-3162.2
15050,3643,-156,-265.643,0.4574,0.8032,0.9942,4011,20680.41,22013.95,-73.26,3082.4,8558.35,-3192.95
15060,3709,-141,-86.3762,0.442,-0.0007,1.0051,4061,20689.43,21982.93,-74.12,3139.4,8559.91,-3224.33
15070,3742,-111,-2.6294,0.4489,0.0042,1.0143,4143,20698.34,21951.42,-74.15,3167.5,8561.47,-3255.99
15080,3806,-56,15.5539,-0.2382,0.4733,0.9965,3969,20707.59,21919.54,-74.0,3222.9,8563.57,-3288.15
15090,3789,10,-24.6262,-0.0083,0.8053,0.9978,3997,20717.52,21887.47,-74.25,3207.3,8566.2,-3320.12
15100,3788,76,-38.0383,0.0218,0.789,1.0015,4435,20726.37,21854.65,-74.63,3207.0,8569.22,-3352.06
15110,3789,79,-106.445,0.4598,0.7904,1.0001,4037,20734.71,21821.17,-75.7,3208.6,8571.89,-3384.04
15120,3785,63,-64.2929,-0.6268,0.0055,1.0045,4198,20743.15,21787.23,-76.34,3204.9,8573.92,-3416.03
15130,3693,-33,-116.7993,-0.6493,-0.0055,0.991,4316,20751.18,21752.76,-77.51,3126.6,8574.64,-3447.29
15140,3598,-152,-223.1772,-0.0029,0.7896,1.0005,4174,20758.53,21717.67,-79.75,3046.2,8573.49,-3477.74
15150,3595,-201,-241.8621,-0.0135,0.7942,1.0008,3849,20765.34,21682.03,-82.17,3044.9,8570.7,-3508.06
15160,3597,-145,-145.1681,0.0271,0.7878,0.9959,4306,20768.8,21645.44,-83.63,3044.9,8567.3,-3538.34
15170,3632,-27,-13.9583,0.441,0.4141,0.9949,3857,20772.41,21608.62,-83.77,3075.1,8564.4,-3568.95
15180,3698,116,132.0229,0.425,0.0041,1.0023,3940,20776.82,21572.24,-82.45,3132.2,8562.91,-3600.23
15190,3766,142,72.6679,0.4494,0.2435,0.9753,4204,20781.83,21536.55,-81.73,3188.3,8562.19,-3632.12
15200,3799,48,-150.0677,0.4653,0.6632,1.0013,3807,20786.93,21501.47,-83.23,3215.9,8560.53,-3664.26
15210,3863,-45,-227.493,0.4434,0.7253,0.9946,3783,20790.74,21466.9,-85.51,3270.5,8556.98,-3696.77
15220,3926,-141,-251.9605,0.4452,0.7198,0.999,3762,20791.95,21432.73,-88.03,3324.3,8551.19,-3729.51
15230,3988,-166,-146.4432,0.4269,0.1177,1.0143,3859,20792.48,21399.15,-89.5,3377.1,8543.94,-3762.5
15240,4019,-151,-68.2552,0.4468,0.3716,1.0006,4043,20792.69,21366.23,-90.18,3403.2,8536.13,-3795.63
15250,4081,-78,6.507,0.4556,0.3866,0.9913,3958,20792.93,21333.94,-90.12,3454.9,8528.62,-3829.37
15260,4111,19,55.1089,0.4575,0.3712,0.9974,3684,20792.6,21302.25,-89.57,3480.4,8522.05,-3863.55
15270,4170,103,64.4943,0.4588,0.2563,0.9952,4262,20792.9,21271.22,-88.93,3531.0,8516.45,-3898.41
15280,4200,149,65.4824,0.4461,0.0051,1.0027,3981,20793.66,21240.74,-88.28,3556.0,8511.59,-3933.65
15290,4258,127,-1.4057,0.4538,-0.0127,1.0009,3822,20794.58,21210.95,-88.3,3605.4,8506.65,-3969.38
15300,4286,55,-63.837,0.4678,0.0103,0.9893,3881,20795.31,21181.72,-88.94,3629.9,8500.88,-4005.21
15310,4345,-36,-99.9399,0.4651,0.0098,1.0036,4095,20795.6,21153.16,-89.94,3678.4,8493.73,-4041.3
15320,4372,-109,-100.1207,0.1951,-0.0107,0.9992,3910,20795.38,21125.2,-90.94,3702.4,8485.31,-4077.35
15330,4345,-148,-67.6908,-0.644,-0.0036,0.9915,4149,20794.75,21097.84,-91.62,3679.3,8476.08,-4112.98
15340,4307,-143,-16.1158,-0.6389,0.0137,0.9791,4356,20793.93,21071.14,-91.79,3645.4,8466.72,-4148.24
15350,4265,-94,36.9435,-0.6458,-0.0043,1.0037,3705,20793.18,21045.03,-91.42,3611.3,8457.9,-4183.27
15360,4183,-20,76.2778,-0.6333,-0.0074,1.0084,3845,20792.71,21019.52,-90.66,3541.9,8450.19,-4217.84
15370,4142,54,92.1566,-0.6115,-0.0003,0.9954,4084,20792.62,20994.69,-89.74,3506.7,8443.66,-4252.3
15380,4100,108,83.6,-0.6309,0.0086,1.0003,4159,20792.91,20970.46,-88.91,3471.2,8438.18,-4286.58
15390,4057,139,55.1683,-0.6374,-0.0016,0.9982,4225,20793.48,20946.83,-88.36,3435.3,8433.43,-4320.61
15400,4015,132,16.0238,-0.6214,0.0183,0.9966,4299,20794.19,20923.81,-88.2,3399.0,8428.91,-4354.32
15410,3973,99,-23.8894,-0.6468,0.0007,1.0118,3765,20794.86,20901.41,-88.44,3362.3,8424.14,-4387.63
15420,3883,49,-55.7478,-0.6318,0.0093,1.0134,4073,20795.35,20879.53,-89.01,3287.7,8418.88,-4420.09
15430,3837,-10,-74.337,-0.6224,0.0049,1.0042,4034,20795.59,20858.19,-89.75,3249.8,8412.83,-4452.01
15440,3792,-63,-77.1659,-0.6229,0.019,1.002,4100,20795.54,20837.45,-90.52,3211.4,8406.0,-4483.38
15450,3747,-104,-65.5738,-0.6565,-0.0125,0.9764,3952,20795.23,20817.32,-91.18,3172.6,8398.52,-4514.22
15460,3702,-121,-43.9142,-0.6392,0.0054,0.9895,3989,20794.75,20797.81,-91.62,3133.3,8390.68,-4544.58
15470,3653,-121,-17.0184,-0.6324,0.0113,1.0077,4293,20794.17,20778.87,-91.8,3093.4,8382.76,-4574.49
15480,3606,-103,10.8021,-0.6271,-0.007,1.0109,3915,20793.59,20760.01,-91.69,3053.1,8375.06,-4604.05
15490,3606,-69,37.9721,-0.6226,0.0087,1.0053,4245,20793.08,20740.69,-91.31,3053.1,8367.74,-4633.7
15500,3557,-21,60.8551,-0.6432,-0.0029,1.0029,3976,20792.72,20720.94,-90.71,3012.2,8361.15,-4663.09
15510,3510,26,72.4084,-0.6312,-0.0038,1.0002,3894,20792.6,20701.27,-89.99,2970.7,8355.37,-4692.24
15520,3460,69,70.2275,-0.6317,-0.0029,1.0066,4156,20792.72,20682.22,-89.29,2928.7,8350.39,-4721.11
15530,3409,99,58.7698,-0.6393,-0.0074,0.9869,4016,20793.06,20663.28,-88.71,2886.1,8346.06,-4749.65
15540,3359,112,39.0492,-0.6325,0.0013,0.9976,4100,20793.57,20643.96,-88.32,2842.8,8342.17,-4777.84
15550,3305,108,11.8427,-0.6398,-0.0088,1.0067,3670,20794.18,20624.21,-88.2,2798.8,8338.46,-4805.59
15560,3254,82,-18.6507,-0.6377,0.0012,0.9958,4022,20794.78,20604.31,-88.39,2754.2,8334.61,-4832.88
15570,3199,48,-45.2002,-0.6265,0.0097,1.0021,4101,20795.25,20584.76,-88.85,2708.8,8330.43,-4859.64
15580,3144,5,-62.1312,-0.6284,0.0152,1.0033,3723,20795.54,20565.81,-89.47,2662.6,8325.73,-4885.84
15590,3090,-35,-69.5832,-0.6452,0.0124,1.0179,4260,20795.6,20547.08,-90.17,2615.6,8320.5,-4911.48
15600,3034,-70,-67.8428,-0.6361,0.004,0.9897,3811,20795.42,20528.07,-90.85,2567.8,8314.77,-4936.52
15610,2974,-102,-79.7332,-0.6385,0.1056,0.9921,4256,20795.04,20508.63,-91.65,2519.0,8308.58,-4960.94
15620,2919,-134,-125.6141,-0.6504,0.515,0.9931,3697,20794.48,20488.74,-92.91,2469.3,8301.85,-4984.73
15630,2858,-125,-96.877,-0.627,0.4874,1.0184,3805,20793.85,20468.62,-93.88,2418.5,8294.83,-5007.9
15640,2795,-97,-65.6895,-0.6137,0.4649,0.9947,3747,20792.75,20448.57,-94.54,2366.7,8287.82,-5030.51
15650,2734,-61,-39.6193,-0.6377,0.4264,0.9942,4030,20790.35,20428.53,-94.94,2313.7,8281.02,-5052.64
15660,2669,-19,-22.9457,-0.6455,0.4298,1.0036,4025,20788.15,20408.3,-95.18,2259.5,8274.58,-5074.3
15670,2603,-20,-121.3369,-0.3931,0.7891,0.9909,4026,20786.24,20388.26,-96.39,2204.0,8268.13,-5095.37
15680,2561,6,-122.3694,-0.6477,0.7879,0.9836,3908,20784.62,20368.71,-97.62,2168.5,8261.56,-5116.04
15690,2495,19,-137.4083,-0.6406,0.7531,1.0031,3578,20783.22,20349.72,-98.99,2111.8,8254.84,-5136.08
15700,2422,16,-159.6339,-0.637,0.7273,1.005,3985,20779.76,20331.43,-100.59,2052.2,8247.83,-5155.36
15710,2352,2,-188.5084,-0.6411,0.6643,0.99,4314,20774.8,20313.24,-102.48,1990.9,8240.4,-5173.85
15720,2276,-27,-219.6348,-0.6503,0.6336,1.0049,4051,20769.64,20294.61,-104.68,1927.6,8232.42,-5191.39
15730,2199,-87,-315.1631,0.4385,0.8008,0.9859,4242,20764.2,20275.6,-107.84,1862.1,8223.62,-5207.8
15740,2255,-93,-253.1306,0.4489,0.586,0.9827,3919,20758.51,20256.57,-110.37,1909.1,8213.65,-5224.08
15750,2309,-120,-249.5684,0.437,0.6103,1.0087,4013,20752.7,20237.98,-112.87,1955.0,8202.52,-5240.15
15760,2359,-140,-233.4825,-0.6389,0.6614,0.9975,4022,20744.1,20221.04,-115.21,1997.6,8190.32,-5255.97
15770,2285,-144,-213.9837,-0.6572,0.5989,0.9908,4059,20734.69,20204.4,-117.35,1934.6,8177.85,-5270.78
15780,2208,-149,-212.867,0.4438,0.8033,0.9726,3808,20725.01,20187.48,-119.48,1869.4,8165.23,-5284.58
15790,2263,-148,-223.9879,0.434,0.6534,0.9944,3929,20715.28,20170.46,-121.72,1916.2,8151.79,-5298.25
15800,2316,-101,-139.4424,0.4472,0.6468,1.005,3810,20705.81,20153.7,-123.12,1961.8,8137.81,-5312.01
15810,2371,-70,-117.1017,-0.3043,0.6876,0.9947,4354,20696.77,20137.35,-124.3,2006.5,8123.35,-5325.94
15820,2335,-37,-107.4964,-0.6409,0.6516,1.0127,3845,20684.88,20122.98,-125.37,1976.7,8109.03,-5339.56
15830,2336,-9,-111.1264,-0.6423,0.6622,1.0133,4180,20672.89,20108.14,-126.49,1976.7,8094.61,-5353.1
15840,2259,-13,-178.5029,-0.6167,0.6116,0.9931,4173,20660.78,20092.79,-128.27,1913.0,8080.38,-5365.89
15850,2181,1,-171.0771,0.4419,0.7982,0.9961,4080,20648.6,20077.08,-129.99,1847.0,8066.35,-5377.91
15860,2237,6,-174.5809,0.4394,0.593,0.9995,4298,20636.59,20061.47,-131.74,1894.4,8051.62,-5389.83
15870,2292,-11,-197.9457,0.4536,0.6172,0.9881,3661,20624.32,20046.92,-133.72,1940.6,8036.06,-5401.44
15880,2344,-36,-221.0277,0.4508,0.6484,1.0085,3610,20610.01,20034.52,-135.93,1985.7,8019.62,-5412.56
15890,2397,-69,-242.714,-0.2538,0.685,1.0007,3787,20595.28,20021.99,-138.36,2029.8,8002.23,-5423.02
15900,2368,-134,-329.8797,0.0081,0.7798,0.9866,3931,20580.02,20009.34,-141.66,2006.0,7984.36,-5432.11
15910,2368,-137,-260.083,0.442,0.7998,0.9986,4268,20564.29,19996.63,-144.27,2005.4,7965.99,-5440.16
15920,2420,-155,-243.6888,-0.1454,0.7027,1.0032,3926,20548.4,19984.08,-146.71,2049.1,7946.81,-5447.39
15930,2404,-156,-215.1266,-0.6477,0.6891,0.9823,4296,20531.43,19973.54,-148.86,2035.0,7927.47,-5453.76
15940,2331,-140,-185.6679,-0.6335,0.6379,1.0039,4075,20513.28,19964.49,-150.72,1973.1,7908.53,-5459.35
15950,2255,-113,-155.7787,-0.624,0.6146,1.0138,3944,20495.02,19955.3,-152.28,1909.2,7890.11,-5464.37
15960,2177,-105,-205.0056,0.4736,0.7915,1.0061,3881,20477.12,19946.1,-154.34,1843.1,7872.21,-5468.77
15970,2234,-44,-111.9929,0.4506,0.6035,0.9699,4276,20459.85,19936.97,-155.46,1890.6,7853.81,-5473.15
15980,2288,-16,-107.6574,0.4422,0.6289,1.0224,4185,20443.23,19927.92,-156.54,1936.9,7834.93,-5477.5
15990,2341,7,-116.6257,0.1698,0.6874,0.9943,3947,20425.55,19921.84,-157.71,1982.1,7815.57,-5481.78
16000,2362,17,-137.7282,-0.6522,0.6528,1.0091,3765,20407.48,19915.79,-159.09,1998.3,7795.96,-5485.76
16010,2285,-2,-201.7443,-0.6264,0.6458,1.0164,3917,20388.99,19909.5,-161.11,1935.2,7776.88,-5489.01
16020,2210,-26,-237.6775,0.4583,0.786,1.0004,4100,20370.18,19903.1,-163.49,1870.0,7758.31,-5491.31
16030,2265,-36,-225.3558,0.4432,0.6183,0.9944,4192,20351.43,19896.84,-165.75,1916.8,7739.18,-5492.78
16040,2320,-65,-239.4354,0.1152,0.647,0.9983,3819,20333.01,19891.37,-168.15,1962.5,7719.54,-5493.26
16050,2331,-94,-245.4722,-0.6289,0.6436,0.9973,3521,20314.18,19889.33,-170.6,1973.0,7699.82,-5492.66
16060,2256,-123,-246.2291,-0.6479,0.6095,1.0052,3982,20295.11,19887.5,-173.07,1909.1,7680.78,-5491.02
16070,2176,-170,-316.4954,0.4584,0.7824,1.0051,4162,20275.63,19885.86,-176.24,1843.1,7662.57,-5488.24
16080,2232,-148,-222.4263,0.4373,0.6053,1.0075,4107,20256.12,19884.37,-178.46,1890.5,7644.02,-5484.58
16090,2287,-142,-190.894,0.4221,0.6231,1.0078,3486,20237.04,19882.99,-180.38,1936.8,7625.16,-5480.15
16100,2341,-125,-159.6716,0.146,0.6777,0.9972,3502,20218.4,19882.77,178.03,1982.0,7605.97,-5475.15
16110,2359,-97,-135.9569,-0.651,0.6641,1.0199,3989,20199.69,19885.06,176.66,1997.0,7586.72,-5469.81
16120,2285,-65,-120.6339,-0.627,0.6502,1.0119,3852,20180.55,19887.21,175.45,1933.9,7568.13,-5464.45
16130,2208,-58,-182.437,0.4446,0.7889,0.9851,4221,20161.05,19889.17,173.63,1868.7,7550.27,-5458.93
16140,2261,-4,-108.9115,0.4344,0.5856,0.9915,4079,20141.4,19890.88,172.53,1915.5,7532.02,-5453.15
16150,2316,16,-122.5147,0.4465,0.617,1.005,4180,20122.09,19892.36,171.31,1961.2,7513.38,-5447.03
16160,2371,20,-142.2208,0.44,0.6625,1.0082,4382,20103.59,19895.39,169.88,2005.8,7494.44,-5440.36
16170,2420,12,-168.5553,-0.5704,0.6867,0.9835,4119,20085.43,19900.15,168.19,2049.5,7475.31,-5433.0
16180,2355,-14,-200.268,0.1121,0.8021,1.0066,4034,20066.81,19905.07,166.19,1995.0,7457.0,-5425.09
16190,2370,-74,-311.0741,0.4521,0.7951,0.9924,3831,20047.75,19910.25,163.07,2006.9,7439.1,-5416.0
16200,2422,-84,-259.0956,-0.0846,0.7173,1.0066,3788,20028.49,19915.71,160.48,2050.6,7421.39,-5405.67
16210,2415,-116,-261.539,-0.646,0.7214,0.9991,4319,20009.53,19921.34,157.86,2044.0,7404.36,-5394.35
16220,2411,-142,-253.2161,-0.6339,0.7133,1.0081,4218,19991.85,19929.88,155.32,2044.0,7388.01,-5382.12
16230,2266,-151,-239.5142,-0.6354,0.6141,1.0059,4213,19974.26,19939.72,152.93,1918.8,7373.23,-5369.87
16240,2191,-157,-243.3287,0.4479,0.7924,1.0072,4025,19956.46,19949.83,150.49,1853.0,7359.5,-5357.39
16250,2245,-149,-219.9708,0.4405,0.5839,0.9786,4111,19938.89,19959.84,148.29,1900.2,7345.91,-5344.08
16260,2298,-103,-141.3407,0.4319,0.6151,0.9989,4086,19921.83,19969.44,146.87,1946.3,7332.25,-5330.23
16270,2298,-71,-116.4999,0.4445,0.6255,0.9883,3919,19905.46,19978.91,145.7,1946.3,7318.72,-5316.24
16280,2350,-39,-105.0152,0.0046,0.6449,0.9969,3988,19890.86,19990.87,144.65,1991.3,7304.99,-5301.85
16290,2352,-12,-106.7623,-0.6417,0.6666,0.9972,4015,19875.8,20002.89,143.58,1991.8,7291.33,-5287.35
16300,2277,-21,-198.6126,-0.6394,0.6377,0.9968,4199,19860.25,20015.0,141.59,1928.5,7278.45,-5273.0
16310,2201,9,-152.2872,0.4345,0.7904,0.9879,4055,19844.32,20027.19,140.06,1863.1,7266.27,-5258.89
16320,2255,3,-180.589,0.4411,0.6249,1.0028,4081,19828.44,20039.22,138.25,1910.1,7254.23,-5244.06
16330,2310,-11,-204.8127,0.1828,0.6478,1.0031,3926,19814.07,20052.01,136.2,1955.9,7242.5,-5228.4
16340,2332,-38,-228.3316,-0.6253,0.6581,0.9927,4335,19801.52,20066.46,133.91,1975.4,7231.42,-5212.05
16350,2257,-74,-250.477,-0.6378,0.6332,0.9755,3957,19788.88,20081.31,131.41,1911.6,7221.6,-5195.65
16360,2182,-133,-333.089,0.4537,0.7892,0.9968,3489,19776.17,20096.6,128.07,1845.6,7213.25,-5179.17
16370,2237,-130,-250.6121,0.4346,0.6103,0.9941,4021,19763.74,20111.97,125.56,1893.0,7205.65,-5161.82
16380,2291,-144,-229.3324,0.4677,0.6033,1.005,3877,19751.82,20127.03,123.27,1939.2,7198.75,-5143.69
16390,2344,-149,-203.8152,-0.0191,0.6579,0.9948,4222,19742.04,20143.22,121.22,1984.4,7192.45,-5124.86
16400,2342,-140,-178.487,-0.6506,0.6477,1.0048,4036,19733.37,20160.43,119.44,1982.2,7186.75,-5105.85
16410,2267,-117,-152.8846,-0.6292,0.6229,1.0145,3966,19724.47,20177.98,117.91,1918.6,7181.64,-5087.35
16420,2187,-114,-208.2912,0.4688,0.7777,1.0034,3963,19715.27,20195.8,115.82,1852.9,7177.19,-5069.37
16430,2244,-54,-122.9079,0.4457,0.6002,0.9911,4090,19705.67,20213.91,114.59,1900.1,7172.77,-5050.89
16440,2299,-25,-121.8699,0.4612,0.6318,1.0144,4337,19695.64,20232.29,113.37,1946.1,7168.41,-5031.92
16450,2353,1,-135.2758,0.1417,0.6884,0.9973,4185,19689.03,20252.6,112.01,1991.1,7164.16,-5012.45
16460,2369,9,-162.9327,-0.6307,0.6832,1.0066,3607,19682.06,20273.29,110.38,2004.7,7160.28,-4992.77
16470,2294,-31,-276.4376,0.441,0.8073,0.998,3779,19674.84,20294.39,107.61,1941.9,7157.42,-4973.55
16480,2399,-26,-236.7416,0.2509,0.6801,0.9937,3949,19667.49,20316.0,105.24,2031.0,7155.37,-4953.33
16490,2429,-66,-276.256,-0.6467,0.6822,0.9845,4331,19660.22,20338.14,102.47,2056.5,7154.5,-4932.78
16500,2357,-112,-301.6991,-0.651,0.6493,0.9898,4066,19657.49,20361.69,99.45,1995.3,7155.01,-4912.83
16510,2282,-148,-306.3284,-0.6365,0.6097,0.9848,3851,19655.08,20385.72,96.39,1932.2,7156.82,-4893.59
16520,2206,-196,-367.4075,0.4479,0.7976,0.9963,4070,19652.96,20410.21,92.71,1866.9,7159.98,-4875.18
16530,2314,-170,-265.9819,0.4553,0.6505,1.0048,3916,19651.01,20435.09,90.05,1959.5,7164.27,-4856.05
16540,2367,-148,-220.8338,0.1305,0.6853,0.9926,4000,19651.16,20460.23,87.84,2004.2,7169.34,-4836.66
16550,2381,-104,-178.2498,-0.6511,0.7014,1.0117,4072,19654.09,20485.51,86.05,2015.7,7174.82,-4817.25
16560,2306,-84,-229.7775,-0.6415,0.7022,1.0024,4105,19656.69,20511.09,83.75,1953.2,7180.56,-4798.59
16570,2284,-17,-146.6754,0.4354,0.6024,0.9752,3785,19658.88,20537.03,82.28,1935.0,7186.44,-4780.17
16580,2338,1,-173.078,0.1646,0.6642,1.0118,3515,19661.08,20562.75,80.55,1980.2,7192.8,-4761.41
16590,2360,-8,-217.3362,-0.6494,0.6601,0.9803,4124,19667.57,20587.56,78.37,1998.3,7199.88,-4742.72
16600,2207,-45,-278.3534,0.4522,0.7906,1.0103,3870,19674.1,20612.42,75.59,1870.1,7207.42,-4725.61
16610,2264,-109,-373.4522,0.4451,0.6105,1.0009,3966,19680.89,20637.34,71.85,1916.9,7216.51,-4708.73
16620,2319,-134,-339.5072,0.4534,0.6386,0.9921,3715,19688.13,20662.42,68.45,1962.6,7227.09,-4692.2
16630,2371,-171,-334.379,0.434,0.6893,1.0039,3915,19699.25,20685.96,65.1,2007.2,7239.15,-4676.14
16640,2472,-182,-295.6915,0.449,0.7137,0.9885,4045,19711.66,20708.33,62.14,2093.6,7252.72,-4660.2
16650,2523,-144,-177.1022,0.4442,0.5076,1.0022,4164,19724.09,20730.4,60.37,2135.5,7267.1,-4644.39
16660,2571,-60,6.3155,0.4446,0.1032,1.0043,4173,19736.45,20752.47,60.43,2176.6,7281.62,-4628.16
16670,2666,-14,44.7331,0.4321,0.1202,0.9994,3805,19748.79,20774.57,60.88,2256.5,7296.32,-4611.03
16680,2711,38,62.6725,0.4571,0.1202,0.9959,4200,19761.28,20796.82,61.5,2295.4,7310.79,-4593.21
16690,2756,76,53.9788,0.448,0.1174,0.9864,4018,19773.38,20819.21,62.04,2333.7,7325.04,-4574.73
16700,2800,103,52.5508,0.475,0.0199,0.991,3997,19784.97,20841.31,62.56,2371.3,7339.18,-4555.69
16710,2888,129,107.3949,0.4515,0.73,1.0059,3854,19796.27,20863.14,63.63,2444.9,7353.37,-4535.76
16720,2929,119,133.0804,0.456,0.7505,1.0383,4247,19807.58,20884.87,64.96,2480.8,7367.43,-4515.33
16730,2971,70,97.4133,0.2395,0.7835,0.9947,3859,19818.67,20906.67,65.93,2516.3,7381.6,-4494.54
16740,2994,16,80.981,0.0197,0.8057,1.0128,4005,19827.32,20929.73,66.73,2534.4,7395.91,-4473.62
16750,3037,-28,88.9893,0.4433,0.7106,0.995,4059,19836.48,20952.99,67.62,2570.7,7410.43,-4452.39
16760,3079,-92,-7.7751,0.1947,0.0023,0.9941,4069,19846.13,20976.62,67.54,2604.9,7425.37,-4431.01
16770,3095,-76,50.6471,-0.6426,0.2857,1.0066,3916,19856.09,21000.6,68.04,2619.9,7440.24,-4409.42
16780,3040,10,222.0934,-0.0133,0.8169,1.0043,4052,19866.14,21025.03,70.26,2572.1,7453.86,-4387.57
16790,3033,74,267.2852,0.0004,0.7962,1.0212,4039,19875.83,21050.12,72.93,2568.7,7466.06,-4364.97
16800,3036,135,287.0466,0.0325,0.8167,0.9979,3896,19881.81,21076.79,75.8,2569.2,7476.72,-4341.58
16810,3076,175,273.6556,0.295,0.5575,1.0043,3940,19887.42,21103.96,78.53,2605.4,7486.02,-4317.25
16820,3103,118,61.5389,-0.6482,-0.0165,1.0023,4079,19892.74,21131.3,79.14,2627.9,7494.97,-4292.53
16830,3048,124,103.3766,-0.6313,0.4689,1.0039,4044,19897.99,21158.58,80.17,2580.3,7503.39,-4268.13
16840,2989,93,123.5057,-0.004,0.803,1.0135,3744,19903.46,21185.77,81.41,2529.6,7511.42,-4244.13
16850,2986,28,94.7391,-0.0072,0.7875,1.0003,3894,19907.47,21213.21,82.35,2528.9,7519.49,-4220.17
16860,2989,-22,98.7598,0.0194,0.8184,1.0046,3953,19909.84,21241.08,83.34,2529.8,7527.56,-4196.18
16870,3032,-63,71.8623,-0.1638,0.3531,1.0016,3886,19912.58,21268.63,84.05,2566.9,7535.68,-4171.81
16880,3018,-94,-1.6654,-0.6372,-0.0127,0.9867,3806,19915.47,21296.01,84.03,2554.3,7543.81,-4147.57
16890,2900,26,234.7646,-0.033,0.7957,0.9969,4336,19918.25,21323.42,86.38,2455.3,7550.43,-4123.92
16900,2897,94,297.0016,-0.0123,0.8012,0.9892,3719,19920.68,21350.96,89.34,2453.0,7555.43,-4099.91
16910,2896,150,310.9972,0.0097,0.7967,0.9905,4214,19919.45,21378.83,92.45,2452.4,7558.7,-4075.61
16920,2901,185,291.0656,0.4591,0.8068,1.0081,3885,19916.58,21407.04,95.36,2456.2,7560.38,-4051.1
16930,2943,135,111.6054,0.4524,0.2954,1.0079,3825,19913.44,21435.12,96.47,2492.0,7561.46,-4026.19
16940,3028,97,47.9982,0.4484,0.6787,0.994,4323,19910.32,21463.09,96.95,2562.1,7562.51,-4000.56
16950,3066,66,81.2929,0.46,0.7104,0.9823,3944,19907.49,21491.06,97.76,2596.4,7563.57,-3974.63
16960,3107,2,59.346,0.4446,0.7097,1.0033,4143,19903.9,21519.01,98.35,2630.3,7564.86,-3948.35
16970,3184,-47,72.7556,0.4487,0.7431,1.0128,3903,19898.63,21546.82,99.07,2696.8,7566.28,-3921.42
16980,3223,-69,77.2436,0.4426,0.7099,1.0206,4416,19893.75,21574.4,99.84,2729.5,7567.55,-3894.15
16990,3299,-78,46.0497,-0.2014,0.5058,0.9999,4254,19888.97,21601.91,100.3,2793.6,7568.58,-3866.23
17000,3285,27,229.0104,-0.0387,0.8067,1.0037,4230,19883.99,21629.41,102.59,2779.4,7568.19,-3838.41
17010,3281,95,260.2843,0.0011,0.7949,1.0033,3720,19878.46,21656.62,105.19,2777.9,7566.06,-3810.72
17020,3282,150,254.4004,0.023,0.805,0.9982,4080,19869.59,21682.3,107.73,2778.2,7562.22,-3783.19
17030,3283,172,219.0809,0.4551,0.806,0.9921,3702,19860.54,21707.27,109.92,2780.0,7557.04,-3755.87
17040,3321,120,45.3573,-0.1869,0.2942,0.9918,3911,19851.53,21731.61,110.37,2811.7,7551.48,-3728.3
17050,3254,111,73.233,-0.033,0.7982,1.0218,3943,19842.79,21755.31,111.1,2753.7,7545.84,-3701.32
17060,3251,71,74.8253,-0.0136,0.8009,0.9969,3741,19834.49,21778.47,111.84,2751.6,7540.18,-3674.38
17070,3250,11,54.3434,0.0082,0.7809,1.0007,4092,19825.96,21800.87,112.38,2750.7,7534.71,-3647.41
17080,3249,-35,56.2016,0.0145,0.8072,0.9892,4266,19816.03,21822.06,112.94,2750.9,7529.35,-3620.43
17090,3250,-60,76.2926,0.4542,0.791,0.9987,3842,19806.62,21842.82,113.7,2752.4,7523.91,-3593.44
17100,3327,-99,17.8769,0.4581,0.0041,0.9996,4291,19797.6,21863.1,113.88,2816.0,7518.38,-3565.81
17110,3363,-75,58.2253,-0.4691,0.6237,1.0138,4211,19788.86,21882.81,114.46,2847.3,7512.42,-3537.95
17120,3325,-9,163.4641,-0.0275,0.7745,0.9973,3800,19780.26,21901.93,116.09,2815.8,7505.53,-3510.65
17130,3323,34,180.9511,0.009,0.7934,1.0126,4228,19771.73,21920.42,117.89,2814.5,7497.49,-3483.69
17140,3325,80,185.9514,0.0063,0.7842,1.0102,3798,19762.27,21937.81,119.75,2814.2,7488.23,-3457.1
17150,3326,118,182.9355,0.0045,0.7937,1.0054,3741,19751.47,21954.44,121.58,2815.1,7477.81,-3430.94
17160,3326,149,171.1832,0.451,0.821,1.0037,4366,19740.24,21971.32,123.28,2817.0,7466.33,-3405.21
17170,3365,137,93.6448,-0.1616,0.176,1.0038,3834,19728.71,21988.36,124.22,2848.3,7454.17,-3379.43
17180,3350,106,9.6969,-0.6359,0.2765,1.008,3971,19717.27,22005.17,124.31,2836.9,7442.02,-3353.79
17190,3299,115,83.1565,-0.0345,0.7945,0.9925,4107,19706.16,22021.59,125.14,2792.8,7429.82,-3328.65
17200,3295,73,58.7797,-0.0171,0.7849,0.989,4074,19695.18,22038.09,125.72,2791.0,7417.63,-3303.56
17210,3296,25,44.5216,0.0035,0.7831,0.9955,4216,19684.0,22054.94,126.17,2790.3,7405.56,-3278.39
17220,3297,-19,42.1154,-0.0272,0.7864,1.0146,4265,19671.1,22070.79,126.58,2790.7,7393.64,-3253.15
17230,3293,-52,51.819,-0.627,0.803,1.013,3832,19658.59,22086.56,127.1,2787.7,7381.78,-3227.91
17240,3239,-73,59.8006,-0.6397,0.4795,0.9937,4227,19646.6,22101.98,127.69,2742.8,7370.05,-3203.11
17250,3186,-106,-13.9269,-0.6388,0.0158,0.9902,3959,19634.98,22117.06,127.55,2697.2,7358.62,-3178.66
17260,3131,-60,77.6951,-0.6427,0.6723,0.9946,3926,19623.37,22132.14,128.33,2650.9,7346.99,-3154.83
17270,3076,-10,153.4107,-0.6257,0.6976,0.996,3862,19611.4,22147.53,129.86,2603.7,7334.79,-3131.82
17280,3019,34,178.0088,-0.6389,0.6717,1.0143,4006,19599.01,22163.16,131.64,2555.6,7321.87,-3109.76
17290,2961,78,191.462,-0.6529,0.6318,0.9891,4129,19585.31,22177.99,133.55,2506.6,7308.22,-3088.73
17300,2901,113,186.8637,-0.6494,0.6037,0.985,4328,19570.76,22191.68,135.41,2456.7,7293.92,-3068.76
17310,2841,129,167.5467,-0.6363,0.5846,0.9853,4312,19556.47,22204.82,137.09,2405.7,7279.18,-3049.74
17320,2779,116,91.1046,-0.6195,0.0546,1.0148,4150,19542.14,22217.78,137.99,2353.5,7264.36,-3031.45
17330,2716,88,10.8329,-0.6222,0.3764,0.9886,3990,19527.45,22231.0,138.1,2300.3,7249.82,-3013.62
17340,2654,118,130.4985,-0.6497,0.6993,0.9859,3454,19512.64,22244.36,139.4,2245.7,7235.3,-2996.46
17350,2585,84,103.2334,-0.6273,0.6737,0.9893,4003,19498.16,22257.6,140.43,2189.8,7221.0,-2979.89
17360,2586,46,83.945,-0.6451,0.6778,1.0033,4076,19484.3,22270.55,141.27,2189.8,7206.65,-2963.35
17370,2518,13,77.9514,-0.6434,0.6223,1.0153,3896,19468.77,22281.29,142.04,2132.4,7192.66,-2947.27
17380,2448,-13,85.1778,-0.6643,0.6069,0.9994,3763,19452.97,22292.36,142.89,2073.5,7179.0,-2931.67
17390,2377,-9,149.6012,-0.6605,0.5554,1.0053,3964,19436.92,22303.86,144.39,2012.8,7165.48,-2916.75
17400,2303,-8,172.5882,0.4474,0.7849,0.99,3937,19420.74,22315.63,146.11,1950.2,7152.01,-2902.64
17410,2358,-4,181.432,0.4306,0.6274,0.9992,3850,19404.76,22327.29,147.92,1995.1,7137.76,-2888.65
17420,2407,17,204.0789,0.3982,0.653,0.9906,4063,19388.83,22337.9,149.96,2039.0,7122.63,-2874.99
17430,2454,46,224.1915,-0.632,0.6816,0.9871,4169,19371.6,22345.87,152.2,2076.8,7106.55,-2861.83
17440,2382,83,241.2258,-0.6366,0.6387,0.9802,3873,19353.97,22353.79,154.61,2016.2,7090.27,-2849.92
17450,2307,144,325.3032,0.4604,0.7959,0.9911,4282,19335.81,22361.67,157.86,1953.7,7073.74,-2839.51
17460,2360,142,253.3489,0.429,0.7364,1.0035,4252,19317.25,22369.45,160.39,1998.5,7056.27,-2829.8
17470,2412,156,232.234,0.1994,0.6991,1.0107,3856,19298.7,22377.02,162.71,2042.4,7037.95,-2820.76
17480,2433,152,202.5701,-0.6286,0.7148,1.0064,3772,19279.64,22382.54,164.73,2061.7,7019.14,-2812.35
17490,2364,131,173.7516,-0.6609,0.6605,0.9944,3604,19259.75,22386.28,166.46,2000.6,7000.64,-2804.67
17500,2289,101,146.3973,-0.645,0.6387,1.003,4458,19239.61,22390.19,167.92,1937.7,6982.61,-2797.56
17510,2212,90,192.3951,0.4435,0.8061,1.0051,4219,19219.66,22394.27,169.84,1872.6,6965.04,-2791.07
17520,2266,29,112.1491,0.4253,0.6332,0.9886,4227,19200.27,22398.49,170.96,1919.3,6947.01,-2784.52
17530,2320,5,112.8256,0.4558,0.6523,0.995,4162,19181.53,22402.81,172.09,1964.9,6928.48,-2777.98
17540,2375,-13,126.1591,0.2423,0.6598,1.0173,4321,19162.62,22404.01,173.34,2009.5,6909.43,-2771.54
17550,2402,-18,150.8945,-0.6394,0.6843,0.9854,3964,19143.38,22404.95,174.85,2032.2,6890.03,-2765.41
17560,2328,10,222.5956,-0.648,0.6928,1.0078,4053,19123.66,22405.97,177.07,1970.2,6871.01,-2760.21
17570,2251,36,253.1813,0.456,0.7935,0.9962,4032,19103.62,22406.96,-180.4,1906.3,6852.39,-2756.09
17580,2306,50,240.0313,0.4411,0.624,1.0293,4044,19083.73,22407.8,-178.0,1952.2,6833.13,-2752.85
17590,2358,80,249.2973,0.0271,0.6718,0.9953,4249,19064.42,22407.73,-175.51,1997.0,6813.29,-2750.62
17600,2358,110,249.6832,-0.6548,0.6626,0.9993,3958,19045.66,22404.38,-173.02,1997.4,6793.36,-2749.52
17610,2285,134,244.6089,-0.6335,0.6047,0.9991,3757,19026.75,22400.76,-170.57,1934.3,6774.01,-2749.49
17620,2208,171,300.8128,0.425,0.817,1.0142,4246,19007.51,22396.89,-167.57,1869.1,6755.34,-2750.6
17630,2264,146,201.63,0.4499,0.6115,1.0225,4044,18988.29,22392.89,-165.55,1915.9,6736.26,-2752.5
17640,2318,132,169.1438,0.4459,0.6296,1.0183,4282,18969.51,22388.96,-163.87,1961.6,6716.78,-2754.98
17650,2371,108,139.1133,-0.0766,0.6719,1.0053,4030,18951.47,22383.97,-162.48,2006.2,6696.91,-2757.89
17660,2364,79,118.5405,-0.6492,0.6354,0.9914,3905,18933.97,22376.84,-161.29,2000.0,6677.14,-2761.02
17670,2289,44,107.7549,-0.645,0.6262,0.9911,4104,18916.0,22369.75,-160.22,1937.1,6658.02,-2764.15
17680,2213,44,179.7242,0.4353,0.7858,0.9917,3756,18897.59,22362.76,-158.43,1871.9,6639.59,-2767.55
17690,2265,-3,122.3477,0.4485,0.6247,1.0162,4285,18878.93,22355.94,-157.21,1918.7,6620.76,-2771.21
17700,2320,-16,141.3366,0.4676,0.641,1.0151,4182,18860.5,22349.39,-155.79,1964.3,6601.54,-2775.28
17710,2372,-14,164.1615,0.1988,0.6692,1.0136,4253,18843.42,22341.19,-154.16,2008.9,6582.0,-2779.97
17720,2394,1,192.1627,-0.6458,0.7063,1.0236,3906,18827.04,22331.55,-152.24,2028.7,6562.46,-2785.4
17730,2323,34,222.8942,0.4532,0.8127,1.0026,3861,18810.29,22321.58,-150.01,1966.7,6543.78,-2791.56
17740,2375,94,318.9705,0.4571,0.7787,1.0059,4013,18793.21,22311.21,-146.82,2011.2,6525.14,-2799.1
17750,2427,105,263.7784,0.0994,0.6866,0.9867,4411,18775.94,22300.42,-144.19,2054.8,6506.58,-2807.93
17760,2440,134,261.0447,-0.6278,0.7014,1.0036,3982,18758.88,22289.45,-141.58,2066.4,6488.47,-2817.87
17770,2369,151,245.776,-0.6479,0.6555,1.0026,3946,18744.08,22275.58,-139.13,2005.5,6471.41,-2828.44
17780,2296,153,224.3641,-0.6447,0.6252,0.9992,3919,18729.39,22260.91,-136.89,1942.6,6455.35,-2839.4
17790,2216,164,260.9777,0.4571,0.8175,0.9962,4080,18714.46,22245.91,-134.28,1877.7,6440.34,-2850.68
17800,2273,116,167.2973,0.4549,0.615,0.9842,4104,18699.2,22230.69,-132.61,1924.3,6425.22,-2862.59
17810,2326,81,139.0901,0.4593,0.6458,1.0199,3750,18683.51,22215.31,-131.22,1969.8,6409.91,-2874.98
17820,2378,43,126.1063,-0.1395,0.6688,0.9848,3861,18669.24,22198.16,-129.96,2014.3,6394.36,-2887.77
17830,2365,11,130.1392,-0.637,0.6568,0.9908,3958,18655.8,22179.69,-128.67,2001.4,6379.0,-2900.62
17840,2291,23,224.5342,-0.6195,0.6594,0.9999,3973,18641.84,22161.05,-126.42,1938.4,6364.48,-2913.49
17850,2268,3,200.3096,0.4309,0.6194,0.9931,3964,18627.43,22142.11,-124.42,1920.1,6350.49,-2926.66
17860,2323,24,245.1594,0.1819,0.6372,1.0049,3978,18612.71,22122.8,-121.97,1965.7,6336.79,-2940.78
17870,2340,64,285.8209,-0.6469,0.666,0.9989,3867,18601.5,22101.43,-119.12,1981.9,6323.88,-2955.81
17880,2266,106,306.926,-0.6239,0.6067,0.9883,4204,18591.42,22079.77,-116.05,1918.3,6312.4,-2971.18
17890,2188,166,382.2922,0.4415,0.7917,1.003,4074,18581.71,22058.06,-112.23,1852.6,6302.56,-2986.88
17900,2298,163,289.0027,0.4313,0.6162,0.9977,4051,18572.34,22036.27,-109.35,1945.8,6293.28,-3003.99
17910,2352,167,252.7635,0.0998,0.6475,0.9856,4107,18563.81,22014.6,-106.82,1990.8,6284.7,-3021.97
17920,2365,148,207.5157,-0.6257,0.649,0.9977,3716,18559.22,21992.13,-104.75,2001.3,6276.7,-3040.34
17930,2290,116,168.6935,-0.6625,0.616,1.0158,4338,18554.53,21969.64,-103.07,1938.3,6269.37,-3058.29
17940,2215,100,214.0226,0.4353,0.8078,0.9894,4019,18549.53,21946.83,-100.93,1873.3,6262.69,-3075.81
17950,2270,38,134.0869,0.4646,0.6223,0.9917,4397,18544.17,21923.95,-99.59,1920.0,6256.0,-3093.83
17960,2322,8,139.0532,0.465,0.6329,1.0166,3676,18539.76,21901.35,-98.2,1965.6,6249.35,-3112.34
17970,2424,-9,159.2077,-0.5839,0.71,0.9801,3837,18538.41,21878.93,-96.61,2053.7,6242.77,-3131.79
17980,2361,-4,194.0451,0.4397,0.804,1.0106,3439,18536.92,21856.47,-94.68,1998.0,6236.93,-3150.91
17990,2410,44,303.0536,0.4613,0.7949,1.0066,4172,18535.41,21833.53,-91.65,2041.5,6232.08,-3170.74
18000,2461,57,270.7681,0.4536,0.7063,1.0018,3861,18534.05,21810.3,-88.94,2084.4,6228.31,-3191.24
18010,2513,100,291.3444,0.4559,0.7546,1.0238,3911,18534.51,21787.35,-86.03,2126.5,6225.83,-3212.37
18020,2559,140,292.6627,0.4457,0.7687,1.0023,3939,18538.13,21764.79,-83.11,2167.7,6224.75,-3234.01
18030,2610,169,282.31,0.4512,0.7763,1.0085,3958,18542.12,21741.97,-80.29,2208.2,6225.01,-3256.11
18040,2699,126,113.1879,0.4544,0.0742,0.9983,4161,18546.41,21718.77,-79.16,2287.0,6225.87,-3278.96
18050,2748,90,15.9963,0.4507,0.0837,0.9779,3944,18550.79,21695.48,-79.0,2325.4,6226.8,-3302.22
18060,2791,54,-25.0029,0.4503,0.0748,1.0102,3948,18555.21,21672.61,-79.25,2363.2,6227.46,-3325.85
18070,2835,6,-54.0959,0.4441,0.0822,0.995,3967,18559.5,21650.07,-79.8,2400.4,6227.58,-3349.85
18080,2878,-42,-72.8986,-0.1536,0.0677,1.0148,3961,18563.52,21627.23,-80.53,2437.0,6227.04,-3374.21
18090,2802,-154,-266.0254,-0.0379,0.8126,1.0106,3722,18567.25,21603.95,-83.19,2373.1,6225.07,-3397.86
18100,2801,-169,-242.0439,-0.0121,0.7862,0.9963,3954,18570.71,21580.6,-85.62,2370.8,6221.9,-3421.37
18110,2800,-162,-199.658,-0.0172,0.7896,0.9951,3995,18572.14,21557.52,-87.62,2370.2,6217.84,-3444.74
18120,2797,-133,-155.5839,-0.6367,0.7915,1.0041,4110,18571.58,21534.71,-89.18,2369.2,6213.26,-3467.98
18130,2736,-90,-121.549,-0.6214,0.7599,1.0095,3799,18571.18,21511.78,-90.39,2316.2,6208.54,-3490.66
18140,2673,-47,-117.0716,0.4395,0.8094,0.9875,4080,18571.08,21488.44,-91.57,2262.1,6203.81,-3512.79
18150,2717,0,-96.0669,0.4476,0.7246,1.0206,4267,18571.34,21464.86,-92.53,2300.9,6198.95,-3535.28
18160,2807,29,-112.6788,-0.5087,0.7867,1.0042,3777,18570.37,21441.7,-93.66,2376.6,6193.75,-3558.48
18170,2758,35,-142.6392,-0.6444,0.7466,0.9964,4291,18567.46,21419.15,-95.09,2334.4,6188.22,-3581.18
18180,2693,13,-182.5052,-0.6387,0.7175,1.0059,4154,18564.58,21396.46,-96.92,2280.6,6182.08,-3603.15
18190,2630,-37,-252.7075,0.4463,0.7933,1.0034,4162,18561.54,21373.33,-99.45,2225.6,6174.97,-3624.25
18200,2675,-78,-269.7983,0.4375,0.7421,0.9929,3954,18558.2,21349.95,-102.15,2265.0,6166.45,-3645.24
18210,2722,-123,-279.4383,0.2986,0.7761,1.0075,3970,18553.28,21327.15,-104.95,2303.8,6156.44,-3666.0
18220,2731,-152,-264.079,-0.636,0.7821,0.9862,4033,18545.6,21305.63,-107.59,2312.4,6145.18,-3686.2
18230,2667,-167,-237.6979,0.464,0.7984,1.0113,4140,18537.69,21284.25,-109.97,2258.2,6133.19,-3705.35
18240,2713,-165,-214.2004,0.434,0.7651,1.0031,4117,18529.52,21262.54,-112.12,2297.0,6120.23,-3724.33
18250,2758,-130,-152.1137,0.4308,0.7438,0.9855,4690,18521.26,21240.52,-113.64,2335.3,6106.65,-3743.33
18260,2804,-85,-116.218,0.0777,0.7581,1.0024,4343,18512.31,21218.86,-114.81,2372.9,6092.68,-3762.53
18270,2811,-37,-93.5522,-0.6302,0.7664,1.0105,4259,18501.31,21198.63,-115.75,2379.1,6078.63,-3781.74
18280,2684,4,-91.4084,0.4543,0.8112,0.9991,3973,18490.7,21178.42,-116.66,2272.5,6065.19,-3800.07
18290,2730,17,-136.4088,0.454,0.7692,1.0018,4081,18480.16,21157.67,-118.03,2311.1,6051.28,-3818.54
18300,2775,28,-156.0879,0.2062,0.7781,1.0053,4242,18469.63,21136.47,-119.59,2349.2,6036.75,-3837.01
18310,2795,10,-198.186,-0.0521,0.7866,1.0056,3962,18458.47,21115.77,-121.58,2366.2,6021.46,-3855.08
18320,2790,-28,-232.4209,-0.6401,0.789,1.0102,3965,18444.89,21097.2,-123.91,2362.1,6005.32,-3872.34
18330,2729,-75,-256.0908,-0.6409,0.7582,0.9979,4109,18431.24,21078.97,-126.47,2309.0,5988.58,-3888.27
18340,2662,-126,-285.9188,0.4498,0.8027,1.0059,3943,18417.14,21060.67,-129.33,2254.6,5971.28,-3902.72
18350,2755,-156,-263.473,0.4514,0.7682,0.9902,4067,18402.54,21042.3,-131.97,2331.9,5952.52,-3916.59
18360,2800,-170,-236.7005,-0.0903,0.7862,1.0205,4346,18387.32,21024.37,-134.34,2369.5,5932.77,-3929.72
18370,2787,-160,-197.2186,-0.6424,0.794,1.0061,4126,18369.43,21008.79,-136.31,2360.4,5912.65,-3942.07
18380,2723,-126,-155.8978,-0.6262,0.7531,1.0184,3776,18351.36,20992.98,-137.87,2307.3,5892.75,-3953.72
18390,2662,-86,-140.5077,0.4613,0.8065,0.9971,3943,18333.16,20976.76,-139.28,2252.9,5873.16,-3964.87
18400,2752,-29,-107.2874,0.389,0.7725,1.0109,4060,18314.86,20959.95,-140.36,2330.2,5852.88,-3976.35
18410,2792,10,-114.9451,-0.0995,0.7943,1.0003,4283,18295.71,20943.52,-141.51,2364.3,5832.25,-3987.89
18420,2784,26,-146.9991,-0.6386,0.7897,1.0087,4271,18274.55,20928.92,-142.98,2355.8,5811.49,-3999.08
18430,2653,4,-211.2535,0.4322,0.7772,0.9959,3942,18253.1,20913.9,-145.1,2248.1,5791.35,-4009.05
18440,2700,-31,-257.5157,0.4645,0.7363,1.0173,3673,18231.16,20898.63,-147.68,2287.2,5770.36,-4018.12
18450,2748,-87,-300.186,0.4492,0.7684,0.9902,3724,18208.68,20883.37,-150.68,2325.6,5748.42,-4025.88
18460,2802,-144,-321.4929,-0.6197,0.7882,0.9909,3720,18183.76,20871.64,-153.9,2371.5,5725.54,-4032.13
18470,2741,-180,-309.4336,-0.642,0.7768,0.9943,4034,18157.87,20860.8,-157.0,2320.5,5702.77,-4036.68
18480,2679,-186,-279.6734,0.4617,0.7881,0.9969,3873,18131.51,20850.12,-159.8,2266.5,5680.31,-4039.89
18490,2766,-151,-200.8583,0.4418,0.7449,0.9912,4337,18104.75,20839.34,-161.81,2343.3,5657.02,-4042.45
18500,2812,-95,-146.8976,-0.2566,0.7801,0.9977,3979,18076.69,20831.24,-163.28,2380.8,5633.32,-4044.77
18510,2725,-30,-119.449,-0.6325,0.7376,1.0068,3947,18047.88,20823.96,-164.48,2307.0,5610.36,-4046.98
18520,2658,1,-158.1786,0.4563,0.7972,0.9884,3766,18018.8,20816.02,-166.06,2252.6,5587.93,-4048.91
18530,2751,11,-198.1188,0.2974,0.796,1.0043,3800,17989.31,20807.54,-168.05,2329.9,5564.67,-4050.29
18540,2782,-26,-273.4339,0.0248,0.7893,0.9899,4364,17958.68,20802.87,-170.79,2354.0,5541.11,-4050.48
18550,2786,-94,-341.9158,0.4493,0.8043,1.0116,4331,17927.26,20799.61,-174.21,2358.8,5517.57,-4048.91
18560,2873,-126,-270.8082,0.4332,0.4349,1.0021,3703,17895.38,20796.9,-176.92,2432.8,5493.47,-4045.64
18570,2916,-160,-225.8619,0.4611,0.434,1.0034,4255,17863.0,20794.97,-179.18,2468.9,5469.22,-4040.93
18580,3000,-155,-161.8743,0.4437,0.4604,0.9964,4057,17830.11,20795.95,-180.8,2539.6,5444.45,-4035.26
18590,3082,-88,-47.7201,0.446,0.0692,0.9941,3992,17796.82,20796.88,178.72,2608.4,5419.0,-4029.44
18600,3122,28,100.4427,0.4563,0.0452,1.005,3990,17763.07,20797.32,179.72,2642.2,5393.03,-4024.52
18610,3198,88,81.4616,0.4386,0.1535,1.0012,4053,17728.88,20797.04,180.53,2708.4,5366.27,-4020.41
18620,3274,112,29.2786,0.4441,0.1467,0.9929,4149,17694.26,20796.63,180.82,2773.0,5338.78,-4016.7
18630,3314,67,-60.5585,0.4468,0.1679,0.9909,3816,17659.18,20796.44,180.21,2804.8,5311.02,-4012.54
18640,3386,-9,-107.7654,0.4484,0.0013,1.0062,3882,17623.65,20796.63,179.13,2867.2,5282.85,-4007.26
18650,3458,-97,-131.731,0.4395,0.0026,1.0005,3550,17587.7,20797.59,177.81,2928.4,5254.35,-4000.54
18660,3530,-137,-90.5693,0.435,0.0037,0.9985,4003,17551.33,20799.31,176.9,2988.3,5225.47,-3992.78
18670,3599,-103,3.2041,0.4573,0.0006,1.0109,4000,17514.53,20801.35,176.93,3047.0,5196.02,-3984.9
18680,3664,-6,98.2935,0.4549,-0.0162,0.9789,3991,17477.28,20803.07,177.91,3104.5,5165.8,-3977.91
18690,3700,99,138.8193,0.4486,0.0026,1.004,4075,17439.56,20803.99,179.3,3132.9,5134.96,-3972.35
18700,3767,149,97.0251,0.4472,0.0104,1.0098,4339,17401.37,20804.09,180.26,3189.0,5103.39,-3967.75
18710,3833,105,-5.4949,0.4518,0.0043,0.9983,3783,17362.73,20803.87,180.21,3244.1,5071.28,-3962.98
18720,3895,-3,-107.5676,0.4517,-0.0033,0.9986,3951,17323.67,20804.05,179.13,3298.2,5038.86,-3956.93
18730,3958,-135,-198.1537,0.46,0.4517,0.9939,4026,17284.17,20805.16,177.14,3351.5,5006.34,-3948.82
18740,4021,-190,-175.8382,0.4286,0.4748,0.989,3974,17244.27,20807.33,175.38,3403.9,4973.7,-3939.07
18750,4081,-124,-59.9769,0.456,0.4762,0.9933,3662,17204.06,20811.43,174.78,3455.6,4940.63,-3929.03
18760,4141,23,95.8022,0.4422,-0.0145,0.9944,4082,17163.39,20814.97,175.73,3506.5,4906.71,-3920.14
18770,4201,145,141.9551,0.458,0.005,1.0054,3774,17122.19,20817.5,177.15,3556.6,4871.89,-3912.85
18780,4261,153,52.9496,0.4376,-0.0061,1.0129,3781,17080.5,20819.31,177.68,3606.1,4836.43,-3906.11
18790,4315,51,-76.6391,0.4506,-0.0056,0.9902,3629,17038.38,20821.23,176.91,3654.9,4800.73,-3898.34
18800,4401,-95,-152.8625,0.449,-0.0001,1.0054,4256,16995.93,20824.08,175.38,3726.9,4764.79,-3888.48
18810,4456,-172,-115.1896,0.4411,-0.019,0.9876,4372,16953.51,20828.0,174.22,3774.1,4728.83,-3877.03
18820,4513,-122,8.5925,0.4619,-0.0006,0.9805,3508,16911.13,20832.34,174.3,3820.7,4692.38,-3865.53
18830,4568,19,126.0874,0.4353,0.0113,1.0223,3585,16868.7,20836.15,175.56,3866.8,4655.02,-3855.52
18840,4621,134,106.9704,0.4466,0.4792,0.9926,3981,16826.2,20838.87,176.63,3912.4,4616.8,-3847.1
18850,4674,131,-38.4755,0.4415,0.677,0.9836,4335,16783.63,20840.78,176.24,3957.4,4578.1,-3838.74
18860,4726,25,-172.2975,0.4593,0.6609,1.0091,4224,16741.22,20844.8,174.52,4001.9,4539.38,-3828.64
18870,4803,-107,-191.252,0.4553,-0.004,1.0178,4001,16698.91,20849.71,172.6,4067.8,4500.71,-3816.05
18880,4856,-183,-119.1588,0.4533,0.0071,0.9977,3690,16656.73,20855.69,171.41,4111.1,4462.17,-3801.69
18890,4906,-137,2.5426,0.4511,-0.002,1.005,4019,16614.61,20862.13,171.43,4153.9,4423.21,-3787.22
18900,4958,12,122.5234,0.4536,0.01,0.9968,3873,16572.43,20868.09,172.65,4196.4,4383.28,-3774.29
18910,5006,153,151.6195,0.4404,0.0044,0.988,4115,16530.12,20872.96,174.16,4238.4,4342.31,-3763.37
18920,5030,184,67.9378,0.003,0.0086,1.0017,4304,16487.7,20876.96,174.84,4259.0,4300.89,-3753.39
18930,5031,75,-65.8599,-0.0044,-0.0011,0.9948,3743,16445.29,20880.96,174.18,4259.0,4259.71,-3742.45
18940,5032,-89,-150.4436,0.0001,0.0112,1.0028,4188,16403.03,20885.8,172.67,4259.0,4219.17,-3729.36
18950,5030,-202,-168.147,-0.0026,0.7173,1.0097,3897,16361.4,20891.66,170.99,4259.0,4179.34,-3714.24
18960,5030,-184,-101.38,-0.0003,0.7268,1.0161,4085,16320.49,20898.0,169.97,4259.0,4139.8,-3698.37
18970,5030,-46,15.5951,0.0138,0.7473,1.0045,3541,16280.44,20905.71,170.13,4259.0,4099.95,-3683.35
18980,5031,115,106.8323,0.0035,-0.0174,1.0147,3965,16240.84,20912.36,171.19,4259.0,4059.46,-3670.1
18990,5029,185,87.8112,-0.0215,0.0012,0.9984,4114,16201.69,20918.06,172.07,4259.0,4018.59,-3658.09
19000,5031,124,-24.2018,0.0037,0.0035,0.9943,3979,16163.12,20923.45,171.82,4259.0,3977.81,-3645.75
19010,5031,-16,-116.522,0.0143,-0.0096,1.0061,4034,16125.25,20929.25,170.65,4259.0,3937.58,-3631.74
19020,5032,-139,-135.1732,-0.0059,-0.0146,1.0053,4078,16088.15,20935.82,169.3,4259.0,3898.04,-3615.86
19030,5031,-182,-74.5349,0.0121,-0.0042,0.9912,4072,16051.78,20942.99,168.55,4259.0,3858.92,-3598.95
19040,5030,-125,25.2982,-0.0024,-0.0031,0.9964,3841,16016.05,20950.2,168.8,4259.0,3819.67,-3582.38
19050,5029,0,107.1514,0.0072,0.0031,1.0089,3941,15980.84,20956.87,169.87,4259.0,3779.85,-3567.3
19060,5032,123,129.0828,-0.0113,0.0043,1.0041,3733,15946.1,20962.66,171.16,4259.0,3739.36,-3554.03
19070,5027,171,60.0576,-0.6092,0.1634,1.0161,4144,15911.89,20967.69,171.76,4259.0,3698.57,-3541.8
19080,4964,117,-76.9966,-0.6369,0.7238,1.0043,3991,15878.23,20972.38,170.98,4201.8,3658.47,-3529.16
19090,4894,19,-155.59,-0.6231,0.7101,0.9989,3987,15845.35,20978.07,169.42,4142.3,3619.49,-3515.11
19100,4857,-95,-193.7889,-0.6438,0.6922,0.9939,3775,15813.34,20984.94,167.48,4112.3,3581.61,-3499.09
19110,4786,-158,-125.1655,-0.6428,-0.0093,1.0019,3894,15782.1,20992.32,166.23,4051.5,3544.95,-3481.8
19120,4713,-164,-45.5375,-0.6373,-0.0295,0.9975,3863,15751.52,20999.98,165.77,3989.9,3509.12,-3464.2
19130,4676,-115,28.3422,-0.6391,0.0055,0.9997,4069,15721.61,21007.52,166.05,3958.7,3473.41,-3447.07
19140,4602,-19,87.2493,-0.6369,-0.0109,0.9796,3789,15692.18,21014.62,166.92,3895.5,3437.77,-3431.32
19150,4564,76,109.9677,-0.625,0.0099,1.0053,3595,15663.29,21021.04,168.02,3863.5,3401.86,-3417.05
19160,4524,143,91.6454,-0.6234,-0.004,1.0167,3955,15634.83,21026.83,168.93,3831.3,3365.81,-3404.06
19170,4448,155,42.3894,-0.6304,-0.0035,0.9939,3851,15606.97,21032.15,169.35,3766.0,3330.18,-3391.81
19180,4410,118,-17.8341,-0.6557,-0.0041,1.0117,3921,15579.66,21037.3,169.17,3733.0,3294.93,-3379.44
19190,4331,43,-68.5637,-0.6502,0.0133,0.9942,3715,15553.02,21042.55,168.48,3665.9,3260.64,-3366.46
19200,4289,-39,-95.0128,-0.6461,-0.0043,1.0008,3818,15527.09,21048.05,167.53,3631.9,3227.12,-3352.48
19210,4248,-106,-92.1284,-0.6351,0.0079,0.9989,4163,15501.83,21053.86,166.6,3597.6,3194.38,-3337.58
19220,4167,-138,-63.5016,-0.6473,-0.0085,0.9963,3871,15477.24,21059.87,165.97,3528.0,3162.58,-3322.27
19230,4124,-149,-53.0214,-0.6362,0.4876,0.9908,3713,15453.35,21065.91,165.43,3492.7,3131.31,-3306.7
19240,4083,-121,-29.5483,-0.6436,0.487,0.9913,3831,15430.05,21071.78,165.13,3457.0,3100.36,-3291.26
19250,4041,-64,8.0954,-0.6279,0.4947,1.0102,3800,15407.32,21077.41,165.21,3421.0,3069.57,-3276.35
19260,3999,3,29.0585,-0.641,0.4633,0.9906,4006,15385.37,21083.6,165.5,3384.5,3038.81,-3262.2
19270,3954,62,31.0586,-0.641,0.4588,0.994,3906,15363.76,21089.35,165.81,3347.7,3008.12,-3248.82
19280,3865,107,37.2914,-0.6358,0.0294,1.0216,4198,15342.19,21094.78,166.17,3272.8,2977.88,-3236.27
19290,3822,131,37.4187,-0.638,0.0128,1.001,4061,15320.62,21100.0,166.55,3234.7,2947.82,-3224.26
19300,3776,115,0.4707,-0.6423,-0.0038,1.0033,4079,15299.35,21105.08,166.55,3196.1,2918.12,-3212.39
19310,3729,79,-34.0462,-0.6314,-0.0066,0.9925,3953,15278.68,21110.08,166.2,3157.1,2888.94,-3200.32
19320,3680,29,-60.0322,-0.6423,0.01,0.9918,4181,15258.5,21115.14,165.6,3117.5,2860.4,-3187.8
19330,3634,-26,-75.4743,-0.6427,0.0031,0.9904,3824,15238.3,21120.47,164.84,3077.5,2832.56,-3174.7
19340,3588,-74,-77.564,-0.6411,-0.0082,0.9971,4068,15217.84,21126.16,164.06,3037.0,2805.42,-3161.04
19350,3539,-108,-63.0736,-0.6549,-0.0166,1.0138,4178,15197.54,21132.09,163.43,2995.8,2778.96,-3146.97
19360,3489,-119,-36.2684,-0.6362,0.004,0.9942,3884,15177.75,21138.05,163.06,2954.2,2753.04,-3132.76
19370,3440,-108,-4.6255,-0.6309,0.0046,0.9953,4245,15158.32,21143.99,163.01,2911.9,2727.51,-3118.72
19380,3388,-79,27.437,-0.6324,0.0137,1.0078,3694,15138.69,21149.94,163.29,2869.0,2702.24,-3105.12
19390,3336,-34,56.3115,-0.6461,0.0085,0.9972,4409,15118.59,21155.88,163.85,2825.4,2677.11,-3092.23
19400,3285,16,75.5456,-0.6385,-0.0138,1.0001,4143,15098.08,21161.68,164.6,2781.2,2652.04,-3080.19
19410,3231,64,79.286,-0.6498,-0.0092,0.9873,4244,15077.52,21167.18,165.39,2736.3,2627.05,-3069.04
19420,3179,94,66.3379,-0.6333,-0.0018,1.007,3819,15057.39,21172.3,166.05,2690.6,2602.22,-3058.63
19430,3125,108,42.5919,-0.6371,0.0155,0.9829,4106,15037.41,21177.18,166.47,2644.1,2577.66,-3048.77
19440,3068,100,13.8364,-0.63,-0.0035,0.9784,4129,15017.09,21182.04,166.61,2596.8,2553.51,-3039.18
19450,3010,101,49.4893,-0.6267,0.2669,1.0096,4341,14996.35,21187.01,167.1,2548.6,2529.77,-3029.89
19460,2951,60,18.8021,-0.6564,0.3857,0.9988,4005,14975.55,21192.16,167.29,2499.4,2506.55,-3020.64
19470,2833,14,-1.3566,-0.64,0.3435,1.0204,4221,14955.17,21197.12,167.27,2398.2,2484.39,-3011.47
19480,2771,-25,-6.8917,-0.6456,0.3378,0.9964,3909,14935.16,21201.09,167.2,2345.9,2462.84,-3002.2
19490,2708,-53,1.5641,-0.6258,0.3211,1.0053,3516,14915.25,21205.31,167.21,2292.4,2441.88,-2992.89
19500,2643,-44,90.541,-0.1539,0.8029,0.9955,4046,14894.95,21209.83,168.11,2237.7,2421.36,-2983.93
19510,2628,-18,174.7605,-0.0136,0.8081,1.0022,4092,14874.22,21214.57,169.86,2224.8,2400.72,-2975.6
19520,2625,5,213.5086,-0.0089,0.804,0.9969,4392,14853.15,21219.39,171.99,2222.3,2379.78,-2968.12
19530,2625,37,243.0132,-0.5701,0.7987,1.005,4037,14832.03,21221.41,174.42,2222.0,2358.49,-2961.72
19540,2564,78,259.2,-0.6258,0.766,0.9887,3973,14811.16,21221.8,177.01,2170.6,2337.37,-2956.68
19550,2496,115,267.883,-0.6409,0.7747,1.0001,3926,14790.15,21221.92,179.68,2112.7,2316.56,-2953.02
19560,2425,159,309.0836,0.4511,0.7927,0.991,3804,14768.71,21221.75,-177.23,2053.2,2296.14,-2950.81
19570,2473,165,258.335,0.4557,0.7416,0.9875,3805,14747.06,21221.34,-174.65,2095.9,2275.23,-2949.69
19580,2523,161,223.7731,-0.1349,0.7648,0.9998,4045,14725.8,21220.06,-172.42,2137.7,2253.86,-2949.45
19590,2510,140,183.6106,-0.645,0.7806,0.9917,4101,14705.49,21215.42,-170.58,2125.5,2232.6,-2949.85
19600,2441,107,150.5374,-0.6397,0.7106,1.0056,4241,14685.47,21210.94,-169.08,2066.3,2211.94,-2950.62
19610,2369,79,159.9936,0.4415,0.7903,1.0001,4036,14665.17,21206.62,-167.48,2005.4,2191.91,-2951.67
19620,2421,28,110.3123,0.4477,0.6452,1.0045,3799,14644.42,21202.49,-166.38,2049.1,2171.45,-2952.86
19630,2473,0,116.1944,0.465,0.6822,0.9991,4063,14623.6,21198.64,-165.22,2091.9,2150.55,-2954.24
19640,2520,-20,132.1673,0.1782,0.7175,0.9946,3773,14603.89,21192.82,-163.9,2133.8,2129.28,-2955.93
19650,2542,-21,159.0912,-0.6499,0.7377,1.0079,4423,14584.67,21185.77,-162.32,2151.0,2107.86,-2958.15
19660,2474,0,194.9035,-0.6287,0.695,1.0022,4047,14565.05,21178.59,-160.37,2092.6,2087.11,-2961.06
19670,2452,47,275.1716,0.4502,0.7041,0.9941,3887,14545.0,21171.16,-157.62,2075.6,2066.73,-2965.06
19680,2502,73,267.8093,0.4546,0.7296,1.0013,4338,14524.92,21163.5,-154.95,2117.8,2046.22,-2970.36
19690,2550,108,274.6342,-0.2824,0.7877,1.0089,3921,14505.53,21155.42,-152.21,2159.2,2025.68,-2977.02
19700,2516,137,264.8148,-0.6486,0.7703,1.0173,4164,14488.44,21144.07,-149.56,2131.4,2005.84,-2984.78
19710,2447,155,248.3445,-0.6495,0.7363,1.0044,4243,14471.47,21132.52,-147.08,2072.4,1986.97,-2993.35
19720,2377,171,261.2051,0.4568,0.7964,1.0222,4074,14454.25,21120.59,-144.47,2011.7,1969.09,-3002.6
19730,2428,145,194.6733,0.4431,0.6976,0.9724,4111,14436.79,21108.44,-142.53,2055.2,1951.14,-3012.65
19740,2477,120,161.6721,0.4523,0.7397,0.9918,4386,14419.28,21096.34,-140.91,2097.9,1933.07,-3023.3
19750,2528,82,132.3975,0.3654,0.7509,1.0035,3836,14403.39,21082.98,-139.59,2139.7,1914.76,-3034.39
19760,2568,42,115.9356,-0.657,0.7698,0.9919,4120,14388.82,21068.62,-138.44,2175.0,1896.24,-3045.79
19770,2501,12,116.1782,-0.6483,0.7422,1.0079,3938,14373.96,21054.36,-137.28,2117.2,1878.3,-3057.03
19780,2430,2,159.4885,0.451,0.7996,0.9927,4114,14358.6,21039.98,-135.69,2057.8,1861.05,-3068.25
19790,2481,-19,155.1522,0.4577,0.6964,1.0026,4074,14342.8,21025.46,-134.14,2100.4,1843.66,-3080.05
19800,2530,-8,189.8771,0.4367,0.7272,1.0036,4119,14326.96,21010.97,-132.24,2142.2,1826.33,-3092.66
19810,2579,16,219.2561,-0.414,0.777,0.9831,4144,14314.42,20994.26,-130.05,2183.1,1809.25,-3106.28
19820,2536,54,243.0707,-0.6362,0.7368,1.005,4168,14302.18,20977.58,-127.62,2146.7,1793.2,-3120.54
19830,2468,106,298.71,-0.6574,0.7104,0.9969,4267,14289.94,20960.49,-124.64,2088.1,1778.51,-3135.4
19840,2396,132,278.6768,0.4553,0.8007,1.0021,4007,14277.7,20942.87,-121.86,2027.8,1765.18,-3150.69
19850,2445,156,267.0782,0.469,0.7275,1.0052,3731,14265.64,20925.04,-119.19,2071.1,1752.49,-3167.06
19860,2496,163,235.9415,0.3727,0.7535,0.999,3853,14255.73,20906.52,-116.83,2113.4,1740.36,-3184.38
19870,2467,151,197.1159,-0.6208,0.7307,0.9986,4049,14248.0,20887.53,-114.86,2089.0,1728.99,-3201.91
19880,2395,123,163.734,0.4345,0.7993,1.0057,3509,14240.29,20868.66,-113.23,2028.8,1718.35,-3219.18
19890,2448,105,168.4133,0.4377,0.6887,1.004,3858,14232.29,20849.48,-111.55,2072.0,1707.84,-3237.05
19900,2498,54,119.7073,0.4614,0.7268,0.9957,3761,14223.92,20830.05,-110.35,2114.3,1697.25,-3255.36
19910,2548,18,115.0619,-0.2227,0.7451,1.0035,3825,14215.34,20810.85,-109.21,2155.8,1686.58,-3274.1
19920,2523,-9,122.9621,-0.6506,0.7469,0.9931,4171,14209.98,20791.05,-107.98,2136.2,1676.18,-3292.77
19930,2453,-17,145.4444,-0.6379,0.7069,1.0117,4127,14204.86,20771.09,-106.53,2077.4,1666.4,-3311.1
19940,2382,5,216.9275,0.4484,0.8125,1.0076,3900,14199.51,20750.69,-104.36,2016.8,1657.54,-3329.23
19950,2433,13,218.452,0.4571,0.6978,1.0119,3911,14194.07,20729.88,-102.18,2060.2,1649.26,-3348.1
19960,2482,48,250.0528,0.458,0.7245,1.0012,4026,14188.77,20708.98,-99.68,2102.8,1641.87,-3367.78
19970,2535,85,265.4932,-0.0222,0.755,0.9853,4004,14185.34,20688.25,-97.03,2144.5,1635.51,-3388.28
19980,2531,119,266.8946,-0.636,0.7344,1.0231,3847,14184.64,20667.5,-94.36,2142.5,1630.41,-3409.09
19990,2462,145,260.2762,-0.6417,0.703,1.0051,3514,14184.21,20646.55,-91.76,2083.8,1626.6,-3429.59
20000,2390,173,280.5739,0.4462,0.8027,0.9951,3602,14184.0,20625.2,-88.96,2023.4,1624.07,-3449.67
20010,2442,157,220.3818,0.4319,0.7298,0.9893,3769,14183.91,20603.75,-86.76,2066.7,1622.32,-3470.28
20020,2490,139,182.8381,0.4472,0.7589,0.9895,4043,14183.82,20582.66,-84.93,2109.1,1621.15,-3491.34
20030,2539,103,148.0259,0.1005,0.784,1.0244,3594,14187.14,20562.41,-83.46,2150.7,1620.31,-3512.83
20040,2551,64,125.8021,-0.6309,0.7943,0.9895,3952,14190.75,20542.4,-82.2,2161.0,1619.68,-3534.42
20050,2482,38,143.2377,-0.6325,0.7487,0.9883,4154,14194.15,20522.03,-80.77,2102.8,1619.32,-3555.43
20060,2412,3,123.1114,0.4308,0.8089,0.993,4020,14197.35,20501.16,-79.54,2043.0,1619.18,-3575.85
20070,2463,-18,136.3719,0.4424,0.6939,1.007,4034,14200.36,20479.89,-78.18,2085.9,1619.31,-3596.71
20080,2562,-19,166.3122,-0.3793,0.7613,1.0062,3809,14204.41,20459.08,-76.52,2169.2,1620.0,-3618.41
20090,2518,0,195.4562,-0.6383,0.705,1.005,3769,14210.87,20439.43,-74.57,2133.8,1621.46,-3639.68
20100,2451,33,225.5014,-0.6466,0.6661,0.9934,3948,14217.43,20419.81,-72.32,2074.9,1623.87,-3660.3
20110,2380,86,294.2638,0.4422,0.7901,1.0055,4097,14224.34,20399.79,-69.38,2014.2,1627.44,-3680.13
20120,2430,116,285.2096,0.4579,0.7235,1.0145,4253,14231.64,20379.52,-66.53,2057.7,1632.37,-3700.11
20130,2481,147,279.9419,0.4584,0.7627,0.9992,4292,14239.19,20359.44,-63.73,2100.3,1638.67,-3720.15
20140,2529,163,254.4131,-0.5352,0.7832,1.0039,4156,14249.75,20341.4,-61.19,2142.1,1646.18,-3740.21
20150,2471,159,220.9178,-0.6153,0.7561,1.0137,3720,14260.97,20324.18,-58.99,2093.4,1654.35,-3759.48
20160,2402,148,203.7674,0.4292,0.8215,0.9911,4165,14272.27,20306.9,-56.95,2033.3,1662.93,-3777.93
20170,2454,119,166.8954,0.4489,0.6978,1.0107,4206,14283.71,20289.24,-55.29,2076.4,1672.11,-3796.57
20180,2503,74,123.2464,0.438,0.7002,1.0042,4302,14295.19,20271.15,-54.06,2118.6,1681.66,-3815.5
20190,2552,33,111.2468,0.0505,0.7309,1.0059,3995,14307.34,20253.46,-52.95,2160.0,1691.48,-3834.74
20200,2556,1,112.8469,-0.6467,0.7528,0.9991,3892,14321.42,20237.53,-51.82,2163.1,1701.46,-3853.95
20210,2485,-16,130.5815,-0.6316,0.7027,1.0026,3873,14335.32,20221.39,-50.52,2105.0,1711.4,-3872.5
20220,2417,1,206.1926,0.4303,0.8259,1.0129,4042,14349.37,20204.85,-48.46,2045.2,1721.62,-3890.24
20230,2467,6,215.7503,0.4482,0.7311,0.9958,3896,14363.42,20188.23,-46.31,2088.1,1732.74,-3907.93
20240,2552,34,244.3095,-0.3023,0.8204,0.9982,3877,14377.21,20172.06,-43.87,2160.2,1745.16,-3925.62
20250,2520,65,261.252,-0.6381,0.7732,1.0074,3776,14393.1,20159.08,-41.26,2132.8,1758.36,-3942.38
20260,2449,106,272.1578,-0.6326,0.7479,0.9996,3849,14409.53,20146.78,-38.54,2073.8,1772.18,-3957.84
20270,2380,147,300.3052,0.4431,0.805,1.0037,3851,14426.5,20134.43,-35.54,2013.1,1786.56,-3971.96
20280,2429,158,261.8522,0.4713,0.677,1.0059,3917,14443.96,20122.04,-32.92,2056.7,1802.02,-3985.53
20290,2479,162,227.5026,0.458,0.7076,1.0076,4078,14461.85,20109.57,-30.65,2099.3,1818.42,-3998.65
20300,2529,149,194.6738,0.1981,0.7262,0.9804,4246,14480.85,20098.24,-28.71,2141.1,1835.58,-4011.46
20310,2551,117,160.469,-0.6342,0.7471,0.9895,4362,14501.51,20088.93,-27.1,2159.3,1853.15,-4024.04
20320,2482,74,133.4665,-0.648,0.6979,1.0189,3763,14522.41,20079.25,-25.77,2101.1,1870.37,-4036.09
20330,2412,46,161.5662,0.4342,0.7932,0.9969,3844,14543.54,20069.1,-24.16,2041.2,1887.24,-4047.59
20340,2511,5,141.3714,0.4369,0.7707,1.0057,3744,14564.93,20058.42,-22.75,2126.2,1904.95,-4059.36
20350,2560,-10,173.2232,-0.2575,0.789,0.996,3950,14587.31,20048.94,-21.02,2167.5,1923.25,-4070.99
20360,2530,2,219.6643,-0.6312,0.7584,1.0133,3671,14611.11,20041.92,-18.83,2142.2,1941.74,-4081.83
20370,2461,51,302.3803,-0.649,0.7055,1.0094,3791,14635.4,20034.82,-15.81,2083.5,1960.31,-4091.29
20380,2441,89,316.1713,0.441,0.7143,0.9947,3397,14660.21,20027.84,-12.65,2066.4,1979.33,-4099.39
20390,2492,139,337.4831,0.4444,0.7431,1.0011,3873,14685.61,20021.12,-9.27,2108.8,1999.31,-4106.16
20400,2540,177,333.2755,0.356,0.7589,1.0115,3887,14712.14,20018.9,-5.95,2150.4,2020.14,-4111.55
20410,2507,186,300.3262,-0.0554,0.8045,1.0032,3919,14739.23,20017.86,-2.95,2124.0,2040.98,-4115.6
20420,2504,177,282.4856,0.4475,0.7917,1.0036,3999,14766.74,20016.95,-0.12,2119.0,2061.97,-4118.63
20430,2552,126,200.2578,0.4328,0.7783,1.0019,4042,14794.59,20015.87,1.88,2160.4,2083.44,-4121.15
20440,2532,68,165.6559,-0.6558,0.7622,1.0052,4253,14822.75,20017.53,3.53,2143.6,2104.75,-4123.42
20450,2462,20,162.3675,-0.6405,0.7135,1.0053,4084,14851.3,20021.05,5.15,2084.9,2125.5,-4125.43
20460,2444,15,227.8445,0.4272,0.6817,1.0092,3838,14880.31,20024.15,7.43,2067.8,2146.16,-4126.85
20470,2492,16,251.7391,0.4425,0.7121,0.9878,4322,14909.59,20027.05,9.94,2110.2,2167.26,-4127.43
20480,2589,58,317.4387,0.3814,0.7679,1.0029,3893,14938.23,20033.2,13.11,2192.6,2189.17,-4126.64
20490,2630,121,366.5322,0.4473,0.7849,1.0014,4092,14966.55,20042.11,16.77,2226.6,2211.28,-4124.03
20500,2723,142,275.9653,0.4631,0.1899,1.0028,4201,14995.09,20051.67,19.53,2304.8,2233.94,-4119.78
20510,2767,133,146.4318,0.4539,0.2326,1.0137,3565,15023.83,20061.86,20.99,2342.9,2256.79,-4114.55
20520,2856,118,83.0653,0.4501,0.2302,0.9859,3561,15052.22,20073.27,21.82,2417.3,2280.28,-4108.75
20530,2897,66,13.0279,0.453,0.2405,0.9947,4111,15080.49,20084.94,21.95,2453.7,2304.14,-4103.05
20540,2983,-23,-86.3833,0.4474,-0.003,1.0021,4091,15108.93,20096.21,21.08,2524.8,2328.89,-4098.0
20550,3024,-90,-110.9908,0.4493,0.0251,1.0179,3836,15137.7,20106.97,19.96,2559.7,2354.15,-4093.85
20560,3103,-162,-197.2837,0.4419,0.6096,0.9999,4172,15166.31,20117.13,17.99,2628.0,2380.26,-4090.8
20570,3143,-156,-157.1178,0.4481,0.6247,1.0017,4089,15194.38,20126.86,16.42,2661.4,2406.78,-4088.51
20580,3223,-102,-90.4852,0.4668,0.6441,0.9927,3755,15222.76,20134.19,15.51,2727.2,2433.99,-4086.33
20590,3258,-30,-46.1352,0.4386,0.6808,1.0068,3888,15251.13,20141.36,15.04,2759.5,2461.47,-4083.87
20600,3333,77,73.7337,0.4366,-0.0106,1.0005,3718,15279.39,20149.07,15.78,2822.9,2489.48,-4080.46
20610,3373,124,76.6611,0.4513,0.0199,1.0029,4198,15307.78,20157.32,16.54,2854.1,2517.74,-4076.25
20620,3444,67,-104.1938,0.2988,0.7796,1.0019,3990,15336.52,20165.93,15.5,2915.5,2546.66,-4072.4
20630,3470,-1,-209.0808,0.003,0.7921,1.0143,3985,15365.6,20174.54,13.4,2937.3,2575.93,-4069.85
20640,3468,-78,-255.8987,0.0355,0.7937,0.9971,4000,15395.13,20180.18,10.84,2937.5,2605.29,-4069.11
20650,3471,-152,-264.8758,0.4498,0.8085,0.999,4119,15424.86,20184.57,8.19,2939.0,2634.65,-4070.33
20660,3540,-140,-109.9209,0.444,0.0178,0.9991,4069,15454.65,20188.46,7.09,2998.7,2664.56,-4072.52
20670,3576,-116,-15.0111,0.4491,-0.0001,0.9923,3560,15484.73,20192.13,6.93,3028.1,2694.75,-4074.9
20680,3611,-102,-68.7138,-0.004,0.8101,0.9984,3936,15515.16,20195.94,6.24,3058.2,2725.23,-4077.38
20690,3611,-29,-43.3584,0.0013,0.7989,1.0031,3883,15545.54,20200.2,5.81,3057.0,2755.73,-4079.54
20700,3611,43,-35.3691,0.0263,0.8129,1.0032,3969,15575.82,20202.31,5.45,3057.3,2786.26,-4081.32
20710,3613,76,-70.9039,0.4547,0.788,0.9928,3650,15606.05,20204.57,4.74,3058.7,2816.81,-4083.08
20720,3607,109,-2.8258,-0.6339,0.0087,1.0171,3927,15636.05,20207.05,4.71,3053.5,2847.31,-4084.78
20730,3558,54,-55.5566,-0.6456,0.0054,0.9981,3886,15665.46,20209.35,4.15,3012.6,2877.36,-4087.05
20740,3458,-75,-238.5894,-0.027,0.808,0.9922,4257,15694.33,20211.21,1.76,2929.1,2906.38,-4090.95
20750,3458,-141,-250.5735,0.0022,0.7853,0.9963,3883,15722.57,20212.51,-0.75,2927.9,2935.1,-4096.64
20760,3458,-175,-218.8281,0.001,0.7916,1.0125,4320,15750.21,20210.84,-2.94,2927.6,2963.5,-4103.79
20770,3461,-170,-164.3281,0.4443,0.8136,0.9957,4019,15777.13,20208.47,-4.59,2930.0,2991.68,-4111.89
20780,3495,-99,-21.3041,0.4515,0.2346,0.9877,4159,15803.43,20206.17,-4.8,2960.0,3020.14,-4120.01
20790,3530,-18,73.5176,0.4449,-0.0179,1.006,4041,15829.16,20204.16,-4.07,2989.8,3049.09,-4127.47
20800,3592,30,53.4573,-0.6331,0.6148,0.9903,4222,15854.25,20202.57,-3.54,3042.7,3078.72,-4134.31
20810,3546,51,-35.6993,-0.011,0.8014,0.9821,3887,15878.71,20201.42,-3.9,3001.7,3108.04,-4140.81
20820,3544,77,-60.3021,-0.0082,0.801,0.985,4095,15902.62,20200.6,-4.5,3000.5,3137.34,-4147.32
20830,3543,76,-96.8161,0.0075,0.7941,1.0007,3779,15925.74,20197.92,-5.47,3000.3,3166.55,-4154.22
20840,3542,48,-134.6525,0.0263,0.7995,1.0002,3978,15948.24,20194.94,-6.82,3001.0,3195.54,-4161.91
20850,3546,10,-142.5483,0.4418,0.8122,1.0047,3752,15970.12,20191.88,-8.25,3002.5,3224.28,-4170.62
20860,3616,-9,-73.9526,0.448,0.0026,0.9878,3757,15991.31,20188.67,-9.0,3061.0,3253.35,-4180.24
20870,3649,-62,-77.3172,-0.1998,-0.0293,0.9943,4275,16011.84,20185.28,-9.77,3089.8,3282.4,-4190.76
20880,3634,-113,-106.7573,-0.6281,0.6737,1.0106,4177,16031.73,20181.73,-10.84,3077.4,3311.01,-4202.1
20890,3586,-153,-139.9915,-0.033,0.7947,1.0109,4302,16050.98,20178.1,-12.25,3036.9,3338.87,-4214.19
20900,3587,-153,-110.3383,0.0001,0.8075,1.0027,4266,16069.6,20174.48,-13.35,3035.8,3366.46,-4226.91
20910,3586,-137,-80.0235,-0.0022,0.8063,0.9949,4158,16087.46,20170.45,-14.16,3035.8,3393.89,-4239.97
20920,3585,-108,-53.6514,-0.0624,0.7976,1.0057,3983,16104.41,20165.37,-14.69,3035.7,3421.24,-4253.14
20930,3580,-67,-34.4997,-0.6487,0.8082,1.0021,3811,16121.26,20160.46,-15.04,3031.2,3448.6,-4266.19
20940,3532,-24,-22.9032,-0.6388,0.7748,1.0099,4157,16138.45,20155.63,-15.28,2990.0,3475.68,-4278.89
20950,3481,47,60.189,-0.6227,0.1398,0.9845,3644,16156.03,20150.91,-14.68,2948.2,3502.64,-4290.81
20960,3432,87,62.2688,-0.6336,0.0049,1.0015,3705,16173.69,20146.4,-14.06,2905.9,3529.47,-4301.96
20970,3382,107,46.3298,-0.6378,-0.0002,0.9945,3891,16191.0,20142.14,-13.6,2862.9,3556.09,-4312.53
20980,3329,92,-31.4685,-0.6407,0.6435,0.9949,3756,16207.88,20138.1,-13.92,2819.2,3582.29,-4322.97
20990,3277,69,-86.8709,-0.6378,0.7112,1.0142,4123,16224.73,20134.11,-14.79,2774.9,3607.92,-4333.63
21000,3277,47,-113.4918,-0.6257,0.6976,0.9858,3902,16242.06,20129.97,-15.92,2774.9,3633.29,-4344.89
21010,3224,12,-138.5146,-0.6393,0.6739,0.9981,3758,16259.67,20125.18,-17.31,2729.9,3657.88,-4356.76
21020,3171,-32,-158.3061,-0.6416,0.6736,0.9867,3854,16277.17,20118.64,-18.9,2684.1,3681.59,-4369.35
21030,3114,-74,-167.0615,-0.6377,0.6206,1.002,3957,16294.77,20111.83,-20.57,2637.5,3704.34,-4382.68
21040,3059,-107,-159.2434,-0.6461,0.6106,0.9924,4425,16312.04,20104.91,-22.17,2590.0,3726.16,-4396.64
21050,3002,-93,-52.218,-0.6456,0.0841,0.9985,4162,16329.04,20097.89,-22.69,2541.7,3747.32,-4410.73
21060,2943,-103,-31.9048,-0.6392,0.0022,0.984,3828,16346.18,20090.66,-23.02,2492.4,3767.9,-4424.8
21070,2884,-92,-5.8024,-0.6298,-0.001,1.011,3962,16363.52,20083.27,-23.08,2442.2,3788.06,-4438.6
21080,2824,-57,57.1639,-0.6416,0.2112,0.9968,4089,16380.66,20076.0,-22.51,2390.9,3807.97,-4451.85
21090,2762,-24,84.776,-0.6384,0.2143,1.0037,3865,16397.35,20069.03,-21.66,2338.4,3827.73,-4464.37
21100,2700,9,98.1565,-0.6353,0.2164,1.0036,4224,16413.63,20062.4,-20.68,2284.8,3847.36,-4476.08
21110,2632,42,105.5355,-0.6372,0.1911,0.9948,3918,16430.07,20056.36,-19.63,2229.8,3866.83,-4486.92
21120,2633,74,107.2137,-0.6335,0.196,1.005,4062,16447.18,20050.76,-18.56,2229.8,3886.63,-4497.17
21130,2568,94,99.2994,-0.619,0.1871,0.991,3847,16464.77,20045.21,-17.57,2173.5,3906.21,-4506.64
21140,2498,155,223.5577,-0.6339,0.5441,1.0,3623,16482.84,20039.68,-15.34,2115.7,3925.65,-4514.98
21150,2429,151,200.6681,-0.6342,0.7748,1.0024,4000,16501.08,20034.19,-13.34,2056.3,3944.85,-4522.38
21160,2357,132,171.9092,-0.6388,0.6826,0.987,4006,16519.15,20028.73,-11.62,1995.0,3963.68,-4529.04
21170,2280,103,146.6771,-0.6436,0.6665,1.005,3987,16537.72,20025.67,-10.16,1931.9,3981.99,-4535.15
21180,2204,73,128.4254,-0.6434,0.6161,1.0093,4028,16556.7,20023.76,-8.88,1866.6,3999.77,-4540.83
21190,2126,46,130.8338,-0.64,0.5847,0.983,3945,16575.53,20021.65,-7.57,1799.0,4016.97,-4546.14
21200,2043,51,209.577,0.4549,0.7782,1.0027,3713,16593.82,20019.37,-5.48,1728.7,4033.62,-4550.84
21210,2101,-2,122.4421,0.4412,0.5327,0.9907,3853,16611.53,20016.97,-4.26,1779.1,4050.8,-4555.46
21220,2160,-12,137.3751,0.1353,0.6082,1.0128,3868,16628.83,20014.48,-2.89,1828.3,4068.55,-4559.9
21230,2175,-8,159.1494,-0.6578,0.6066,1.0068,3753,16646.18,20014.54,-1.3,1841.8,4086.53,-4563.91
21240,2093,7,187.6825,-0.6445,0.5362,1.007,4294,16664.01,20015.6,0.58,1773.2,4103.95,-4567.18
21250,2095,32,219.0962,-0.6446,0.5505,1.0063,4034,16682.36,20016.76,2.76,1773.2,4121.52,-4569.68
21260,2010,103,351.5035,0.4543,0.8003,0.9971,4032,16701.08,20018.1,6.28,1701.9,4138.5,-4570.86
21270,2071,91,253.4424,0.438,0.5624,1.005,4073,16719.62,20019.63,8.81,1753.1,4156.03,-4571.1
21280,2132,114,254.1495,0.46,0.5746,0.9996,3793,16738.02,20021.38,11.35,1802.9,4174.07,-4570.35
21290,2187,137,249.5938,0.4257,0.6052,0.9792,3604,16756.07,20026.38,13.84,1851.4,4192.5,-4568.57
21300,2242,151,234.9985,-0.199,0.6398,1.012,4157,16774.19,20032.47,16.19,1898.6,4211.29,-4565.81
21310,2219,159,242.6,-0.6419,0.7295,1.0139,3830,16792.19,20038.64,18.61,1878.2,4229.75,-4562.25
21320,2139,153,240.7785,0.4595,0.7933,0.9966,4153,16809.68,20044.65,21.01,1811.0,4247.38,-4558.1
21330,2196,104,139.3771,0.451,0.5814,1.0132,3989,16826.59,20050.39,22.41,1859.2,4265.4,-4553.51
21340,2252,75,117.9719,-0.4425,0.6213,0.9893,3989,16843.12,20055.86,23.58,1906.3,4283.83,-4548.61
21350,2198,49,106.5947,-0.6652,0.5842,0.9877,4133,16858.52,20063.93,24.64,1861.8,4301.77,-4543.66
21360,2117,22,105.7562,-0.6604,0.5401,0.9869,3993,16874.18,20072.48,25.7,1794.0,4319.02,-4538.78
21370,2119,10,136.3748,-0.6344,0.5573,1.0107,4276,16890.37,20081.08,27.06,1794.0,4336.23,-4533.69
21380,2035,28,222.5237,0.4425,0.7895,0.9967,4058,16906.97,20089.69,29.28,1723.5,4352.59,-4528.28
21390,2094,-6,161.484,0.4606,0.5389,1.0037,3940,16923.54,20098.16,30.9,1774.1,4369.3,-4522.32
21400,2152,4,187.5443,0.4627,0.5933,0.9895,3532,16940.08,20106.57,32.77,1823.4,4386.25,-4515.62
21410,2212,24,217.204,0.4585,0.6254,1.008,4236,16954.89,20118.07,34.94,1871.3,4403.36,-4507.99
21420,2266,55,245.0836,-0.1953,0.6572,1.0062,3401,16969.76,20130.32,37.39,1918.1,4420.45,-4499.27
21430,2243,116,334.6161,-0.2651,0.8102,1.0121,3842,16984.86,20143.03,40.73,1899.0,4436.72,-4489.47
21440,2211,134,312.0264,0.4351,0.8155,1.002,3997,17000.13,20156.23,43.85,1872.3,4452.08,-4478.76
21450,2266,147,267.6622,-0.0264,0.6123,1.0106,3852,17015.54,20169.89,46.52,1919.0,4467.14,-4466.87
21460,2265,159,251.3334,-0.6595,0.6226,1.0094,3892,17029.8,20185.22,49.03,1917.8,4481.56,-4454.22
21470,2187,151,223.9912,-0.6562,0.5894,0.9921,4233,17042.42,20202.64,51.27,1852.0,4494.97,-4441.44
21480,2107,141,228.0836,-0.6517,0.5643,1.0109,4251,17055.27,20220.37,53.54,1783.8,4507.45,-4428.68
21490,2023,123,235.9952,0.433,0.8165,1.014,4263,17068.47,20238.31,55.9,1712.9,4519.03,-4416.06
21500,2141,63,142.5334,0.4562,0.5718,0.9807,3942,17082.15,20256.46,57.32,1813.4,4531.12,-4402.55
21510,2200,27,140.3319,0.2282,0.6142,1.0148,4001,17094.29,20276.07,58.72,1861.6,4543.42,-4388.57
21520,2226,7,157.3799,-0.6489,0.6187,1.0,4196,17105.01,20297.1,60.29,1884.7,4555.65,-4374.22
21530,2147,47,302.5785,0.4503,0.81,1.0083,3667,17116.17,20318.43,63.32,1817.8,4566.81,-4359.86
21540,2204,26,249.1161,0.4482,0.7118,0.9967,3947,17127.63,20340.18,65.8,1865.8,4577.61,-4344.63
21550,2266,62,300.125,-0.6482,0.6599,0.9955,3904,17139.11,20362.48,68.8,1918.6,4587.73,-4328.33
21560,2188,110,339.2312,-0.6409,0.6108,0.993,3994,17145.65,20387.11,72.19,1852.8,4596.32,-4311.91
21570,2107,163,381.6919,-0.646,0.5714,0.9976,3788,17151.91,20412.3,76.01,1784.6,4603.24,-4295.47
21580,2085,208,421.7251,0.4339,0.5429,0.9948,3918,17157.85,20437.99,80.22,1764.7,4608.63,-4278.65
21590,2144,179,307.15,0.4559,0.5631,1.0251,3737,17163.61,20464.14,83.29,1814.2,4613.14,-4261.06
21600,2199,159,256.0144,0.2708,0.638,1.0033,3929,17164.64,20491.3,85.85,1862.4,4616.97,-4242.83
21610,2154,117,219.5421,0.4414,0.7984,1.0156,4342,17165.02,20518.92,88.04,1823.4,4620.26,-4224.89
21620,2212,72,198.6383,0.4671,0.4925,1.0065,4200,17165.84,20546.95,90.02,1871.3,4623.33,-4206.42
21630,2266,2,110.9996,0.4587,0.4756,1.0053,4056,17167.18,20575.41,91.13,1918.0,4626.41,-4187.48
21640,2372,-16,150.7423,0.4554,0.5391,0.9989,3754,17164.74,20604.23,92.64,2008.3,4629.37,-4167.6
21650,2424,6,214.4964,0.4508,0.5628,1.0097,3842,17162.2,20633.53,94.78,2051.9,4631.64,-4147.2
21660,2525,-17,85.6827,0.4411,-0.0028,0.9985,4109,17159.45,20663.29,95.63,2136.5,4633.45,-4125.89
21670,2574,37,105.9659,0.4399,0.0034,1.0104,4071,17156.21,20693.42,96.69,2177.6,4634.49,-4104.12
21680,2665,99,139.3773,0.4549,0.196,0.9905,3987,17152.32,20723.95,98.08,2257.4,4634.6,-4081.56
21690,2710,159,210.1078,0.4646,0.4362,0.9868,3686,17147.89,20754.83,100.18,2296.3,4633.59,-4058.62
21700,2801,135,141.0325,0.4438,0.461,1.0113,4121,17142.34,20785.91,101.59,2372.2,4631.97,-4034.95
21710,2887,73,69.6961,0.4319,0.4859,0.9943,3910,17134.94,20816.55,102.28,2445.8,4630.33,-4010.56
21720,2932,-17,-24.6567,0.4394,0.2995,0.9864,4133,17128.18,20846.78,102.03,2481.7,4629.24,-3985.76
21730,3014,-103,-103.9095,0.4506,0.0165,1.0021,3990,17122.03,20877.03,100.99,2552.1,4629.06,-3960.24
21740,3054,-115,-54.6556,0.4381,-0.0136,0.9708,3703,17116.32,20907.37,100.44,2586.6,4629.37,-3934.37
21750,3133,-40,125.3374,0.4495,0.5952,1.0011,3890,17110.68,20937.93,101.69,2654.2,4629.02,-3907.84
21760,3173,44,230.874,0.4489,0.6168,1.0097,4119,17104.68,20968.86,103.99,2687.3,4627.19,-3881.03
21770,3251,122,266.391,0.4639,0.6291,0.9991,3971,17095.53,20999.39,106.65,2752.4,4623.5,-3853.76
21780,3329,174,247.5863,0.4431,0.4205,1.0032,4260,17085.33,21029.44,109.13,2816.1,4618.02,-3826.1
21790,3363,123,48.7574,0.4409,-0.0038,0.9911,4132,17074.86,21059.04,109.61,2847.3,4612.07,-3798.24
21800,3436,73,-34.6477,0.4398,-0.0012,1.0105,3873,17064.38,21088.64,109.26,2908.9,4606.34,-3769.71
21810,3471,12,-47.2613,0.4606,0.2083,1.0087,4042,17054.24,21118.4,108.79,2939.2,4601.26,-3740.76
21820,3542,-34,21.5845,0.4346,0.672,0.9929,3750,17044.58,21148.65,109.0,2998.8,4596.58,-3711.14
21830,3576,-79,50.5926,0.4634,0.7273,0.9915,4277,17034.23,21178.62,109.5,3028.2,4592.04,-3681.19
21840,3645,-72,114.1515,0.4428,0.7272,1.0037,3649,17022.92,21207.62,110.64,3086.2,4586.93,-3650.74
21850,3714,-42,112.6854,0.4407,0.0034,1.0092,4383,17011.67,21236.22,111.77,3143.1,4580.85,-3619.88
21860,3746,20,101.341,-0.0411,-0.0013,0.9981,3881,17000.08,21264.58,112.78,3171.1,4573.61,-3589.0
21870,3695,94,112.2002,-0.6231,0.1774,1.0115,3962,16987.93,21292.72,113.9,3128.2,4565.31,-3558.84
21880,3647,181,206.2777,-0.0121,0.8074,0.994,3978,16975.19,21320.9,115.96,3088.3,4555.62,-3529.51
21890,3645,170,159.7589,-0.0076,0.7917,1.0,3647,16962.05,21349.32,117.55,3086.1,4545.07,-3500.49
21900,3645,106,87.5076,0.0159,0.7898,0.9838,3791,16946.24,21376.8,118.42,3086.3,4534.37,-3471.53
21910,3681,13,31.2529,0.4607,0.628,0.9876,4205,16930.84,21404.23,118.73,3115.9,4524.0,-3442.15
21920,3715,-108,-110.3024,0.453,0.0106,1.0187,4148,16916.07,21431.82,117.63,3144.2,4514.65,-3412.11
21930,3780,-139,-66.1676,-0.3317,0.0111,0.9903,4048,16901.74,21459.65,116.96,3200.0,4505.86,-3381.32
21940,3710,-83,69.6994,-0.0277,0.7976,1.0246,3867,16887.51,21487.67,117.66,3140.1,4496.84,-3351.22
21950,3708,22,221.4499,-0.0075,0.7909,1.0117,3909,16872.86,21515.99,119.87,3138.7,4486.28,-3321.65
21960,3706,115,263.7643,0.0205,0.7961,1.0152,4111,16856.07,21543.47,122.5,3138.1,4473.78,-3292.87
21970,3708,176,250.8294,0.4551,0.7945,1.0093,3933,16837.71,21569.73,125.01,3139.0,4459.52,-3264.89
21980,3773,153,93.2898,-0.1677,-0.0031,0.9914,3763,16819.22,21595.42,125.94,3194.9,4444.3,-3236.79
21990,3717,89,-27.1757,-0.6316,-0.0018,0.9976,3814,16800.68,21621.06,125.66,3145.6,4429.56,-3208.97
22000,3669,9,-72.1371,-0.6391,0.0797,0.996,4174,16782.4,21646.93,124.94,3105.9,4415.84,-3181.1
22010,3618,-24,34.5596,-0.009,0.7908,1.0048,4264,16764.45,21673.4,125.28,3064.1,4402.69,-3153.43
22020,3619,-75,61.0219,0.0001,0.8015,0.9978,3772,16746.14,21700.0,125.89,3063.3,4389.7,-3125.67
22030,3620,-66,126.1763,0.4456,0.7845,0.9997,4055,16726.41,21725.12,127.15,3064.3,4376.21,-3098.13
22040,3686,-31,143.2744,0.4577,-0.0085,1.0026,3956,16706.88,21749.87,128.57,3121.6,4361.55,-3070.57
22050,3720,21,103.8482,0.4633,-0.0121,0.9809,4058,16687.07,21774.29,129.61,3149.8,4345.77,-3043.31
22060,3744,99,114.7688,-0.6272,0.2632,1.0072,3962,16666.76,21798.33,130.76,3170.0,4328.8,-3016.53
22070,3697,187,218.6154,-0.0028,0.8126,1.0007,3949,16645.85,21822.22,132.94,3130.6,4310.69,-2990.98
22080,3696,167,153.8684,-0.0124,0.8068,1.0093,3931,16624.33,21846.02,134.47,3128.7,4291.89,-2965.96
22090,3696,96,78.3493,0.0086,0.7982,1.0132,4281,16601.04,21867.89,135.25,3128.9,4273.03,-2940.97
22100,3730,-3,3.9748,0.4543,0.5794,1.0068,4132,16578.46,21889.79,135.29,3158.1,4254.48,-2915.42
22110,3795,-116,-108.3138,0.4291,0.0154,0.9823,3986,16556.36,21912.1,134.21,3213.7,4236.59,-2888.72
22120,3828,-140,-60.1694,-0.63,-0.0091,1.0004,3829,16534.6,21934.76,133.6,3240.4,4219.12,-2861.4
22130,3735,-60,128.123,-0.0253,0.8084,1.0174,3922,16512.8,21957.65,134.88,3162.9,4201.44,-2835.17
22140,3736,32,226.6819,-0.0098,0.8145,1.0182,4443,16490.5,21980.66,137.14,3161.8,4182.35,-2809.94
22150,3735,121,261.812,0.0165,0.8018,1.0123,3667,16465.87,22001.24,139.76,3161.9,4161.65,-2786.04
22160,3769,178,236.505,0.4547,0.3673,0.9942,4102,16440.94,22020.96,142.12,3190.9,4139.37,-2763.18
22170,3803,133,41.534,0.4579,-0.0159,1.0026,3945,16415.85,22040.29,142.53,3218.6,4116.56,-2740.43
22180,3807,84,-34.6759,-0.6344,-0.0085,0.9906,4038,16390.72,22059.63,142.18,3223.1,4093.99,-2717.4
22190,3760,32,-1.5473,-0.6456,0.6206,0.9721,3663,16365.65,22079.4,142.16,3184.4,4072.1,-2694.28
22200,3714,-34,27.2408,-0.0276,0.799,1.0108,3860,16340.87,22099.76,142.43,3144.2,4050.84,-2671.11
22210,3715,-82,57.1631,0.0103,0.798,0.992,4179,16315.33,22118.43,143.0,3144.0,4029.71,-2647.8
22220,3715,-71,120.9777,0.4545,0.8089,0.9969,4042,16290.05,22136.51,144.21,3146.0,4008.16,-2624.87
22230,3780,-57,70.6057,0.449,-0.0065,1.0062,4051,16264.82,22154.44,144.91,3201.8,3985.74,-2602.01
22240,3816,24,103.6116,-0.5018,0.0081,1.0053,4086,16239.35,22172.01,145.95,3229.4,3962.3,-2579.78
22250,3732,124,174.4717,-0.2993,0.8106,0.9978,4010,16213.41,22189.17,147.69,3159.9,3938.31,-2559.21
22260,3711,189,219.8214,-0.0133,0.7802,1.0048,4184,16186.81,22206.11,149.88,3140.8,3913.42,-2540.01
22270,3708,169,151.344,0.0033,0.8078,0.9903,4019,16158.92,22221.67,151.39,3140.0,3888.03,-2521.52
22280,3708,95,77.4821,0.0375,0.7799,0.9988,3894,16130.06,22236.35,152.16,3140.7,3862.63,-2503.06
22290,3746,-36,-68.7531,0.4482,-0.0009,0.994,3962,16101.03,22251.73,151.47,3170.4,3837.59,-2483.59
22300,3810,-126,-111.4583,-0.3063,-0.0025,0.9939,4074,16071.97,22267.92,150.36,3225.8,3812.91,-2462.81
22310,3789,-115,10.3307,-0.6113,0.1889,1.0079,3921,16042.78,22284.75,150.46,3207.1,3788.52,-2441.95
22320,3742,-29,182.7814,-0.0151,0.796,0.9794,4312,16013.66,22301.62,152.28,3166.8,3763.67,-2422.28
22330,3740,60,248.1475,0.0031,0.7898,1.0011,4252,15983.96,22316.12,154.76,3166.4,3737.7,-2404.15
22340,3742,147,267.6936,0.4367,0.7976,1.0131,4106,15953.69,22328.89,157.44,3167.4,3710.55,-2387.83
22350,3806,150,115.915,-0.1681,0.0057,0.9899,3743,15923.22,22341.08,158.59,3222.8,3682.34,-2372.21
22360,3749,120,14.19,-0.6437,0.0122,0.9954,3990,15892.5,22353.03,158.73,3174.4,3654.49,-2356.97
22370,3703,72,11.942,-0.6483,0.3551,1.0046,4197,15861.48,22365.28,158.85,3135.1,3627.13,-2341.64
22380,3653,6,38.826,-0.0048,0.7989,1.0034,4141,15830.33,22378.2,159.23,3094.0,3600.37,-2326.14
22390,3655,-64,44.6523,0.0073,0.7951,1.0088,4150,15798.55,22389.56,159.67,3093.9,3573.76,-2310.32
22400,3655,-77,104.9578,0.4432,0.8035,0.9962,4216,15766.62,22400.56,160.72,3095.1,3547.02,-2294.72
22410,3723,-81,41.079,0.4521,-0.0097,1.005,3615,15734.62,22411.64,161.13,3151.8,3519.58,-2279.19
22420,3788,17,119.0067,0.4442,0.2116,0.9954,4386,15702.16,22422.43,162.31,3207.5,3491.06,-2264.51
22430,3852,156,265.971,0.4411,0.7569,1.004,4318,15669.05,22432.67,164.97,3262.3,3461.11,-2251.59
22440,3884,198,225.7879,0.449,0.7671,0.9924,4353,15635.05,22441.31,167.23,3289.3,3430.24,-2240.22
22450,3945,162,139.561,0.4504,0.7905,0.9985,4166,15600.11,22448.0,168.62,3339.9,3398.63,-2229.38
22460,4006,34,-47.1764,-0.6324,-0.0043,0.9978,4347,15564.84,22455.07,168.14,3392.5,3366.81,-2217.64
22470,3921,-91,-133.5071,-0.6385,0.1343,1.0014,3969,15529.3,22462.96,166.81,3319.9,3336.24,-2204.7
22480,3876,-91,47.8026,-0.0253,0.7892,0.9952,4167,15493.52,22471.72,167.28,3281.0,3306.12,-2191.63
22490,3873,-61,146.7102,0.0016,0.7906,0.995,3915,15457.13,22479.86,168.74,3280.5,3275.72,-2179.29
22500,3876,38,248.8733,0.4509,0.7934,0.9976,4109,15419.83,22485.71,171.23,3281.4,3244.63,-2168.77
22510,3940,108,178.8129,0.4536,0.0056,1.0112,4205,15381.98,22490.82,173.01,3335.0,3212.49,-2159.86
22520,4000,159,121.7584,-0.1065,0.0465,1.0045,3998,15343.58,22495.12,174.23,3387.7,3179.51,-2152.09
22530,3993,173,154.5106,-0.0061,0.8017,1.0116,4220,15304.72,22499.1,175.77,3380.1,3146.39,-2145.24
22540,3992,59,49.8938,-0.008,0.7986,0.9768,4089,15265.34,22501.61,176.27,3379.5,3113.36,-2138.06
22550,4023,-61,-0.9304,0.4402,0.7702,0.9935,4211,15225.48,22503.71,176.26,3406.3,3080.27,-2129.98
22560,4083,-157,-89.4298,0.437,0.0008,0.9954,4014,15185.18,22506.73,175.36,3457.9,3046.94,-2120.74
22570,4145,-75,81.512,0.4536,0.4622,0.9961,3922,15144.45,22510.0,176.17,3508.7,3012.93,-2112.02
22580,4204,74,231.0888,0.4255,0.5475,1.0067,4264,15103.22,22512.56,178.48,3558.9,2977.97,-2105.36
22590,4260,185,243.5773,0.4324,0.5773,0.9966,3624,15061.47,22512.11,180.91,3608.3,2942.15,-2101.02
22600,4320,167,88.2289,0.435,0.058,1.0145,3914,15019.3,22510.9,181.79,3657.1,2905.73,-2097.5
22610,4404,44,-80.861,0.4545,0.0005,1.0049,3981,14976.76,22509.8,180.98,3729.0,2868.72,-2092.85
22620,4461,-101,-153.4954,0.4569,-0.0057,1.0064,4122,14934.23,22509.64,179.44,3776.2,2831.55,-2086.16
22630,4518,-173,-111.2855,0.4633,-0.0112,1.03,4097,14892.16,22510.52,178.32,3822.8,2794.18,-2077.92
22640,4569,-123,9.5643,0.4546,0.0014,1.0116,4251,14850.7,22511.78,178.42,3868.9,2756.36,-2069.71
22650,4625,13,119.3309,0.4605,-0.0024,1.0014,3968,14809.86,22512.53,179.61,3914.4,2717.78,-2063.0
22660,4677,139,144.5172,0.4644,0.0074,0.9947,3973,14769.64,22512.28,181.05,3959.4,2678.47,-2058.19
22670,4730,174,74.1866,0.4457,-0.0055,0.998,3842,14730.03,22511.24,181.79,4003.9,2638.59,-2054.34
22680,4781,98,-40.3808,0.4356,-0.0097,1.0066,4245,14691.05,22510.1,181.38,4047.9,2598.35,-2049.87
22690,4831,-34,-125.1731,0.4489,0.0034,0.9859,4105,14652.67,22509.57,180.13,4091.4,2557.92,-2043.62
22700,4883,-152,-132.0678,0.453,0.0003,1.0114,4298,14614.53,22509.94,178.8,4134.5,2517.4,-2035.4
22710,4934,-176,-59.5434,0.4601,0.0081,1.0021,3646,14576.39,22511.0,178.2,4177.1,2476.62,-2026.25
22720,4959,-92,49.6981,0.454,0.0034,0.9877,4162,14538.02,22512.1,178.7,4198.3,2435.48,-2017.78
22730,5008,49,131.2495,0.4114,0.0103,0.9884,3934,14499.19,22512.56,180.01,4240.3,2393.61,-2011.11
22740,5029,184,188.1624,0.0018,0.5262,1.003,4308,14460.29,22512.09,-178.12,4259.0,2351.24,-2006.76
22750,5013,198,109.3716,-0.6236,0.5101,1.0002,4222,14421.98,22510.51,-177.03,4244.6,2308.9,-2003.6
22760,4944,106,0.4721,-0.6283,0.4853,1.0094,3973,14384.33,22508.22,-177.02,4185.7,2267.18,-2000.07
22770,4874,-51,-115.7567,-0.635,-0.0021,0.9942,3950,14347.23,22506.61,-178.18,4126.1,2226.25,-1994.81
22780,4802,-157,-123.0493,-0.6261,-0.0069,1.0033,4099,14310.28,22505.86,-179.42,4065.5,2186.17,-1987.9
22790,4730,-166,-47.9823,-0.6441,-0.0178,1.0031,4193,14273.3,22505.69,-179.9,4004.1,2146.8,-1980.44
22800,4653,-82,55.2853,-0.6317,-0.0092,1.0038,4035,14236.05,22505.5,-179.35,3941.6,2107.95,-1973.84
22810,4617,50,129.1188,-0.627,-0.0136,0.9975,4007,14198.39,22504.67,-178.06,3910.0,2069.16,-1969.03
22820,4543,178,200.1181,-0.6308,0.6275,1.0117,4011,14160.29,22502.93,-176.06,3846.1,2030.77,-1966.49
22830,4505,204,167.0987,-0.0044,0.7927,1.0,4039,14121.8,22500.42,-174.4,3813.2,1992.62,-1965.42
22840,4503,109,56.2941,0.0088,0.8115,1.0066,4018,14083.14,22495.56,-173.84,3813.4,1954.51,-1964.26
22850,4532,-45,-76.961,0.4576,0.1758,1.0037,3999,14044.65,22491.45,-174.61,3837.4,1916.22,-1961.7
22860,4586,-161,-122.175,0.4426,0.003,0.9921,4179,14006.43,22488.29,-175.83,3883.3,1877.62,-1957.44
22870,4598,-156,-35.0314,-0.6584,-0.0187,0.9907,3779,13968.18,22485.68,-176.18,3892.4,1838.96,-1952.71
22880,4523,-56,74.1048,-0.6515,-0.0094,1.0086,3946,13929.8,22482.93,-175.45,3828.2,1800.83,-1949.03
22890,4444,79,139.763,-0.6331,0.008,1.0109,4069,13891.08,22479.38,-174.05,3762.9,1763.25,-1947.25
22900,4367,185,183.8447,-0.0092,0.8038,1.0149,4291,13852.03,22474.87,-172.22,3696.4,1726.26,-1947.45
22910,4363,187,149.0169,0.0293,0.7798,0.9984,4011,13813.14,22469.87,-170.73,3695.0,1689.33,-1948.74
22920,4363,79,38.5459,0.4591,0.8118,0.9989,4221,13775.19,22462.62,-170.35,3695.7,1652.4,-1949.71
22930,4419,-66,-65.7792,0.4441,-0.0015,1.0028,4035,13737.74,22456.22,-171.01,3743.3,1614.98,-1949.36
22940,4478,-162,-105.2161,0.4531,-0.0031,0.9968,4426,13700.65,22450.74,-172.06,3790.3,1577.09,-1947.62
22950,4506,-140,-12.0145,0.4515,0.0151,1.0001,3740,13663.57,22445.67,-172.19,3813.6,1538.97,-1945.69
22960,4558,-34,88.2845,0.4394,0.0029,1.0039,4506,13626.47,22440.33,-171.31,3859.8,1500.39,-1944.93
22970,4613,94,138.648,-0.1882,-0.0184,1.0107,3896,13589.15,22434.17,-169.92,3905.4,1461.34,-1946.03
22980,4563,183,141.3952,-0.6389,0.4007,0.9947,4217,13551.53,22427.08,-168.51,3864.9,1422.8,-1948.83
22990,4524,181,126.3136,-0.0118,0.8066,1.0117,3885,13513.57,22419.51,-167.25,3832.0,1384.65,-1952.48
23000,4526,64,21.0327,0.0132,0.8057,1.0162,3997,13475.83,22410.43,-167.04,3832.0,1346.46,-1955.62
23010,4553,-72,-45.2102,0.4661,0.425,1.0054,3837,13438.58,22401.69,-167.5,3855.7,1307.95,-1957.52
23020,4609,-169,-97.3195,0.458,0.0051,1.003,4232,13401.57,22393.86,-168.48,3901.4,1268.92,-1958.14
23030,4660,-135,1.7716,-0.2343,-0.0062,1.0047,3936,13364.55,22386.37,-168.46,3946.5,1229.45,-1958.77
23040,4610,-14,100.1542,-0.6398,0.0085,0.9879,4056,13327.53,22378.52,-167.46,3903.7,1190.47,-1960.77
23050,4572,113,140.5444,-0.6356,0.0177,1.0026,3797,13290.32,22369.76,-166.06,3871.8,1151.95,-1964.64
23060,4497,176,110.3847,-0.6432,0.0036,1.0073,4240,13252.86,22360.08,-164.96,3807.2,1114.21,-1969.82
23070,4418,165,114.3529,-0.0137,0.8004,1.012,3890,13215.07,22350.0,-163.82,3741.5,1077.23,-1975.55
23080,4417,41,13.5698,0.0026,0.7839,0.984,4278,13177.52,22338.85,-163.69,3740.9,1040.18,-1980.65
23090,4420,-79,-21.4589,0.4444,0.8022,0.9987,4273,13140.55,22327.7,-163.9,3742.1,1002.98,-1984.71
23100,4476,-167,-81.4275,0.4534,0.0128,1.0009,4088,13103.86,22317.45,-164.72,3789.1,965.18,-1987.74
23110,4531,-111,23.9493,0.4513,-0.0186,0.9896,4138,13067.26,22307.43,-164.48,3835.6,926.96,-1991.12
23120,4585,11,114.8881,0.4422,0.0022,1.0122,3769,13030.78,22296.95,-163.34,3881.5,888.45,-1996.08
23130,4574,130,138.0711,-0.6296,0.0059,0.9697,4078,12994.27,22285.53,-161.96,3874.2,850.32,-2002.86
23140,4498,167,77.123,-0.6395,0.1736,0.9975,3958,12957.56,22273.24,-161.19,3809.6,813.0,-2010.55
23150,4461,143,88.6994,-0.0062,0.7811,0.9895,4261,12920.51,22260.68,-160.31,3776.1,776.07,-2018.52
23160,4459,15,-1.9711,0.0105,0.7961,0.9953,4072,12883.78,22247.57,-160.33,3775.9,739.01,-2025.69
23170,4489,-97,-13.5132,0.453,0.6309,0.9996,4254,12847.74,22234.25,-160.47,3799.8,701.5,-2031.92
23180,4543,-162,-51.8338,0.4482,0.011,1.0188,3970,12812.0,22221.78,-160.99,3846.2,663.42,-2037.47
23190,4570,-92,43.57,0.4573,0.005,1.0064,4025,12776.53,22209.47,-160.56,3869.1,625.21,-2043.63
23200,4624,34,123.4414,0.446,0.0155,1.0065,3562,12741.27,22196.63,-159.33,3914.6,586.87,-2051.52
23210,4632,143,131.6756,-0.6292,0.0055,0.9838,3921,12706.15,22182.89,-158.01,3921.8,548.85,-2061.16
23220,4556,167,61.6431,-0.639,0.0074,0.9917,3915,12670.87,22168.37,-157.4,3858.1,511.66,-2071.48
23230,4481,121,48.4818,-0.0449,0.7936,1.0044,3628,12635.21,22153.63,-156.92,3793.2,475.09,-2081.62
23240,4478,-5,-9.3715,-0.0124,0.7839,0.9961,3649,12599.31,22138.8,-157.01,3792.4,438.31,-2090.83
23250,4480,-102,-9.8494,0.439,0.8056,0.9785,4168,12564.07,22123.21,-157.12,3793.4,401.3,-2099.19
23260,4536,-147,-14.0416,0.4474,-0.0042,1.0066,3886,12529.09,22108.43,-157.26,3839.8,363.73,-2107.22
23270,4590,-77,57.2558,0.4475,-0.0149,1.0142,4109,12494.36,22093.73,-156.69,3885.6,325.88,-2116.09
23280,4643,53,129.3957,-0.3454,-0.0032,0.9913,4073,12460.03,22078.5,-155.4,3931.0,288.05,-2126.77
23290,4623,151,124.3284,-0.6284,-0.0108,1.0024,3641,12426.59,22062.72,-154.16,3914.2,250.87,-2139.04
23300,4548,160,50.0676,-0.6263,0.0085,1.0085,3988,12393.94,22046.68,-153.66,3850.3,214.5,-2151.73
23310,4472,106,7.8638,-0.622,0.7397,0.9951,3863,12361.86,22030.91,-153.59,3785.4,178.65,-2163.97
23320,4432,10,-4.143,-0.0039,0.7945,1.0094,3717,12330.13,22015.91,-153.63,3752.0,142.9,-2175.34
23330,4432,-89,-12.3071,-0.002,0.7934,0.9968,4001,12299.43,22000.22,-153.76,3751.9,106.87,-2185.86
23340,4432,-121,36.4424,0.4516,0.7932,1.0097,3780,12269.23,21984.91,-153.4,3753.2,70.78,-2196.21
23350,4487,-118,15.393,0.4343,-0.0076,0.9968,4163,12239.48,21970.01,-153.25,3800.1,34.31,-2206.88
23360,4517,-25,87.996,0.4478,0.0134,1.0145,3756,12210.4,21955.1,-152.37,3823.4,-2.06,-2218.72
23370,4571,79,118.3765,0.454,-0.0051,0.9865,4151,12182.2,21939.97,-151.19,3869.4,-38.34,-2232.21
23380,4607,150,97.3952,-0.6228,0.0004,1.0033,3899,12154.8,21924.57,-150.22,3900.4,-74.43,-2247.04
23390,4569,158,37.7668,-0.6308,0.0074,1.0174,3919,12128.16,21909.17,-149.84,3868.5,-110.03,-2262.23
23400,4494,102,-33.0856,-0.6454,0.2049,1.0099,3850,12102.02,21894.05,-150.18,3803.8,-145.21,-2276.75
23410,4455,47,1.0061,-0.0163,0.7927,0.9814,4384,12076.31,21879.56,-150.17,3771.1,-180.28,-2290.63
23420,4453,-45,-15.9905,-0.1349,0.7944,1.0023,4036,12050.87,21865.79,-150.33,3769.9,-215.64,-2303.72
23430,4446,-106,0.7982,-0.6448,0.7931,0.9925,3400,12026.61,21851.34,-150.32,3763.1,-251.14,-2316.27
23440,4407,-120,46.0893,-0.6229,0.7901,0.9961,4007,12002.74,21837.27,-149.87,3730.0,-286.33,-2328.73
23450,4327,-110,38.1401,-0.6247,-0.0004,0.9995,4119,11979.39,21823.58,-149.49,3662.9,-320.76,-2341.29
23460,4286,-50,64.9616,-0.6573,0.0116,1.004,4044,11956.68,21810.04,-148.84,3628.9,-354.57,-2354.49
23470,4245,29,92.1614,-0.6426,0.011,0.9874,4219,11934.67,21796.5,-147.92,3594.5,-387.61,-2368.63
23480,4164,97,91.8477,-0.6375,-0.0053,1.0058,3829,11913.42,21782.93,-147.01,3524.9,-419.56,-2383.55
23490,4122,135,67.2601,-0.6352,-0.0118,1.0069,3870,11892.9,21769.43,-146.34,3489.5,-450.84,-2399.05
23500,4077,140,27.7713,-0.6309,-0.0077,1.0037,3805,11872.99,21756.08,-146.06,3453.8,-481.63,-2414.7
23510,4036,110,-15.7172,-0.6286,0.0195,1.0184,4309,11853.47,21742.97,-146.23,3417.7,-512.2,-2430.0
23520,3995,54,-53.7218,-0.6299,-0.0123,0.9892,4299,11833.96,21730.04,-146.77,3381.2,-542.74,-2444.56
23530,3905,16,-5.836,-0.6264,0.622,1.0025,3664,11814.32,21717.36,-146.83,3307.1,-572.79,-2458.34
23540,3862,-45,-12.5796,-0.6485,0.6003,1.0002,4171,11794.43,21704.94,-146.96,3269.4,-602.75,-2471.45
23550,3816,-87,1.3687,-0.6256,0.5938,0.9967,3716,11774.59,21692.12,-146.94,3231.2,-632.51,-2484.04
23560,3772,-103,33.3698,-0.642,0.5748,1.0029,3865,11755.07,21678.76,-146.61,3192.6,-661.96,-2496.44
23570,3726,-85,75.0755,-0.6341,0.5536,0.9977,3768,11735.52,21665.5,-145.87,3153.5,-690.88,-2509.07
23580,3679,-67,48.5389,-0.6168,0.2031,0.999,4250,11716.01,21652.16,-145.39,3114.0,-719.24,-2521.99
23590,3583,-11,73.9857,-0.6521,-0.0015,0.991,4137,11696.61,21638.59,-144.65,3033.3,-746.52,-2535.26
23600,3536,52,88.9034,-0.6441,0.0036,1.0068,4432,11677.27,21624.65,-143.76,2992.1,-773.01,-2549.2
23610,3485,98,81.2092,-0.6334,-0.0061,0.9908,3959,11658.26,21610.49,-142.95,2950.4,-798.73,-2563.68
23620,3435,119,54.4051,-0.6214,-0.0017,0.9994,3870,11639.53,21596.2,-142.41,2908.0,-823.81,-2578.42
23630,3384,110,15.0184,-0.6361,0.0134,1.0067,4176,11620.88,21581.79,-142.26,2865.1,-848.45,-2593.07
23640,3280,77,-27.7992,-0.6488,0.0043,0.9878,3763,11602.19,21567.38,-142.54,2777.2,-872.46,-2607.04
23650,3226,25,-64.1289,-0.6257,-0.01,1.0293,4236,11583.33,21553.09,-143.19,2732.2,-896.38,-2620.24
23660,3174,-46,-128.804,-0.6291,0.3153,1.0108,4126,11564.43,21539.16,-144.48,2686.4,-920.37,-2632.35
23670,3118,-98,-142.8676,-0.6395,0.2976,0.9999,3805,11545.44,21525.6,-145.91,2639.8,-944.39,-2643.3
23680,3063,-123,-123.5945,-0.6486,0.292,0.9892,4076,11526.15,21512.48,-147.15,2592.4,-968.34,-2653.28
23690,3004,-127,-89.0461,-0.6094,0.2845,0.9937,3802,11506.18,21500.35,-148.04,2544.2,-992.03,-2662.57
23700,2889,-101,-47.5187,-0.6432,0.2786,0.9987,3937,11486.02,21488.16,-148.52,2444.7,-1014.86,-2671.36
23710,2825,-90,-85.0989,-0.6365,0.7954,1.0007,3969,11465.91,21475.85,-149.38,2393.5,-1037.25,-2679.81
23720,2767,-58,-112.9464,-0.0224,0.7891,1.007,4329,11446.06,21463.37,-150.51,2341.1,-1059.2,-2687.98
23730,2761,-15,-104.4119,-0.0072,0.7859,1.0037,3784,11426.3,21450.76,-151.56,2339.1,-1081.15,-2696.04
23740,2763,18,-116.5434,0.0258,0.7847,1.0128,3893,11404.88,21441.21,-152.72,2339.0,-1103.16,-2703.97
23750,2765,30,-147.189,0.0574,0.7908,0.9973,3935,11383.38,21431.34,-154.2,2340.8,-1125.33,-2711.52
23760,2809,17,-184.7371,-0.1811,0.7973,0.9803,3918,11361.88,21421.36,-156.05,2378.7,-1148.09,-2718.45
23770,2791,-14,-225.9081,-0.0398,0.7871,1.0007,3949,11340.47,21411.5,-158.31,2363.6,-1170.99,-2724.33
23780,2791,-61,-259.2138,0.0006,0.7919,1.0036,3749,11318.95,21401.84,-160.91,2361.7,-1194.18,-2728.87
23790,2792,-112,-275.6041,0.0118,0.7915,1.0018,4017,11296.12,21396.05,-163.67,2361.5,-1217.62,-2731.91
23800,2790,-149,-272.5696,0.0407,0.7932,1.0021,4287,11272.97,21390.75,-166.4,2363.3,-1241.2,-2733.51
23810,2840,-170,-242.309,-0.5704,0.7954,1.017,3469,11249.68,21385.72,-168.82,2404.0,-1265.25,-2733.86
23820,2785,-165,-209.8355,-0.0365,0.8083,1.0082,4236,11226.52,21380.9,-170.92,2357.1,-1288.83,-2733.27
23830,2782,-139,-167.0665,-0.004,0.7969,1.0024,3666,11203.41,21376.07,-172.6,2355.1,-1312.37,-2732.08
23840,2782,-94,-129.6849,0.0255,0.7845,0.9972,3916,11179.86,21374.41,-173.9,2354.9,-1335.88,-2730.61
23850,2782,-46,-106.3121,0.0303,0.7949,0.9887,3914,11156.29,21373.06,-174.96,2356.6,-1359.38,-2729.05
23860,2787,-2,-98.2724,0.1936,0.7861,0.9865,4044,11132.95,21371.36,-175.95,2360.1,-1382.92,-2727.42
23870,2757,22,-122.887,-0.0386,0.8117,0.9807,3821,11109.81,21369.36,-177.18,2333.7,-1406.2,-2725.6
23880,2754,29,-156.4698,0.014,0.811,1.0153,4016,11086.66,21367.14,181.25,2331.5,-1429.42,-2723.3
23890,2754,7,-198.005,0.0032,0.7883,1.0007,4031,11063.49,21367.66,179.27,2331.3,-1452.53,-2720.15
23900,2755,-27,-238.6212,0.0437,0.8048,0.9942,4049,11040.19,21369.5,176.88,2332.9,-1475.47,-2715.88
23910,2759,-76,-266.498,0.4379,0.8202,0.9893,4054,11016.61,21371.63,174.21,2336.5,-1498.13,-2710.23
23920,2803,-124,-280.669,-0.2653,0.78,0.9895,4245,10992.91,21374.13,171.4,2374.2,-1520.74,-2703.01
23930,2776,-160,-271.1412,-0.0061,0.8106,0.9802,3741,10969.28,21376.97,168.69,2349.5,-1542.65,-2694.5
23940,2775,-171,-242.3373,0.0376,0.7904,1.0115,3654,10946.17,21382.43,166.26,2349.2,-1564.11,-2684.9
23950,2778,-162,-200.9987,0.0402,0.8133,0.9995,4105,10923.42,21389.62,164.25,2350.8,-1585.22,-2674.5
23960,2780,-125,-149.2724,0.459,0.8016,0.9925,4019,10900.86,21396.69,162.75,2354.3,-1606.13,-2663.67
23970,2825,-82,-120.0804,-0.4579,0.7778,1.0076,3725,10878.57,21403.44,161.55,2391.6,-1627.27,-2652.48
23980,2777,-32,-102.6301,-0.0005,0.8162,0.9903,3586,10856.28,21409.87,160.52,2351.4,-1648.02,-2641.43
23990,2776,6,-105.221,0.0308,0.8118,0.9939,4023,10834.5,21417.65,159.46,2351.0,-1668.72,-2630.3
24000,2780,27,-127.1951,0.0547,0.7974,0.999,4205,10813.26,21427.19,158.19,2352.5,-1689.33,-2618.9
24010,2784,26,-164.5082,0.4541,0.8111,0.9985,3855,10791.71,21436.68,156.54,2355.9,-1709.68,-2606.99
24020,2827,3,-202.3326,-0.3037,0.8083,0.9918,3840,10770.0,21446.22,154.51,2393.2,-1729.86,-2594.1
24030,2797,-40,-246.0738,-0.0416,0.7912,1.0042,3973,10748.31,21455.92,152.05,2367.1,-1749.13,-2580.33
24040,2791,-91,-271.9455,0.005,0.8008,0.9968,4034,10727.42,21467.05,149.33,2364.4,-1767.46,-2565.41
24050,2794,-134,-277.552,0.0516,0.7858,1.0026,4364,10708.01,21480.78,146.55,2365.8,-1784.83,-2549.36
24060,2798,-164,-260.2987,-0.1668,0.8009,1.0008,3843,10688.87,21494.73,143.94,2369.1,-1801.27,-2532.29
24070,2785,-170,-227.4427,-0.3583,0.8126,1.0042,3994,10670.14,21508.66,141.66,2355.5,-1816.83,-2514.55
24080,2747,-155,-189.902,-0.032,0.7923,1.0176,4163,10651.6,21522.55,139.76,2325.8,-1831.58,-2496.56
24090,2743,-118,-149.9691,-0.0234,0.7883,0.9955,4055,10633.58,21536.98,138.26,2323.3,-1845.98,-2478.33
24100,2748,-73,-119.7629,0.0304,0.7944,0.9748,4064,10617.44,21553.67,137.06,2324.4,-1860.25,-2459.95
24110,2750,-25,-106.93,0.454,0.7799,1.0187,4213,10600.89,21570.31,135.99,2327.8,-1874.48,-2441.52
24120,2794,15,-105.3918,0.1761,0.766,1.0103,3892,10583.83,21586.95,134.93,2365.5,-1888.85,-2422.73
24130,2811,32,-134.7603,-0.0356,0.8226,1.0034,3685,10566.46,21603.49,133.58,2379.9,-1903.05,-2403.62
24140,2809,23,-176.0162,-0.0109,0.8011,0.9959,3800,10549.3,21620.27,131.82,2377.6,-1916.7,-2384.12
24150,2809,-8,-220.2747,0.0486,0.7997,1.0044,4236,10534.81,21639.38,129.61,2378.5,-1929.48,-2364.06
24160,2813,-52,-254.217,-0.0274,0.7845,0.9997,4171,10520.57,21658.49,127.07,2381.6,-1941.14,-2343.28
24170,2812,-98,-266.4424,-0.6349,0.7686,1.006,3835,10506.82,21677.48,124.4,2380.6,-1951.5,-2321.85
24180,2750,-144,-275.535,-0.0209,0.7896,1.0028,4179,10493.46,21696.52,121.64,2327.9,-1960.28,-2300.28
24190,2746,-168,-255.8058,-0.0138,0.8047,1.0017,4122,10480.37,21715.71,119.08,2325.3,-1967.83,-2278.28
24200,2745,-169,-221.123,0.0136,0.7976,0.9953,3690,10470.86,21736.98,116.86,2324.7,-1974.41,-2255.98
24210,2751,-148,-180.5475,0.3729,0.7848,1.0034,4048,10461.38,21758.45,115.06,2329.4,-1980.35,-2233.45
24220,2791,-106,-137.6023,0.1124,0.7991,0.9998,3921,10451.8,21779.82,113.68,2362.2,-1986.05,-2210.51
24230,2803,-57,-106.6003,-0.0145,0.8023,1.0011,4038,10442.04,21800.93,112.61,2371.7,-1991.65,-2187.45
24240,2797,-11,-98.8028,0.0114,0.8112,0.9936,4108,10431.96,21821.88,111.62,2369.3,-1997.19,-2164.43
24250,2798,20,-110.9752,0.0224,0.8052,0.9931,4327,10424.61,21843.9,110.5,2368.7,-2002.59,-2141.35
24260,2798,32,-141.5006,0.0396,0.7812,1.009,4070,10417.55,21866.26,109.09,2370.0,-2007.61,-2118.19
24270,2805,20,-179.4794,-0.6403,0.7722,1.0188,3640,10410.23,21889.05,107.29,2374.1,-2011.93,-2094.83
24280,2740,-25,-242.2929,-0.0175,0.7952,0.9983,3899,10402.84,21912.33,104.86,2321.3,-2015.01,-2071.83
24290,2737,-76,-282.5958,-0.0139,0.7786,0.9877,4057,10395.56,21936.11,102.03,2318.6,-2016.65,-2048.71
24300,2737,-130,-303.7053,0.0097,0.8043,1.0013,4000,10392.01,21961.08,98.99,2317.9,-2016.67,-2025.54
24310,2744,-168,-299.2912,0.4612,0.7934,1.0169,3936,10389.65,21986.73,96.0,2322.4,-2015.14,-2002.35
24320,2788,-180,-258.8899,0.4475,0.7568,1.0192,4152,10387.58,22012.83,93.4,2360.2,-2012.31,-1978.9
24330,2830,-163,-207.8875,0.0248,0.7905,0.9865,3926,10385.61,22039.31,91.32,2397.4,-2008.56,-1955.23
24340,2832,-118,-158.0196,0.0128,0.7813,0.986,4182,10384.36,22066.19,89.74,2398.8,-2004.39,-1931.61
24350,2835,-61,-121.8473,0.0259,0.8063,1.0057,4150,10386.31,22093.57,88.52,2399.9,-2000.07,-1908.0
24360,2838,-3,-109.0217,-0.3121,0.7844,0.9933,3831,10387.8,22121.36,87.42,2402.7,-1995.74,-1884.36
24370,2747,14,-154.7,-0.0209,0.8017,0.9977,3777,10388.85,22149.67,85.87,2324.7,-1991.23,-1861.54
24380,2743,8,-211.259,0.0019,0.7955,1.015,3896,10389.64,22178.5,83.76,2322.0,-1986.0,-1838.9
24390,2742,-36,-279.6318,0.0336,0.8099,1.0094,3956,10395.04,22207.18,80.96,2322.3,-1979.53,-1816.59
24400,2747,-101,-335.9379,0.4484,0.8005,0.9952,3934,10401.34,22236.22,77.6,2325.5,-1971.4,-1794.8
24410,2754,-161,-353.1992,-0.027,0.8002,0.9944,4105,10408.26,22265.56,74.06,2332.9,-1961.51,-1773.68
24420,2752,-195,-337.2103,-0.0025,0.7986,1.0032,4187,10415.72,22294.77,70.68,2330.1,-1950.1,-1753.36
24430,2752,-190,-277.8687,0.0378,0.7888,1.0023,3941,10427.58,22322.16,67.9,2330.3,-1937.6,-1733.69
24440,2756,-145,-209.0097,0.4531,0.7839,1.0071,3987,10440.08,22349.21,65.81,2333.3,-1924.5,-1714.36
24450,2844,-69,-111.4025,0.4583,0.6719,1.0003,4114,10452.27,22376.38,64.69,2408.1,-1910.9,-1694.49
24460,2887,-4,-86.1914,0.4525,0.7149,1.0173,3941,10464.05,22404.01,63.83,2444.6,-1897.18,-1674.26
24470,2974,35,-108.8182,0.4322,0.7458,1.0127,3994,10478.5,22430.41,62.73,2516.0,-1882.97,-1653.46
24480,3013,36,-161.9817,0.4329,0.7723,1.007,3826,10493.02,22456.27,61.11,2550.9,-1868.12,-1632.71
24490,3094,55,-66.0181,0.4556,-0.0021,0.9902,3637,10507.28,22481.64,60.45,2619.5,-1852.5,-1611.67
24500,3132,3,-84.7262,0.4561,-0.004,0.9995,3784,10521.66,22506.6,59.6,2653.1,-1836.07,-1590.85
24510,3213,-65,-106.4735,0.4596,0.067,1.0077,4099,10536.46,22531.3,58.53,2719.0,-1818.43,-1570.14
24520,3251,-152,-200.7983,0.4468,0.6653,1.0105,4289,10551.74,22555.8,56.52,2751.4,-1799.52,-1550.12
24530,3287,-175,-191.633,0.4357,0.7226,1.0027,3763,10567.47,22580.35,54.6,2783.4,-1779.59,-1530.68
24540,3361,-140,-128.5922,0.4371,0.7219,1.007,3863,10585.28,22604.01,53.31,2846.3,-1758.85,-1511.18
24550,3397,-69,-70.8992,0.4607,0.7598,0.9936,4307,10603.91,22627.57,52.6,2877.3,-1737.95,-1491.43
24560,3469,45,62.0612,0.4449,-0.0028,0.999,4593,10622.14,22651.46,53.21,2938.2,-1717.21,-1470.63
24570,3505,117,96.0012,0.4314,-0.004,0.9945,3916,10639.7,22675.38,54.17,2968.2,-1696.97,-1448.91
24580,3575,130,46.2543,-0.098,-0.0186,0.9895,4053,10656.91,22699.47,54.63,3027.3,-1676.69,-1426.42
24590,3569,52,-123.6942,-0.6321,0.5422,0.994,3990,10674.08,22723.61,53.39,3021.2,-1655.87,-1404.5
24600,3517,-36,-230.2167,-0.0006,0.7878,0.9918,3731,10691.61,22747.79,51.09,2978.6,-1634.24,-1384.04
24610,3518,-117,-263.4673,0.0135,0.8034,0.998,4227,10711.45,22770.59,48.45,2978.3,-1611.31,-1365.03
24620,3521,-173,-250.4595,0.4614,0.7924,0.9992,3564,10732.49,22792.34,45.94,2980.5,-1587.23,-1347.43
24630,3554,-144,-93.2337,0.4497,0.2769,1.0098,4200,10753.42,22813.4,45.01,3010.0,-1562.5,-1330.26
24640,3553,-92,19.1351,-0.6333,0.0142,0.9941,4020,10774.14,22834.15,45.19,3008.0,-1537.89,-1312.95
24650,3504,-23,77.279,-0.6334,-0.0042,1.0053,3895,10794.65,22855.05,45.96,2966.5,-1514.09,-1295.24
24660,3403,15,0.6603,-0.0318,0.8046,1.005,4146,10814.81,22876.29,45.97,2881.7,-1491.31,-1277.6
24670,3402,52,-60.5581,-0.0074,0.7889,1.0019,3861,10834.76,22898.11,45.36,2879.9,-1468.65,-1259.8
24680,3400,63,-108.6865,0.0355,0.8074,1.007,4051,10856.26,22918.98,44.27,2879.4,-1445.82,-1242.24
24690,3403,30,-179.221,0.4406,0.7911,1.0113,3797,10878.87,22939.39,42.47,2880.6,-1422.4,-1225.45
24700,3473,0,-132.8702,0.4586,0.0038,0.9955,3999,10901.66,22959.6,41.14,2941.5,-1397.87,-1209.21
24710,3511,-56,-109.4299,0.4475,0.0191,0.9991,3630,10924.43,22979.12,40.05,2971.4,-1372.49,-1193.75
24720,3580,-115,-98.903,-0.4354,0.0021,0.9936,4169,10947.48,22998.14,39.05,3030.5,-1346.06,-1178.89
24730,3544,-169,-158.2171,-0.6454,0.6314,1.0104,3678,10970.81,23016.86,37.47,3001.6,-1319.37,-1165.15
24740,3494,-150,-137.5638,-0.0242,0.7856,1.0104,4075,10994.32,23035.6,36.09,2958.8,-1292.78,-1152.16
24750,3493,-79,-76.2677,0.0056,0.8036,0.9961,4330,11019.26,23052.88,35.32,2958.6,-1266.21,-1139.17
24760,3499,0,-43.4167,0.453,0.8122,0.9981,3898,11044.2,23069.64,34.89,2961.0,-1239.74,-1125.85
24770,3533,99,54.763,0.4636,0.1833,0.9921,4153,11068.37,23086.54,35.43,2990.8,-1213.39,-1111.67
24780,3602,131,51.4442,-0.5512,0.0062,1.0056,4084,11092.01,23103.55,35.94,3049.4,-1186.79,-1096.74
24790,3558,98,-12.1597,-0.632,-0.0081,0.9913,3746,11115.56,23120.61,35.82,3013.0,-1160.44,-1082.11
24800,3461,-11,-176.6502,-0.0413,0.7808,0.9812,3773,11139.27,23137.53,34.05,2929.5,-1134.22,-1069.02
24810,3461,-105,-259.1455,-0.0213,0.7861,1.0051,3953,11163.48,23154.22,31.45,2927.9,-1107.22,-1057.63
24820,3459,-165,-257.6997,0.0161,0.7849,0.991,3989,11189.42,23168.85,28.87,2927.7,-1079.58,-1047.94
24830,3459,-185,-216.0879,0.4664,0.8165,1.0242,3968,11216.44,23182.27,26.71,2929.0,-1051.49,-1039.59
24840,3530,-121,-46.923,0.4518,-0.007,0.9986,3991,11243.23,23195.42,26.24,2988.9,-1022.77,-1031.27
24850,3566,-36,70.1005,0.4495,0.004,1.0098,3665,11269.63,23208.61,26.93,3018.3,-993.98,-1022.17
24860,3627,44,105.9646,-0.6249,-0.0077,1.0082,3938,11295.81,23222.2,27.99,3071.2,-965.06,-1011.84
24870,3579,73,9.2843,-0.6417,0.7575,0.9819,3780,11321.77,23236.31,28.08,3030.5,-936.73,-1001.08
24880,3529,74,-87.7045,-0.0225,0.7812,0.9817,3906,11347.8,23250.96,27.2,2988.3,-908.73,-990.59
24890,3529,47,-155.9383,0.019,0.7893,1.0122,3888,11375.01,23264.19,25.64,2988.2,-880.46,-980.89
24900,3532,-20,-220.8514,0.4519,0.7964,1.004,3894,11402.76,23276.13,23.43,2990.8,-851.72,-972.62
24910,3565,-64,-160.1363,0.4288,0.0598,1.0206,3828,11430.13,23287.39,21.82,3020.3,-822.35,-965.65
24920,3602,-107,-101.652,-0.2273,-0.0073,0.995,4243,11457.29,23297.98,20.8,3049.5,-792.44,-959.66
24930,3533,-128,-62.3205,-0.6283,0.0178,1.0007,4219,11484.55,23308.14,20.18,2992.8,-762.98,-954.42
24940,3485,-141,-93.0811,-0.6248,0.4089,0.9994,3652,11511.86,23318.15,19.24,2951.1,-733.83,-949.74
24950,3433,-98,-93.4226,0.0064,0.793,0.9935,3925,11539.3,23328.37,18.31,2907.3,-705.11,-945.25
24960,3432,-24,-53.6952,-0.0005,0.7936,1.0079,3987,11567.52,23337.4,17.77,2906.8,-676.44,-940.54
24970,3435,41,-51.9545,0.45,0.79,1.0147,3927,11596.48,23345.72,17.24,2908.7,-647.78,-935.55
24980,3471,102,-0.9239,0.4444,0.4323,0.9932,4096,11625.75,23354.63,17.23,2939.0,-618.88,-930.17
24990,3542,107,1.7488,0.445,-0.0013,1.0074,44833,11655.43,23363.87,17.24,2998.7,0.0,0.0
25000,3577,76,-31.7551,-0.5257,0.0085,0.9935,45741,11672.52,23369.13,16.92,3028.1,29.84,5.25
25010,3536,-152,-272.7257,-0.6452,0.038,1.0112,45176,11703.22,23378.05,14.19,2994.1,59.66,7.86
25020,3484,-194,-247.2001,-0.0282,0.8092,1.0019,4117,11734.62,23386.01,11.72,2950.6,89.16,8.73
25030,3484,-171,-176.0551,0.0049,0.8009,0.9911,3906,11766.81,23392.26,9.96,2949.7,118.67,8.66
25040,3486,-98,-98.326,0.4501,0.8093,0.9924,4324,11799.77,23396.86,8.97,2950.7,148.19,8.46
25050,3555,33,59.9299,0.4583,-0.0214,1.0211,4176,11833.05,23402.1,9.57,3010.2,178.28,9.2
25060,3585,125,112.3646,-0.6389,0.0057,1.0009,4077,11866.67,23408.12,10.69,3034.4,208.58,11.14
25070,3536,126,38.7386,-0.6427,0.0133,1.0048,3966,11900.66,23414.72,11.07,2993.2,238.44,13.51
25080,3436,-3,-229.6134,-0.0235,0.8131,1.0157,4020,11935.1,23421.42,8.77,2909.2,267.52,14.43
25090,3434,-101,-303.6481,0.0309,0.7962,1.0021,4125,11970.23,23426.36,5.73,2907.4,296.57,13.21
25100,3436,-182,-317.4714,0.4633,0.8043,1.0143,3897,12006.17,23427.96,2.56,2909.7,325.46,9.74
25110,3507,-160,-132.4352,0.4511,-0.009,0.995,3489,12042.56,23428.91,1.23,2969.9,354.81,5.14
25120,3545,-81,29.7718,0.4434,0.0006,1.0061,3782,12079.38,23429.74,1.52,2999.6,384.52,0.81
25130,3610,13,90.636,0.4538,0.0863,0.9996,3994,12116.61,23431.08,2.43,3058.1,414.91,-2.5
25140,3681,80,41.2798,0.4295,0.441,0.9848,4021,12154.22,23433.29,2.84,3115.5,445.98,-4.93
25150,3778,110,-20.0487,0.4606,0.4541,1.0027,4034,12192.3,23434.93,2.64,3199.6,477.91,-7.11
25160,3844,53,-118.9284,0.4622,0.237,0.9951,3883,12230.88,23436.08,1.44,3254.5,510.32,-10.19
25170,3908,-33,-123.701,0.4591,0.0068,1.0026,4076,12269.9,23436.67,0.2,3308.5,543.09,-14.75
25180,3968,-132,-137.8729,0.4488,0.0146,0.9965,3915,12309.37,23436.31,-1.18,3361.6,576.12,-20.96
25190,4034,-149,-61.8144,0.4401,-0.0166,0.9856,4125,12349.28,23435.21,-1.8,3413.9,609.56,-28.0
25200,4095,-66,57.9255,0.4386,-0.0075,1.0149,4093,12389.63,23434.08,-1.22,3465.4,643.63,-34.47
25210,4154,66,141.9173,0.4477,-0.0054,1.0215,3868,12430.43,23433.69,0.19,3516.1,678.46,-39.32
25220,4212,157,129.4841,0.4416,0.0092,0.9998,4394,12471.67,23434.33,1.49,3566.2,713.98,-42.63
25230,4269,138,24.9686,0.4422,-0.0131,1.004,3904,12513.36,23435.59,1.73,3615.5,750.01,-45.68
25240,4327,16,-100.3406,0.4629,-0.0233,0.9787,4070,12555.48,23436.55,0.73,3664.2,786.39,-50.06
25250,4385,-121,-154.5306,0.4641,-0.0106,0.9823,4047,12597.98,23436.51,-0.82,3712.2,822.96,-56.47
25260,4441,-172,-93.5217,0.4485,-0.0047,0.9894,4116,12640.57,23435.48,-1.76,3759.6,859.78,-64.17
25270,4495,-95,37.5599,0.4653,-0.0192,1.002,3712,12683.16,23434.23,-1.39,3806.4,897.14,-71.48
25280,4551,53,141.0016,0.4441,-0.0076,1.0067,4327,12725.75,23433.68,0.02,3852.7,935.28,-77.01
25290,4631,165,139.7559,0.4555,-0.01,0.9976,4054,12768.34,23434.25,1.41,3921.0,974.32,-80.74
25300,4682,157,34.6435,0.4526,-0.0163,0.9925,4270,12810.93,23435.51,1.75,3966.0,1013.84,-84.03
25310,4736,31,-95.96,0.4495,-0.0038,0.9795,3820,12853.52,23436.53,0.79,4010.4,1053.67,-88.69
25320,4789,-119,-155.0016,0.4527,0.0134,1.0087,3885,12896.11,23436.54,-0.76,4054.3,1093.63,-95.56
25330,4839,-183,-98.3772,0.4462,0.005,0.9997,4000,12938.7,23435.54,-1.75,4097.8,1133.77,-103.91
25340,4891,-111,31.6343,0.4526,0.0139,1.0013,3949,12981.29,23434.27,-1.43,4140.8,1174.41,-111.9
25350,4941,46,138.3056,0.4419,0.0222,0.985,3855,13023.88,23433.68,-0.05,4183.3,1215.8,-117.99
25360,4992,171,142.1866,0.4573,-0.0061,0.9918,3778,13066.47,23434.2,1.37,4225.5,1257.88,-122.07
25370,5030,171,40.5296,-0.0115,0.0007,1.0119,4130,13109.06,23435.45,1.77,4259.0,1300.34,-125.57
25380,5030,40,-91.083,-0.0122,0.0249,1.0045,3827,13151.65,23436.5,0.86,4259.0,1342.66,-130.43
25390,5029,-119,-154.9136,-0.009,-0.0026,1.0126,3606,13194.24,23436.56,-0.7,4259.0,1384.64,-137.56
25400,5030,-189,-102.9071,-0.0091,-0.0018,1.0046,4287,13236.83,23435.6,-1.73,4259.0,1426.36,-146.2
25410,5030,-120,25.6802,0.0143,-0.0043,1.0032,3723,13279.42,23434.32,-1.48,4259.0,1468.15,-154.46
25420,5031,40,135.4416,0.0014,0.0174,1.0081,4035,13322.01,23433.68,-0.12,4259.0,1510.28,-160.75
25430,5028,172,144.5923,-0.0102,-0.0043,1.0101,3892,13364.6,23434.16,1.32,4259.0,1552.66,-164.88
25440,5030,172,46.3922,0.0061,-0.0068,1.0052,3892,13407.19,23435.4,1.78,4259.0,1595.13,-168.36
25450,5029,49,-86.1474,-0.0189,-0.0125,1.0032,3943,13449.78,23436.47,0.92,4259.0,1637.45,-173.1
25460,5029,-114,-154.3536,0.0125,0.0193,1.0042,4199,13492.37,23436.59,-0.63,4259.0,1679.44,-180.13
25470,5029,-189,-107.4288,-0.0027,0.0005,0.9981,3458,13534.96,23435.65,-1.71,4259.0,1721.17,-188.72
25480,5030,-125,19.5555,-0.0025,0.0109,1.009,3937,13577.55,23434.37,-1.51,4259.0,1762.95,-197.02
25490,5030,31,132.3084,0.0042,0.0148,0.9867,3824,13620.14,23433.69,-0.19,4259.0,1805.06,-203.4
25500,5031,166,146.8009,0.005,-0.0058,1.0035,3819,13662.73,23434.12,1.27,4259.0,1847.46,-207.62
25510,5031,175,52.3016,0.012,-0.007,0.9879,3905,13705.32,23435.34,1.79,4259.0,1889.93,-211.07
25520,5031,57,-81.0096,-0.0048,-0.0077,1.0034,3925,13747.91,23436.44,0.98,4259.0,1932.28,-215.7
25530,5032,-108,-153.6832,-0.0003,-0.0086,0.9998,4077,13790.5,23436.61,-0.56,4259.0,1974.32,-222.62
25540,5029,-191,-111.6809,0.014,-0.0142,0.9911,4014,13833.09,23435.71,-1.68,4259.0,2016.05,-231.18
25550,5031,-132,13.653,-0.0068,0.0022,1.015,3722,13875.68,23434.42,-1.55,4259.0,2057.84,-239.54
25560,5032,24,129.0222,-0.0131,-0.0052,0.9979,4170,13918.27,23433.7,-0.26,4259.0,2099.95,-246.0
25570,5029,163,148.7008,-0.0231,0.0034,1.0148,3979,13960.86,23434.08,1.22,4259.0,2142.32,-250.27
25580,5030,177,57.7657,-0.0028,-0.0009,1.0075,4020,14003.45,23435.28,1.8,4259.0,2184.79,-253.7
25590,5031,62,-75.7385,0.0106,0.0111,1.0086,4151,14046.04,23436.41,1.04,4259.0,2227.15,-258.25
25600,5031,-99,-152.7815,-0.0072,0.005,1.0132,4041,14088.63,23436.62,-0.5,4259.0,2269.2,-265.03
25610,5029,-188,-115.9075,0.0033,-0.004,1.0001,4059,14131.22,23435.76,-1.66,4259.0,2310.95,-273.51
25620,5031,-137,7.5012,0.0217,0.0082,1.011,3660,14173.81,23434.47,-1.59,4259.0,2352.73,-281.9
25630,5031,18,125.4893,-0.0033,0.0043,1.0122,4214,14216.4,23433.71,-0.33,4259.0,2394.82,-288.44
25640,5031,159,150.2704,-0.0092,-0.0054,0.9964,3756,14258.99,23434.04,1.17,4259.0,2437.2,-292.77
25650,5032,179,63.4157,-0.01,-0.0036,1.0078,3576,14301.58,23435.22,1.8,4259.0,2479.69,-296.19
25660,5029,70,-70.4773,0.0094,-0.0023,1.0074,3908,14344.17,23436.37,1.09,4259.0,2522.04,-300.63
25670,5031,-94,-151.6523,-0.0093,-0.0025,1.0063,3890,14386.76,23436.64,-0.43,4259.0,2564.11,-307.31
25680,5032,-187,-119.7692,0.0125,0.013,1.0149,4075,14429.35,23435.82,-1.63,4259.0,2605.89,-315.74
25690,5031,-141,1.4872,-0.0011,-0.0016,1.0012,4217,14471.94,23434.52,-1.62,4259.0,2647.67,-324.16
25700,5030,9,121.7827,-0.0168,-0.0148,1.0113,4025,14514.53,23433.72,-0.4,4259.0,2689.73,-330.8
25710,5031,151,151.8035,-0.0092,-0.0128,1.0104,3844,14557.12,23434.0,1.11,4259.0,2732.11,-335.22
25720,5032,184,68.9388,-0.0015,0.0015,0.9959,3880,14599.71,23435.16,1.8,4259.0,2774.6,-338.6
25730,5031,76,-64.9677,-0.0027,0.0316,0.9938,4363,14642.3,23436.34,1.15,4259.0,2816.98,-342.95
25740,5031,-87,-150.3009,-0.0183,0.0056,0.9981,4109,14684.89,23436.65,-0.36,4259.0,2859.07,-349.51
25750,5030,-185,-123.6328,0.007,0.0152,0.9979,3668,14727.48,23435.87,-1.6,4259.0,2900.84,-357.87
25760,5030,-144,-4.64,0.0238,-0.0052,0.9949,4070,14770.07,23434.58,-1.65,4259.0,2942.6,-366.3
25770,5028,4,117.9763,0.0044,0.02,1.0009,4139,14812.66,23433.73,-0.47,4259.0,2984.64,-373.0
25780,5031,151,153.029,0.0063,-0.0051,0.9907,3553,14855.25,23433.97,1.06,4259.0,3027.01,-377.46
25790,5032,185,74.3855,0.0072,0.0089,0.9872,3788,14897.84,23435.1,1.8,4259.0,3069.51,-380.83
25800,5032,84,-59.3952,0.0028,-0.0023,1.0025,4115,14940.43,23436.3,1.2,4259.0,3111.91,-385.08
25810,5030,-79,-148.7526,0.0023,-0.0183,1.0012,4042,14983.02,23436.66,-0.29,4259.0,3154.01,-391.51
25820,5033,-185,-127.1573,-0.003,-0.0107,0.9972,4338,15025.61,23435.92,-1.56,4259.0,3195.82,-399.83
25830,5031,-153,-10.741,0.0016,-0.0009,0.9943,4033,15068.2,23434.63,-1.67,4259.0,3237.58,-408.32
25840,5032,-6,113.9432,0.0199,0.0171,1.0066,3923,15110.79,23433.75,-0.54,4259.0,3279.63,-415.13
25850,5030,147,153.9016,-0.0168,0.004,1.0179,4266,15153.38,23433.93,1.0,4259.0,3321.99,-419.65
25860,5029,186,79.592,0.007,0.0138,1.0108,3679,15195.97,23435.05,1.79,4259.0,3364.45,-423.02
25870,5031,90,-53.7545,-0.0079,0.0096,0.9781,3897,15238.56,23436.26,1.25,4259.0,3406.86,-427.18
25880,5032,-75,-146.877,-0.0066,0.0025,0.9974,4151,15281.15,23436.67,-0.22,4259.0,3448.99,-433.52
25890,5031,-184,-130.464,-0.0037,-0.0091,1.0004,3838,15323.74,23435.97,-1.53,4259.0,3490.79,-441.77
25900,5031,-156,-16.7659,-0.0242,-0.014,1.0013,3674,15366.33,23434.69,-1.7,4259.0,3532.55,-450.27
25910,5031,-12,109.6897,0.0029,0.0031,1.0118,4071,15408.92,23433.77,-0.61,4259.0,3574.59,-457.15
25920,5030,139,154.7705,-0.0269,-0.0172,0.9941,3998,15451.51,23433.9,0.94,4259.0,3616.93,-461.77
25930,5033,187,84.7887,0.0176,0.0088,1.0075,3826,15494.1,23434.99,1.78,4259.0,3659.43,-465.14
25940,5029,98,-47.9872,-0.0056,-0.008,1.0106,3889,15536.69,23436.22,1.3,4259.0,3701.83,-469.2
25950,5029,-66,-144.8977,-0.002,-0.0212,1.0036,4058,15579.28,23436.68,-0.15,4259.0,3743.95,-475.4
25960,5032,-179,-133.6477,-0.0056,0.0,1.0128,4017,15621.87,23436.02,-1.49,4259.0,3785.78,-483.56
25970,5031,-160,-22.7813,0.0047,0.0041,0.9935,3726,15664.46,23434.74,-1.72,4259.0,3827.54,-492.07
25980,5032,-22,105.2565,0.017,0.0138,0.9911,4249,15707.05,23433.79,-0.67,4259.0,3869.57,-499.06
25990,5031,137,155.2643,-0.003,0.0104,1.0016,3979,15749.64,23433.87,0.88,4259.0,3911.91,-503.73
26000,5030,188,89.7797,-0.0007,-0.0039,1.007,4119,15792.23,23434.93,1.77,4259.0,3954.39,-507.09
26010,5031,102,-42.139,-0.0085,0.0083,0.992,4223,15834.82,23436.17,1.35,4259.0,3996.81,-511.08
26020,5030,-61,-142.578,-0.0107,-0.0154,0.9848,3774,15877.41,23436.68,-0.08,4259.0,4038.96,-517.18
26030,5031,-176,-136.6251,-0.0071,-0.005,1.0007,4127,15920.0,23436.07,-1.45,4259.0,4080.79,-525.27
26040,5030,-163,-28.7323,-0.0057,-0.0036,1.0045,3637,15962.59,23434.8,-1.74,4259.0,4122.54,-533.78
26050,5030,-27,100.7532,0.002,-0.005,0.9926,3786,16005.18,23433.81,-0.74,4259.0,4164.54,-540.83
26060,5030,129,155.5589,0.0038,0.0221,0.9886,4016,16047.77,23433.84,0.82,4259.0,4206.87,-545.59
26070,5031,190,94.7036,0.0007,-0.0155,0.9913,4123,16090.36,23434.87,1.76,4259.0,4249.35,-548.95
26080,5031,110,-36.3426,0.0084,0.0074,0.9858,3745,16132.95,23436.13,1.39,4259.0,4291.78,-552.84
26090,5031,-53,-140.2171,-0.004,0.0067,0.9856,3974,16175.54,23436.68,-0.01,4259.0,4333.96,-558.81
26100,5030,-175,-139.4502,0.0046,-0.0095,0.986,4154,16218.13,23436.12,-1.41,4259.0,4375.79,-566.83
26110,5028,-168,-34.7191,-0.0017,-0.0056,1.0018,3925,16260.72,23434.86,-1.76,4259.0,4417.52,-575.37
26120,5030,-34,96.0001,-0.0154,-0.0058,1.006,3784,16303.31,23433.84,-0.8,4259.0,4459.51,-582.49
26130,5030,122,155.4757,0.0086,-0.0091,0.9699,3863,16345.9,23433.82,0.75,4259.0,4501.83,-587.34
26140,5030,190,99.4903,-0.0048,-0.0059,1.0113,4160,16388.49,23434.81,1.74,4259.0,4544.3,-590.71
26150,5030,115,-30.3155,0.0002,-0.0004,1.0017,3880,16431.08,23436.08,1.44,4259.0,4586.73,-594.54
26160,5029,-47,-137.305,0.0002,-0.0187,1.0023,3658,16473.67,23436.68,0.06,4259.0,4628.9,-600.4
26170,5032,-173,-141.9865,-0.004,0.0198,0.9999,3655,16516.26,23436.16,-1.36,4259.0,4670.77,-608.35
26180,5031,-170,-40.5833,0.0061,0.0058,1.0124,3954,16558.85,23434.91,-1.77,4259.0,4712.52,-616.88
26190,5031,-42,91.0732,0.0035,0.0078,1.0075,4063,16601.44,23433.86,-0.86,4259.0,4754.51,-624.08
26200,5030,118,155.3096,-0.0047,-0.0026,0.9766,4224,16644.03,23433.79,0.69,4259.0,4796.82,-629.0
26210,5032,189,104.0619,0.0168,0.0107,0.9824,4123,16686.62,23434.76,1.73,4259.0,4839.3,-632.4
26220,5031,122,-24.4072,-0.0012,-0.0016,0.9958,4164,16729.21,23436.03,1.48,4259.0,4881.75,-636.13
26230,5031,-38,-134.4225,0.0191,0.0072,0.9982,4019,16771.8,23436.68,0.13,4259.0,4923.96,-641.86
26240,5030,-169,-144.3149,0.0,0.0153,0.9935,3873,16814.39,23436.21,-1.31,4259.0,4965.83,-649.72
26250,5029,-173,-46.4615,0.0141,0.0003,0.9971,4111,16856.98,23434.97,-1.78,4259.0,5007.56,-658.25
26260,5032,-49,86.1271,0.0157,0.0117,0.995,4109,16899.57,23433.89,-0.92,4259.0,5049.55,-665.53
26270,5031,111,154.955,0.003,-0.0168,1.0101,4083,16942.16,23433.77,0.62,4259.0,5091.85,-670.54
26280,5030,191,108.4852,-0.0151,0.0181,0.992,4112,16984.75,23434.7,1.7,4259.0,5134.32,-673.93
26290,5032,125,-18.2747,-0.0211,-0.0002,0.9904,3634,17027.34,23435.99,1.52,4259.0,5176.78,-677.62
26300,5032,-33,-131.3381,0.0091,-0.0142,0.9995,4382,17069.93,23436.67,0.2,4259.0,5219.01,-683.25
26310,5032,-166,-146.4956,0.0007,-0.0062,0.9928,4042,17112.52,23436.25,-1.27,4259.0,5260.91,-691.02
26320,5029,-175,-52.3356,0.017,0.0054,1.0137,4034,17155.11,23435.03,-1.79,4259.0,5302.65,-699.54
26330,5031,-55,80.9607,0.0101,0.0073,0.9734,3973,17197.7,23433.92,-0.98,4259.0,5344.61,-706.88
26340,5031,106,154.2087,-0.0161,0.0105,1.0044,3912,17240.29,23433.75,0.56,4259.0,5386.91,-711.97
26350,5030,189,112.7323,0.011,-0.0034,0.9891,4190,17282.88,23434.65,1.68,4259.0,5429.37,-715.4
26360,5031,131,-12.3472,0.0096,0.0214,1.0008,3911,17325.47,23435.94,1.56,4259.0,5471.83,-719.01
26370,5030,-24,-128.0441,0.0018,-0.0138,0.9894,4044,17368.06,23436.66,0.27,4259.0,5514.06,-724.51
26380,5031,-162,-148.3372,-0.0001,0.0102,0.998,4173,17410.65,23436.29,-1.21,4259.0,5555.97,-732.19
26390,5029,-180,-57.9494,-0.0033,-0.0053,0.9862,3455,17453.24,23435.09,-1.8,4259.0,5597.71,-740.73
26400,5030,-64,75.7502,0.0061,0.0097,0.9971,3909,17495.83,23433.96,-1.04,4259.0,5639.65,-748.16
26410,5031,99,153.328,0.0073,0.0049,1.0039,4265,17538.42,23433.74,0.49,4259.0,5681.93,-753.34
26420,5029,189,116.8314,0.0076,-0.0119,0.9911,3982,17581.01,23434.59,1.65,4259.0,5724.39,-756.78
26430,5030,137,-6.2238,0.013,0.015,1.0078,4022,17623.6,23435.88,1.59,4259.0,5766.84,-760.32
26440,5031,-17,-124.6001,0.007,0.0036,0.9999,3744,17666.19,23436.65,0.34,4259.0,5809.1,-765.71
26450,5029,-158,-149.9094,-0.0127,-0.0044,0.9947,4282,17708.77,23436.33,-1.16,4259.0,5851.0,-773.3
26460,5031,-183,-63.5063,-0.0088,-0.0033,1.0022,3641,17751.17,23435.15,-1.8,4259.0,5892.76,-781.83
26470,5031,-76,67.4941,0.0085,0.0072,0.9973,4214,17792.98,23434.01,-1.13,4259.0,5934.69,-789.39
26480,5030,82,146.3575,0.0078,0.0017,0.9956,3747,17834.18,23433.71,0.33,4259.0,5976.93,-794.78
26490,5030,181,121.8812,-0.0071,0.0162,1.0071,4247,17874.76,23434.42,1.55,4259.0,6019.38,-798.37
26500,5028,157,17.3099,0.0054,0.0151,0.9748,4056,17914.72,23435.63,1.72,4259.0,6061.84,-801.71
26510,5029,33,-94.0257,-0.0034,0.0131,1.0177,4143,17954.06,23436.53,0.77,4259.0,6104.16,-806.43
26520,5031,-109,-141.5606,0.0121,0.0,0.9997,4187,17992.78,23436.58,-0.64,4259.0,6146.21,-813.25
26530,5031,-181,-100.5836,0.0111,0.0029,0.9938,3784,18030.88,23435.77,-1.65,4259.0,6188.01,-821.53
26540,5032,-149,-1.6344,0.0031,-0.0002,0.9953,3669,18068.36,23434.63,-1.67,4259.0,6229.81,-829.86
26550,5030,-29,94.1828,0.0171,-0.0044,1.0027,3969,18105.22,23433.81,-0.73,4259.0,6271.83,-836.79
26560,5032,102,133.5192,-0.0166,-0.011,1.0076,4183,18141.45,23433.77,0.6,4259.0,6314.15,-841.77
26570,5030,176,99.5704,0.0092,-0.0019,0.9966,4246,18177.06,23434.48,1.59,4259.0,6356.61,-845.28
26580,5030,158,15.7333,-0.217,0.0171,0.9747,3764,18212.07,23435.55,1.75,4259.0,6399.09,-848.56
26590,5017,63,-71.9892,-0.6345,-0.002,1.0083,4153,18246.47,23436.42,1.02,4248.8,6441.35,-852.89
26600,4950,-60,-120.4167,-0.6332,0.0,0.9894,4078,18280.2,23436.67,-0.18,4190.0,6482.83,-858.91
26610,4879,-148,-109.9507,-0.6429,0.0249,1.0091,4197,18313.34,23436.23,-1.29,4130.4,6523.46,-866.39
26620,4843,-171,-50.1136,-0.6558,-0.0215,0.9917,4080,18345.88,23435.32,-1.79,4100.3,6563.67,-874.56
26630,4771,-114,29.0769,-0.6235,0.0135,1.0163,4294,18378.07,23434.36,-1.5,4039.3,6603.35,-882.19
26640,4697,-11,94.8658,-0.6333,-0.0056,1.0028,4117,18410.26,23433.75,-0.56,3977.5,6642.63,-888.41
26650,4660,95,119.5926,-0.6315,0.0139,0.9942,3819,18442.53,23433.78,0.64,3946.2,6681.82,-892.96
26660,4586,158,92.4165,-0.6334,-0.0147,0.9961,3877,18475.17,23434.43,1.56,3882.8,6720.53,-896.19
26670,4509,147,22.2005,-0.6194,0.0106,1.0008,4141,18508.24,23435.43,1.77,3818.4,6758.61,-899.08
26680,4471,70,-60.1236,-0.6363,-0.0009,0.993,4188,18541.53,23436.32,1.17,3785.8,6796.3,-902.72
26690,4394,-41,-114.7198,-0.6354,-0.01,0.9868,3594,18574.81,23436.68,0.02,3719.7,6833.16,-907.78
26700,4314,-129,-115.6711,-0.646,0.0127,0.9934,3851,18608.1,23436.34,-1.14,3652.4,6869.12,-914.22
26710,4275,-159,-76.444,-0.6473,0.0423,1.0002,4184,18641.54,23435.45,-1.91,3618.3,6904.6,-921.45
26720,4193,-134,-48.5446,-0.6372,0.4576,0.9957,3923,18674.67,23434.45,-2.4,3549.1,6939.36,-928.73
26730,4108,-40,23.2467,-0.6582,0.462,0.9955,4169,18707.2,23433.25,-2.17,3478.5,6973.54,-935.19
26740,4066,57,52.5558,-0.6325,0.4393,0.9975,3969,18739.38,23431.81,-1.64,3442.7,7007.55,-940.55
26750,3979,127,64.4384,-0.6522,0.003,0.994,3857,18771.59,23431.0,-1.0,3369.9,7040.97,-944.87
26760,3937,133,31.0944,-0.6385,-0.0005,0.9952,4054,18803.9,23430.55,-0.7,3332.9,7074.08,-948.8
26770,3847,44,-119.4299,-0.6313,0.6521,1.0026,4157,18836.63,23430.05,-1.89,3257.7,7106.31,-953.57
26780,3801,-80,-251.5597,0.0078,0.7902,0.9985,4099,18869.67,23429.07,-4.41,3218.5,7137.79,-960.29
26790,3803,-160,-259.2862,0.007,0.7903,0.9862,3648,18902.22,23425.43,-7.01,3218.4,7168.77,-969.06
26800,3803,-192,-213.4281,0.4522,0.7911,0.9986,4064,18934.28,23420.31,-9.15,3220.3,7199.29,-979.37
26810,3868,-123,-21.5832,0.4482,0.0002,1.005,3812,18966.25,23415.0,-9.36,3274.8,7230.29,-989.98
26820,3900,-34,77.1827,0.4595,-0.0031,1.0084,3758,18998.32,23409.9,-8.59,3301.8,7261.81,-999.83
26830,3932,21,10.9173,-0.0122,0.7859,1.0104,4153,19030.69,23405.34,-8.49,3329.2,7293.8,-1009.04
26840,3932,81,-25.0787,-0.004,0.8051,0.9914,3980,19062.92,23401.47,-8.74,3328.2,7325.93,-1017.79
26850,3931,93,-82.0251,0.0223,0.7847,1.0079,4068,19094.2,23395.52,-9.56,3328.3,7358.01,-1026.74
26860,3965,48,-146.6552,-0.3224,0.3766,0.9909,3517,19125.36,23389.56,-11.03,3355.8,7390.06,-1036.76
26870,3941,5,-93.2184,-0.6513,-0.008,0.9982,3910,19156.45,23383.26,-11.97,3337.3,7421.57,-1047.74
26880,3853,-88,-120.2222,-0.6341,0.2035,0.9986,4285,19187.57,23376.32,-13.17,3262.2,7451.9,-1059.76
26890,3809,-187,-230.9071,-0.0309,0.7946,0.9785,3941,19218.96,23368.7,-15.49,3224.0,7481.18,-1073.3
26900,3806,-179,-162.8753,0.0263,0.7985,0.9917,4002,19250.03,23360.33,-17.12,3222.1,7509.98,-1087.79
26910,3806,-116,-84.0473,0.4402,0.7918,0.981,3847,19279.92,23349.87,-17.96,3223.3,7538.69,-1102.44
26920,3837,-14,4.4528,0.4634,0.5938,1.0099,4310,19309.62,23339.95,-17.92,3250.6,7567.9,-1116.66
26930,3903,104,113.7506,0.1091,0.0085,0.986,3838,19339.52,23330.62,-16.78,3304.7,7598.17,-1129.93
26940,3909,135,53.4192,-0.6514,0.0036,0.9924,3724,19369.66,23321.77,-16.25,3310.7,7628.79,-1142.52
26950,3828,66,-130.1182,-0.0106,0.798,0.9938,4232,19400.25,23313.03,-17.56,3240.0,7658.5,-1155.52
26960,3828,-6,-205.6322,-0.0085,0.8015,0.9828,4063,19430.77,23303.28,-19.62,3239.3,7687.54,-1169.91
26970,3828,-98,-246.269,0.0141,0.8048,1.014,4160,19459.95,23291.3,-22.08,3239.9,7715.62,-1186.09
26980,3860,-150,-189.9673,0.3129,0.0185,0.996,4130,19488.51,23278.9,-23.98,3268.6,7743.06,-1203.87
26990,3884,-141,-59.3093,-0.6434,-0.0019,1.0113,3869,19516.8,23266.1,-24.58,3287.4,7770.29,-1222.32
27000,3792,-117,-24.2257,-0.6499,0.5874,0.9857,3654,19545.07,23253.17,-24.83,3211.1,7796.85,-1240.39
27010,3747,-78,-59.507,-0.0246,0.7926,1.0119,4318,19573.64,23240.38,-25.42,3172.2,7823.14,-1258.15
27020,3745,12,-24.9908,0.0261,0.813,1.01,3909,19602.39,23226.98,-25.68,3171.0,7849.69,-1275.48
27030,3746,72,-39.2911,0.0049,0.8008,1.0018,3705,19630.81,23212.31,-26.07,3171.5,7876.45,-1292.53
27040,3782,109,-29.4753,0.4516,0.2452,1.0051,3976,19659.08,23198.2,-26.37,3200.6,7903.52,-1309.66
27050,3840,87,-31.0071,-0.6183,-0.0231,0.9949,4269,19687.25,23184.17,-26.68,3250.1,7930.81,-1327.36
27060,3794,2,-93.087,-0.6387,0.0115,1.0045,4164,19715.25,23169.84,-27.62,3211.7,7957.18,-1345.7
27070,3702,-130,-239.9655,-0.0094,0.7995,1.0061,3884,19743.14,23154.88,-30.02,3133.6,7981.74,-1365.17
27080,3699,-186,-237.0906,-0.0014,0.7914,0.9834,3805,19771.02,23139.24,-32.39,3132.4,8005.15,-1386.0
27090,3698,-177,-170.0124,0.0335,0.8044,0.9865,3984,19797.02,23120.91,-34.1,3132.6,8027.83,-1407.6
27100,3734,-115,-83.7708,0.4633,0.3361,0.9865,3477,19822.51,23102.89,-34.94,3161.9,8050.59,-1429.56
27110,3769,19,101.7374,0.4408,0.0041,1.0105,3940,19847.96,23085.43,-33.92,3189.8,8074.32,-1450.89
27120,3763,99,112.9888,-0.6501,0.0008,1.0115,4072,19873.74,23068.47,-32.8,3184.7,8098.85,-1471.23
27130,3715,114,23.5209,-0.6385,0.3758,0.9987,3947,19899.86,23051.92,-32.56,3145.5,8123.42,-1490.89
27140,3668,63,-132.8293,0.0044,0.7782,1.0053,3799,19926.43,23035.39,-33.9,3104.6,8147.26,-1510.81
27150,3666,-6,-208.942,0.0279,0.7978,0.9966,4233,19952.48,23017.31,-35.99,3104.1,8170.11,-1531.82
27160,3669,-93,-259.1735,0.4559,0.7949,1.0014,4596,19977.46,22997.36,-38.58,3105.7,8191.59,-1554.27
27170,3699,-134,-172.1069,0.4449,0.4425,0.982,3919,20001.83,22977.07,-40.31,3134.1,8212.09,-1577.95
27180,3767,-139,-64.7993,0.4766,0.0027,0.9994,3878,20025.81,22956.45,-40.96,3190.1,8232.42,-1602.54
27190,3764,-104,8.5775,-0.6304,0.2784,0.9908,4101,20049.7,22935.7,-40.88,3185.5,8252.82,-1627.05
27200,3716,-78,-63.0668,-0.0124,0.7922,0.9902,3742,20073.91,22915.0,-41.51,3146.3,8273.02,-1651.17
27210,3712,9,-28.1491,0.016,0.7913,0.9973,3973,20098.54,22894.23,-41.79,3144.5,8293.55,-1674.96
27220,3714,72,-41.767,-0.0054,0.8061,0.9892,3994,20121.73,22872.0,-42.22,3144.7,8314.37,-1698.55
27230,3749,95,-64.0073,0.4501,0.5265,0.9917,3856,20144.78,22850.49,-42.86,3173.8,8335.31,-1722.42
27240,3787,88,-29.8292,-0.637,-0.005,0.9818,4026,20167.57,22829.27,-43.16,3205.5,8356.2,-1746.76
27250,3740,4,-90.9609,-0.6469,0.0006,1.0016,3974,20190.08,22807.86,-44.07,3166.6,8376.04,-1771.44
27260,3646,-108,-201.2586,-0.0305,0.8012,0.9837,4197,20212.21,22786.0,-46.09,3087.3,8394.05,-1796.51
27270,3645,-186,-239.7505,-0.0019,0.799,1.0031,4228,20234.12,22763.53,-48.49,3085.8,8410.55,-1822.61
27280,3644,-182,-179.4867,0.0165,0.7816,1.0058,4137,20254.47,22739.12,-50.29,3085.3,8426.08,-1849.28
27290,3645,-122,-102.8855,0.4501,0.7862,1.0021,3922,20274.11,22714.05,-51.32,3086.3,8441.37,-1876.1
27300,3711,5,70.7452,0.446,0.0062,0.998,4186,20293.75,22689.66,-50.61,3143.2,8457.73,-1902.93
27310,3779,97,114.2913,0.0514,0.0038,0.9994,4120,20313.77,22665.78,-49.47,3199.1,8475.47,-1929.56
27320,3782,130,61.5245,-0.6409,0.0822,0.9845,3755,20334.21,22642.24,-48.86,3202.0,8493.88,-1955.77
27330,3733,68,-127.0512,0.0054,0.7979,1.0031,4027,20354.96,22618.75,-50.13,3161.5,8511.55,-1982.0
27340,3732,0,-203.1607,-0.0057,0.7917,0.9977,3760,20375.36,22594.41,-52.17,3160.8,8527.97,-2009.0
27350,3735,-92,-251.787,0.4601,0.8013,0.9966,3940,20393.55,22568.39,-54.69,3161.7,8542.65,-2037.0
27360,3767,-145,-204.0433,0.4369,0.7303,1.0029,3980,20410.91,22542.46,-56.73,3189.6,8555.91,-2066.02
27370,3832,-143,-66.1919,-0.3312,-0.0098,1.0018,4119,20427.65,22516.57,-57.4,3244.7,8568.68,-2095.86
27380,3763,-110,3.0805,-0.6306,-0.0019,1.0076,4222,20444.23,22490.59,-57.37,3185.5,8581.28,-2125.14
27390,3716,-72,-23.8224,-0.6214,0.8071,1.0062,4041,20461.01,22464.69,-57.61,3146.3,8593.95,-2153.94
27400,3669,-4,-32.692,-0.0068,0.7915,1.0009,3752,20478.38,22438.84,-57.94,3105.8,8606.85,-2182.2
27410,3669,65,-39.1177,0.0141,0.7993,0.9856,3806,20494.61,22411.73,-58.33,3105.8,8620.11,-2210.3
27420,3673,79,-91.9559,0.4521,0.7912,0.9971,4255,20510.77,22384.08,-59.26,3108.2,8633.19,-2238.53
27430,3706,86,-41.7906,0.4475,0.0197,1.0062,4084,20527.07,22356.4,-59.68,3136.5,8646.08,-2267.15
27440,3772,12,-88.6416,0.0484,-0.0134,1.0033,4282,20543.07,22328.6,-60.57,3192.5,8658.29,-2296.66
27450,3729,-93,-161.3906,-0.6334,0.7062,0.9905,3951,20558.56,22300.48,-62.18,3156.5,8668.91,-2326.4
27460,3682,-185,-245.0137,-0.0243,0.7907,1.0002,4368,20573.56,22271.94,-64.64,3116.9,8677.65,-2356.33
27470,3679,-180,-178.9376,0.0135,0.7808,1.0096,3293,20586.86,22243.04,-66.43,3115.9,8685.28,-2386.55
27480,3681,-124,-100.6343,-0.0003,0.796,1.0002,3994,20598.36,22213.97,-67.44,3116.6,8692.6,-2416.85
27490,3719,-15,27.0591,0.4571,0.0987,0.9953,4338,20609.99,22185.63,-67.17,3146.4,8700.65,-2447.29
27500,3749,90,112.6252,0.4282,0.0091,1.0009,4058,20622.08,22157.68,-66.05,3174.4,8709.96,-2477.64
27510,3734,133,83.8932,-0.6385,-0.0233,0.9984,3738,20634.67,22129.95,-65.21,3161.2,8720.12,-2507.59
27520,3689,82,-89.8849,-0.6469,0.5861,1.0125,4032,20647.56,22102.23,-66.12,3121.7,8729.81,-2537.3
27530,3638,8,-195.776,0.015,0.8098,0.996,4015,20660.59,22074.05,-68.08,3080.7,8738.08,-2566.98
27540,3639,-78,-251.7241,0.0203,0.8024,0.999,4354,20670.97,22044.42,-70.6,3081.0,8744.51,-2597.11
27550,3640,-155,-265.6681,0.4514,0.7989,1.0103,4161,20680.41,22013.95,-73.26,3082.4,8748.93,-2627.61
27560,3710,-143,-86.269,0.4442,0.0152,1.0098,3803,20689.43,21982.93,-74.12,3139.4,8752.52,-2658.83
27570,3741,-113,-2.5709,0.4397,-0.0077,0.9902,4117,20698.34,21951.42,-74.15,3167.5,8756.12,-2690.32
27580,3807,-56,15.4575,-0.2417,0.4857,1.008,4436,20707.59,21919.54,-74.0,3222.9,8760.32,-2722.28
27590,3787,8,-24.5385,-0.007,0.7977,0.9999,3786,20717.52,21887.47,-74.25,3207.3,8765.01,-2754.0
27600,3785,76,-38.1085,0.0065,0.8053,1.0017,4060,20726.37,21854.65,-74.63,3207.0,8770.1,-2785.65
27610,3789,80,-106.5388,0.4361,0.8064,1.0021,3537,20734.71,21821.17,-75.7,3208.6,8774.85,-2817.39
27620,3783,64,-64.229,-0.6228,-0.0006,0.9948,4057,20743.15,21787.23,-76.34,3204.9,8778.98,-2849.16
27630,3693,-32,-116.7495,-0.644,-0.0005,1.0027,3981,20751.18,21752.76,-77.51,3126.6,8781.75,-2880.3
27640,3599,-152,-223.1798,-0.0226,0.7961,1.0064,3994,20758.53,21717.67,-79.75,3046.2,8782.58,-2910.77
27650,3597,-201,-241.9226,-0.0074,0.7855,1.0053,3958,20765.34,21682.03,-82.17,3044.9,8781.77,-2941.23
27660,3597,-145,-145.0435,0.0201,0.7978,1.0035,4240,20768.8,21645.44,-83.63,3044.9,8780.36,-2971.66
27670,3632,-24,-13.954,0.4471,0.4066,1.0003,4096,20772.41,21608.62,-83.77,3075.1,8779.48,-3002.4
27680,3699,113,132.0985,0.4418,0.0051,1.0,4262,20776.82,21572.24,-82.45,3132.2,8780.01,-3033.72
27690,3768,143,72.7749,0.4553,0.2416,1.0003,3719,20781.83,21536.55,-81.73,3188.3,8781.39,-3065.6
27700,3798,45,-150.107,0.4503,0.6791,0.9868,3663,20786.93,21501.47,-83.23,3215.9,8781.8,-3097.77
27710,3863,-48,-227.4955,0.4423,0.6969,0.9843,3916,20790.74,21466.9,-85.51,3270.5,8780.36,-3130.45
27720,3929,-139,-251.9709,0.4424,0.7349,0.9906,3847,20791.95,21432.73,-88.03,3324.3,8776.73,-3163.52
27730,3989,-166,-146.3864,0.4659,0.1036,1.0119,3959,20792.48,21399.15,-89.5,3377.1,8771.65,-3196.92
27740,4019,-148,-68.2865,0.4528,0.3738,0.9787,4078,20792.69,21366.23,-90.18,3403.2,8766.04,-3230.5
27750,4081,-79,6.5031,0.4431,0.3615,0.9947,4113,20792.93,21333.94,-90.12,3454.9,8760.75,-3264.65
27760,4111,19,54.9724,0.4478,0.3842,0.9989,3977,20792.6,21302.25,-89.57,3480.4,8756.42,-3299.18
27770,4171,102,64.6741,0.4465,0.2727,0.9979,4025,20792.9,21271.22,-88.93,3531.0,8753.1,-3334.35
27780,4202,150,65.4617,0.4451,-0.0136,0.9923,4138,20793.66,21240.74,-88.28,3556.0,8750.55,-3369.85
27790,4259,126,-1.4057,0.455,0.002,1.0117,3784,20794.58,21210.95,-88.3,3605.4,8747.95,-3405.83
27800,4286,55,-63.8173,0.4489,-0.0225,0.999,3863,20795.31,21181.72,-88.94,3629.9,8744.52,-3441.96
27810,4343,-34,-99.994,0.4555,-0.0011,1.0043,3931,20795.6,21153.16,-89.94,3678.4,8739.77,-3478.43
27820,4373,-109,-100.2097,0.2004,-0.0024,1.0048,4062,20795.38,21125.2,-90.94,3702.4,8733.71,-3514.96
27830,4345,-149,-67.5432,-0.6442,0.0227,1.0057,4650,20794.75,21097.84,-91.62,3679.3,8726.83,-3551.11
27840,4306,-140,-16.0513,-0.6312,0.0033,0.9757,3830,20793.93,21071.14,-91.79,3645.4,8719.81,-3586.9
27850,4264,-93,36.961,-0.622,-0.0053,1.0061,3473,20793.18,21045.03,-91.42,3611.3,8713.31,-3622.43
27860,4184,-21,76.3223,-0.6534,0.0019,1.0017,3880,20792.71,21019.52,-90.66,3541.9,8707.86,-3657.43
27870,4143,53,92.2341,-0.631,0.0006,0.9887,3909,20792.62,20994.69,-89.74,3506.7,8703.59,-3692.25
27880,4100,109,83.5883,-0.6516,0.0129,1.0256,4227,20792.91,20970.46,-88.91,3471.2,8700.37,-3726.82
27890,4058,136,55.1999,-0.6384,0.0042,0.9956,3871,20793.48,20946.83,-88.36,3435.3,8697.83,-3761.1
27900,4014,131,15.9022,-0.6353,0.0001,0.9929,4167,20794.19,20923.81,-88.2,3399.0,8695.5,-3795.02
27910,3973,98,-23.8992,-0.6416,0.0149,1.0084,3969,20794.86,20901.41,-88.44,3362.3,8692.92,-3828.57
27920,3884,44,-55.7405,-0.6247,0.0051,0.9932,4020,20795.35,20879.53,-89.01,3287.7,8689.74,-3861.3
27930,3838,-12,-74.3278,-0.624,0.0005,0.9994,3720,20795.59,20858.19,-89.75,3249.8,8685.77,-3893.56
27940,3795,-64,-77.0055,-0.6355,0.0012,1.0127,3795,20795.54,20837.45,-90.52,3211.4,8680.99,-3925.33
27950,3747,-101,-65.5109,-0.6203,-0.0062,1.0,3897,20795.23,20817.32,-91.18,3172.6,8675.57,-3956.6
27960,3701,-124,-43.9554,-0.6179,-0.0194,0.9989,3944,20794.75,20797.81,-91.62,3133.3,8669.71,-3987.39
27970,3653,-120,-17.045,-0.6408,0.0034,1.0196,4417,20794.17,20778.87,-91.8,3093.4,8663.77,-4017.76
27980,3606,-106,10.867,-0.6238,0.0065,0.9914,4098,20793.59,20760.01,-91.69,3053.1,8657.98,-4047.75
27990,3605,-70,38.002,-0.6292,-0.0129,0.9874,3866,20793.08,20740.69,-91.31,3053.1,8652.61,-4077.81
28000,3558,-21,60.7629,-0.6371,-0.0118,0.9992,3832,20792.72,20720.94,-90.71,3012.2,8647.96,-4107.57
28010,3509,28,72.45,-0.6245,-0.0138,0.997,4160,20792.6,20701.27,-89.99,2970.7,8644.11,-4137.03
28020,3460,68,70.082,-0.6327,0.0033,1.0027,4053,20792.72,20682.22,-89.29,2928.7,8641.02,-4166.16
28030,3409,100,58.6223,-0.6426,0.0074,0.9945,3945,20793.06,20663.28,-88.71,2886.1,8638.57,-4194.93
28040,3357,113,39.163,-0.6289,0.0071,0.9845,4253,20793.57,20643.96,-88.32,2842.8,8636.54,-4223.29
28050,3305,108,11.9319,-0.6488,-0.0038,0.9993,4003,20794.18,20624.21,-88.2,2798.8,8634.65,-4251.23
28060,3252,84,-18.689,-0.6224,0.0029,0.9886,4237,20794.78,20604.31,-88.39,2754.2,8632.61,-4278.69
28070,3199,46,-45.2303,-0.6405,0.0177,0.9693,3856,20795.25,20584.76,-88.85,2708.8,8630.17,-4305.67
28080,3146,8,-62.1729,-0.6354,0.0128,0.9712,4049,20795.54,20565.81,-89.47,2662.6,8627.22,-4332.15
28090,3090,-36,-69.4829,-0.6423,-0.0067,1.0021,3879,20795.6,20547.08,-90.17,2615.6,8623.66,-4358.07
28100,3032,-71,-67.807,-0.633,-0.0005,0.9878,4483,20795.42,20528.07,-90.85,2567.8,8619.58,-4383.41
28110,2975,-103,-79.7055,-0.6408,0.0758,0.9778,4391,20795.04,20508.63,-91.65,2519.0,8614.98,-4408.19
28120,2917,-136,-125.5676,-0.643,0.4876,1.0062,3684,20794.48,20488.74,-92.91,2469.3,8609.8,-4432.35
28130,2857,-124,-96.9951,-0.6427,0.5085,1.0056,4434,20793.85,20468.62,-93.88,2418.5,8604.32,-4455.92
28140,2795,-96,-65.8309,-0.6296,0.4647,0.9867,3716,20792.75,20448.57,-94.54,2366.7,8598.82,-4478.94
28150,2731,-60,-39.7141,-0.6283,0.4529,0.9825,4296,20790.35,20428.53,-94.94,2313.7,8593.49,-4501.45
28160,2666,-20,-22.9661,-0.6525,0.4234,0.9968,3910,20788.15,20408.3,-95.18,2259.5,8588.47,-4523.45
28170,2602,-23,-121.3587,-0.4107,0.7831,0.9955,4167,20786.24,20388.26,-96.39,2204.0,8583.39,-4544.89
28180,2561,7,-122.2692,-0.6164,0.7992,1.0121,3989,20784.62,20368.71,-97.62,2168.5,8578.19,-4565.95
28190,2495,18,-137.3369,-0.6496,0.7414,0.9992,3998,20783.22,20349.72,-98.99,2111.8,8572.78,-4586.37
28200,2425,17,-159.6318,-0.6574,0.6933,1.0048,4037,20779.76,20331.43,-100.59,2052.2,8567.05,-4606.1
28210,2351,0,-188.4348,-0.6626,0.6557,1.0119,4349,20774.8,20313.24,-102.48,1990.9,8560.83,-4625.02
28220,2275,-30,-219.6163,-0.6585,0.6294,1.0116,4096,20769.64,20294.61,-104.68,1927.6,8553.99,-4643.03
28230,2199,-87,-315.1922,0.4359,0.8005,1.014,3676,20764.2,20275.6,-107.84,1862.1,8546.28,-4659.98
28240,2255,-94,-253.1643,0.4417,0.5918,0.9907,3760,20758.51,20256.57,-110.37,1909.1,8537.38,-4676.87
28250,2309,-120,-249.4924,0.4167,0.6119,0.9952,4344,20752.7,20237.98,-112.87,1955.0,8527.33,-4693.64
28260,2361,-138,-233.3709,-0.6435,0.656,0.9911,4614,20744.1,20221.04,-115.21,1997.6,8516.19,-4710.24
28270,2284,-147,-213.9041,-0.6612,0.6037,0.9991,4295,20734.69,20204.4,-117.35,1934.6,8504.7,-4725.81
28280,2208,-149,-212.7333,0.4373,0.783,1.0059,4010,20725.01,20187.48,-119.48,1869.4,8493.01,-4740.41
28290,2264,-148,-223.8809,0.4459,0.613,1.0055,4137,20715.28,20170.46,-121.72,1916.2,8480.49,-4754.94
28300,2315,-99,-139.482,0.4349,0.6471,1.0006,4125,20705.81,20153.7,-123.12,1961.8,8467.46,-4769.58
28310,2368,-67,-117.1202,-0.2903,0.6745,1.0022,3580,20696.77,20137.35,-124.3,2006.5,8453.98,-4784.42
28320,2336,-37,-107.4123,-0.6571,0.6434,0.9863,3855,20684.88,20122.98,-125.37,1976.7,8440.57,-4798.96
28330,2335,-11,-111.1192,-0.6421,0.6594,1.014,3830,20672.89,20108.14,-126.49,1976.7,8427.06,-4813.39
28340,2258,-12,-178.5407,-0.6511,0.6151,1.0056,3948,20660.78,20092.79,-128.27,1913.0,8413.71,-4827.09
28350,2181,2,-170.9786,0.4502,0.7853,0.9937,4107,20648.6,20077.08,-129.99,1847.0,8400.5,-4840.01
28360,2237,4,-174.6601,0.4256,0.5937,0.9945,3916,20636.59,20061.47,-131.74,1894.4,8386.57,-4852.85
28370,2291,-9,-197.9159,0.4521,0.6141,0.9922,4001,20624.32,20046.92,-133.72,1940.6,8371.82,-4865.46
28380,2345,-36,-220.9974,0.4345,0.6265,1.0116,3936,20610.01,20034.52,-135.93,1985.7,8356.14,-4877.64
28390,2397,-70,-242.6713,-0.2417,0.6745,0.9962,3978,20595.28,20021.99,-138.36,2029.8,8339.46,-4889.21
28400,2370,-134,-329.9333,-0.0116,0.7829,0.9907,3909,20580.02,20009.34,-141.66,2006.0,8322.21,-4899.46
28410,2368,-137,-260.0468,0.4553,0.7858,1.0014,3636,20564.29,19996.63,-144.27,2005.4,8304.41,-4908.69
28420,2420,-155,-243.7669,-0.1434,0.7067,0.9896,3955,20548.4,19984.08,-146.71,2049.1,8285.75,-4917.16
28430,2404,-156,-215.356,-0.6471,0.6971,0.9932,4167,20531.43,19973.54,-148.86,2035.0,8266.86,-4924.78
28440,2331,-139,-185.6801,-0.6523,0.6422,1.0138,4006,20513.28,19964.49,-150.72,1973.1,8248.33,-4931.6
28450,2257,-112,-155.9109,-0.659,0.6125,1.0024,4225,20495.02,19955.3,-152.28,1909.2,8230.26,-4937.83
28460,2178,-105,-204.9755,0.4463,0.7798,1.0066,4127,20477.12,19946.1,-154.34,1843.1,8212.68,-4943.39
28470,2232,-43,-112.1115,0.4473,0.5983,0.9917,3932,20459.85,19936.97,-155.46,1890.6,8194.62,-4948.97
28480,2287,-17,-107.7841,0.4413,0.6318,0.996,3832,20443.23,19927.92,-156.54,1936.9,8176.08,-4954.54
28490,2342,7,-116.6803,0.1637,0.6583,0.9944,3841,20425.55,19921.84,-157.71,1982.1,8157.03,-4960.07
28500,2361,18,-137.7598,-0.6343,0.6692,1.0088,3924,20407.48,19915.79,-159.09,1998.3,8137.74,-4965.33
28510,2285,-3,-201.9067,-0.634,0.6433,1.0025,4240,20388.99,19909.5,-161.11,1935.2,8118.9,-4969.81
28520,2207,-26,-237.6685,0.4395,0.796,0.9978,3963,20370.18,19903.1,-163.49,1870.0,8100.54,-4973.31
28530,2263,-36,-225.1958,0.4434,0.6007,0.994,3674,20351.43,19896.84,-165.75,1916.8,8081.57,-4976.02
28540,2317,-65,-239.4799,0.1073,0.6181,0.9971,4031,20333.01,19891.37,-168.15,1962.5,8062.03,-4977.78
28550,2329,-96,-245.4759,-0.6338,0.6413,1.0064,3832,20314.18,19889.33,-170.6,1973.0,8042.32,-4978.45
28560,2255,-122,-246.2122,-0.6295,0.5966,1.0098,3981,20295.11,19887.5,-173.07,1909.1,8023.23,-4978.07
28570,2178,-170,-316.4505,0.4416,0.8036,0.9963,4031,20275.63,19885.86,-176.24,1843.1,8004.86,-4976.49
28580,2233,-149,-222.4515,0.4353,0.6128,1.005,4050,20256.12,19884.37,-178.46,1890.5,7986.1,-4974.03
28590,2288,-143,-190.8239,0.4472,0.6448,1.0107,4428,20237.04,19882.99,-180.38,1936.8,7966.98,-4970.83
28600,2341,-124,-159.6332,0.1325,0.6795,0.9873,3728,20218.4,19882.77,178.03,1982.0,7947.51,-4967.1
28610,2359,-97,-135.9828,-0.6332,0.697,1.0114,4346,20199.69,19885.06,176.66,1997.0,7927.95,-4963.03
28620,2285,-64,-120.7095,-0.6515,0.6352,0.9992,4042,20180.55,19887.21,175.45,1933.9,7909.05,-4958.9
28630,2206,-58,-182.3668,0.4511,0.8161,1.0011,4044,20161.05,19889.17,173.63,1868.7,7890.88,-4954.57
28640,2263,-2,-108.8951,0.443,0.5876,0.9986,4156,20141.4,19890.88,172.53,1915.5,7872.27,-4950.01
28650,2316,13,-122.5396,0.448,0.6188,0.9807,3885,20122.09,19892.36,171.31,1961.2,7853.28,-4945.09
28660,2370,20,-142.2604,0.424,0.6522,0.9962,4192,20103.59,19895.39,169.88,2005.8,7833.95,-4939.67
28670,2421,10,-168.6283,-0.5793,0.6565,0.9983,4128,20085.43,19900.15,168.19,2049.5,7814.38,-4933.55
28680,2358,-11,-200.21,0.142,0.792,1.005,4275,20066.81,19905.07,166.19,1995.0,7795.56,-4926.87
28690,2371,-74,-311.0621,0.4205,0.8068,1.0009,3990,20047.75,19910.25,163.07,2006.9,7777.1,-4918.96
28700,2423,-84,-259.0456,-0.0859,0.7107,1.0032,4202,20028.49,19915.71,160.48,2050.6,7758.75,-4909.81
28710,2412,-118,-261.6333,-0.6487,0.7227,1.0026,4267,20009.53,19921.34,157.86,2044.0,7741.04,-4899.63
28720,2415,-139,-253.1572,-0.6423,0.7048,0.9989,4079,19991.85,19929.88,155.32,2044.0,7723.89,-4888.49
28730,2266,-151,-239.6108,-0.6171,0.6307,0.9902,3919,19974.26,19939.72,152.93,1918.8,7708.34,-4877.24
28740,2189,-160,-243.3395,0.4506,0.7941,1.0054,4165,19956.46,19949.83,150.49,1853.0,7693.85,-4865.67
28750,2243,-145,-220.0588,0.4393,0.5873,0.9999,3735,19938.89,19959.84,148.29,1900.2,7679.42,-4853.31
28760,2299,-106,-141.341,0.4458,0.622,1.0007,3993,19921.83,19969.44,146.87,1946.3,7664.89,-4840.36
28770,2299,-74,-116.7297,0.4493,0.6226,1.0158,4020,19905.46,19978.91,145.7,1946.3,7650.49,-4827.25
28780,2353,-39,-104.9086,-0.0059,0.6605,1.0148,4285,19890.86,19990.87,144.65,1991.3,7635.82,-4813.77
28790,2354,-12,-106.8933,-0.642,0.6539,0.9993,4260,19875.8,20002.89,143.58,1991.8,7621.25,-4800.18
28800,2278,-21,-198.5287,-0.6484,0.6384,1.0064,4121,19860.25,20015.0,141.59,1928.5,7607.44,-4786.7
28810,2200,9,-152.2512,0.4538,0.7769,1.0031,3828,19844.32,20027.19,140.06,1863.1,7594.37,-4773.41
28820,2256,4,-180.5734,0.4413,0.6171,1.0076,3915,19828.44,20039.22,138.25,1910.1,7581.38,-4759.4
28830,2310,-11,-204.9764,0.182,0.653,0.9857,3887,19814.07,20052.01,136.2,1955.9,7568.65,-4744.54
28840,2334,-38,-228.3886,-0.6488,0.6766,1.0166,3907,19801.52,20066.46,133.91,1975.4,7556.53,-4728.93
28850,2258,-73,-250.4588,-0.6521,0.6204,0.9997,3752,19788.88,20081.31,131.41,1911.6,7545.65,-4713.21
28860,2179,-132,-333.0739,0.4303,0.7972,0.9956,4050,19776.17,20096.6,128.07,1845.6,7536.25,-4697.34
28870,2236,-131,-250.6745,0.4289,0.5993,0.9895,3822,19763.74,20111.97,125.56,1893.0,7527.54,-4680.52
28880,2290,-144,-229.3573,0.4579,0.6203,1.0109,3931,19751.82,20127.03,123.27,1939.2,7519.47,-4662.88
28890,2345,-146,-203.7626,-0.0318,0.6554,1.0096,3788,19742.04,20143.22,121.22,1984.4,7511.94,-4644.51
28900,2340,-140,-178.6192,-0.6178,0.6488,1.0031,3938,19733.37,20160.43,119.44,1982.2,7505.02,-4625.93
28910,2266,-115,-152.7851,-0.6419,0.612,1.0185,3865,19724.47,20177.98,117.91,1918.6,7498.7,-4607.81
28920,2189,-114,-208.3187,0.4354,0.8038,0.9962,4346,19715.27,20195.8,115.82,1852.9,7493.08,-4590.15
28930,2244,-57,-122.8689,0.4363,0.616,1.0002,3954,19705.67,20213.91,114.59,1900.1,7487.49,-4571.99
28940,2298,-23,-121.8229,0.4339,0.6404,1.0202,3984,19695.64,20232.29,113.37,1946.1,7481.89,-4553.35
28950,2352,0,-135.2301,0.1305,0.6546,0.9947,4138,19689.03,20252.6,112.01,1991.1,7476.39,-4534.21
28960,2369,10,-162.9045,-0.6319,0.6868,1.0045,4131,19682.06,20273.29,110.38,2004.7,7471.23,-4514.82
28970,2291,-30,-276.4865,0.4409,0.7985,0.9736,4113,19674.84,20294.39,107.61,1941.9,7467.11,-4495.85
28980,2400,-25,-236.8146,0.2593,0.6809,1.007,3961,19667.49,20316.0,105.24,2031.0,7463.74,-4475.81
28990,2429,-67,-276.3601,-0.6254,0.681,0.9863,3824,19660.22,20338.14,102.47,2056.5,7461.54,-4455.36
29000,2357,-113,-301.678,-0.6452,0.6348,1.0059,4063,19657.49,20361.69,99.45,1995.3,7460.76,-4435.42
29010,2282,-148,-306.3809,-0.6364,0.6175,0.9913,3934,19655.08,20385.72,96.39,1932.2,7461.31,-4416.1
29020,2206,-195,-367.4469,0.449,0.794,0.9855,4155,19652.96,20410.21,92.71,1866.9,7463.26,-4397.52
29030,2315,-172,-265.915,0.4288,0.6562,0.9989,3756,19651.01,20435.09,90.05,1959.5,7466.31,-4378.15
29040,2366,-146,-220.7494,0.116,0.671,1.0068,4233,19651.16,20460.23,87.84,2004.2,7470.09,-4358.47
29050,2382,-104,-178.1728,-0.6461,0.6975,0.9948,3939,19654.09,20485.51,86.05,2015.7,7474.29,-4338.74
29060,2308,-85,-229.8406,-0.6626,0.6903,0.9959,3896,19656.69,20511.09,83.75,1953.2,7478.82,-4319.73
29070,2286,-16,-146.6067,0.4363,0.6281,0.9909,3962,19658.88,20537.03,82.28,1935.0,7483.47,-4300.94
29080,2337,-1,-173.0567,0.1925,0.6557,0.9992,3878,19661.08,20562.75,80.55,1980.2,7488.61,-4281.83
29090,2360,-9,-217.2463,-0.6448,0.6532,1.0167,3882,19667.57,20587.56,78.37,1998.3,7494.47,-4262.71
29100,2210,-46,-278.3473,0.4585,0.7825,0.9902,3770,19674.1,20612.42,75.59,1870.1,7500.9,-4245.13
29110,2263,-108,-373.4104,0.4411,0.6129,0.9937,4092,19680.89,20637.34,71.85,1916.9,7508.85,-4227.7
29120,2317,-133,-339.4931,0.4246,0.6384,1.005,4347,19688.13,20662.42,68.45,1962.6,7518.32,-4210.52
29130,2371,-170,-334.3596,0.447,0.6769,0.9997,3917,19699.25,20685.96,65.1,2007.2,7529.3,-4193.71
29140,2474,-182,-295.6872,0.4602,0.7347,1.0063,3917,19711.66,20708.33,62.14,2093.6,7541.81,-4176.9
29150,2521,-145,-177.0361,0.4502,0.5011,1.0226,3900,19724.09,20730.4,60.37,2135.5,7555.12,-4160.2
29160,2572,-60,6.3866,0.4496,0.0881,1.0133,3997,19736.45,20752.47,60.43,2176.6,7568.56,-4143.06
29170,2668,-12,44.6707,0.4544,0.1072,1.0024,4239,19748.79,20774.57,60.88,2256.5,7582.11,-4124.98
29180,2711,37,62.7268,0.4445,0.1221,1.0071,4315,19761.28,20796.82,61.5,2295.4,7595.38,-4106.26
29190,2755,75,53.9304,0.4447,0.1164,1.0045,3902,19773.38,20819.21,62.04,2333.7,7608.41,-4086.9
29200,2801,104,52.5442,0.4426,0.016,1.0043,3901,19784.97,20841.31,62.56,2371.3,7621.27,-4066.96
29210,2888,130,107.3813,0.4356,0.757,0.9948,4432,19796.27,20863.14,63.63,2444.9,7634.12,-4046.15
29220,2931,118,133.001,0.4522,0.7519,0.9983,3608,19807.58,20884.87,64.96,2480.8,7646.84,-4024.83
29230,2974,70,97.4307,0.2338,0.7933,0.9963,4269,19818.67,20906.67,65.93,2516.3,7659.63,-4003.14
29240,2994,16,80.9957,0.0234,0.7928,1.0081,3785,19827.32,20929.73,66.73,2534.4,7672.55,-3981.33
29250,3038,-26,89.003,0.4346,0.7193,1.0032,4156,19836.48,20952.99,67.62,2570.7,7685.64,-3959.18
29260,3079,-93,-7.7876,0.2051,-0.0061,1.0161,4206,19846.13,20976.62,67.54,2604.9,7699.16,-3936.88
29270,3095,-76,50.6912,-0.6344,0.2551,0.9901,3999,19856.09,21000.6,68.04,2619.9,7712.59,-3914.36
29280,3039,12,222.1289,-0.0317,0.8092,0.9878,3903,19866.14,21025.03,70.26,2572.1,7724.74,-3891.67
29290,3034,73,267.3193,0.0035,0.7961,0.9977,3886,19875.83,21050.12,72.93,2568.7,7735.45,-3868.33
29300,3034,134,286.8409,0.0396,0.7979,0.9999,3876,19881.81,21076.79,75.8,2569.2,7744.56,-3844.31
29310,3076,177,273.7118,0.2754,0.5499,1.0046,4177,19887.42,21103.96,78.53,2605.4,7752.24,-3819.41
29320,3105,119,61.5575,-0.6387,0.0039,0.9874,4045,19892.74,21131.3,79.14,2627.9,7759.56,-3794.15
29330,3047,125,103.4638,-0.6445,0.4896,0.9892,3755,19897.99,21158.58,80.17,2580.3,7766.36,-3769.25
29340,2989,94,123.5767,-0.0117,0.7953,1.0109,3846,19903.46,21185.77,81.41,2529.6,7772.8,-3744.78
29350,2986,29,94.6496,-0.0003,0.7811,1.0056,3894,19907.47,21213.21,82.35,2528.9,7779.27,-3720.34
29360,2989,-21,98.7766,0.0216,0.7984,1.0126,4187,19909.84,21241.08,83.34,2529.8,7785.75,-3695.87
29370,3033,-63,71.7315,-0.1623,0.3482,0.9916,4173,19912.58,21268.63,84.05,2566.9,7792.27,-3671.02
29380,3017,-92,-1.6468,-0.6341,0.0054,0.9972,4016,19915.47,21296.01,84.03,2554.3,7798.78,-3646.31
29390,2899,24,234.784,-0.0329,0.7834,1.0052,3832,19918.25,21323.42,86.38,2455.3,7803.86,-3622.29
29400,2898,92,296.9522,0.0034,0.8181,1.0044,4020,19920.68,21350.96,89.34,2453.0,7807.3,-3597.99
29410,2896,152,311.0569,0.0064,0.7967,0.9886,4174,19919.45,21378.83,92.45,2452.4,7808.96,-3573.53
29420,2901,183,291.0349,0.4569,0.801,0.9967,4116,19916.58,21407.04,95.36,2456.2,7809.05,-3548.96
29430,2944,135,111.4949,0.462,0.2786,0.9892,3731,19913.44,21435.12,96.47,2492.0,7808.51,-3524.03
29440,3025,95,48.0288,0.4527,0.6685,1.0029,4018,19910.32,21463.09,96.95,2562.1,7807.9,-3498.41
29450,3067,65,81.2094,0.4418,0.6954,0.9927,4087,19907.49,21491.06,97.76,2596.4,7807.28,-3472.45
29460,3105,0,59.3994,0.4297,0.7015,0.9997,3734,19903.9,21519.01,98.35,2630.3,7806.87,-3446.17
29470,3184,-43,72.7428,0.4478,0.7507,0.9959,3851,19898.63,21546.82,99.07,2696.8,7806.5,-3419.2
29480,3225,-71,77.2789,0.4455,0.7084,0.9897,4032,19893.75,21574.4,99.84,2729.5,7806.0,-3391.89
29490,3299,-78,45.9835,-0.2021,0.5035,0.995,4081,19888.97,21601.91,100.3,2793.6,7805.21,-3363.96
29500,3283,29,229.0708,-0.0352,0.8178,0.995,4129,19883.99,21629.41,102.59,2779.4,7802.99,-3336.25
29510,3281,96,260.2143,-0.0047,0.7853,0.9888,3802,19878.46,21656.62,105.19,2777.9,7799.05,-3308.75
29520,3281,150,254.3691,0.0306,0.806,1.0128,4334,19869.59,21682.3,107.73,2778.2,7793.43,-3281.54
29530,3284,174,219.0786,0.4627,0.8059,1.0109,3884,19860.54,21707.27,109.92,2780.0,7786.46,-3254.61
29540,3320,120,45.3512,-0.1811,0.3013,1.0024,3947,19851.53,21731.61,110.37,2811.7,7779.11,-3227.46
29550,3252,108,73.2031,-0.0252,0.7964,1.0033,3502,19842.79,21755.31,111.1,2753.7,7771.75,-3200.93
29560,3253,70,74.7981,-0.014,0.7936,1.0169,3840,19834.49,21778.47,111.84,2751.6,7764.36,-3174.39
29570,3250,12,54.2963,0.0095,0.8096,1.0046,3806,19825.96,21800.87,112.38,2750.7,7757.13,-3147.84
29580,3249,-35,56.1723,0.0164,0.8044,1.0,4280,19816.03,21822.06,112.94,2750.9,7750.03,-3121.26
29590,3251,-59,76.3595,0.4547,0.7828,1.0031,3699,19806.62,21842.82,113.7,2752.4,7742.83,-3094.68
29600,3326,-98,17.8862,0.4441,-0.0195,1.0035,4283,19797.6,21863.1,113.88,2816.0,7735.5,-3067.48
29610,3364,-76,58.1741,-0.4558,0.6365,1.0091,3836,19788.86,21882.81,114.46,2847.3,7727.74,-3040.06
29620,3324,-9,163.5358,-0.0215,0.7927,0.9938,4063,19780.26,21901.93,116.09,2815.8,7719.09,-3013.28
29630,3323,33,180.7939,-0.006,0.7935,1.0237,4004,19771.73,21920.42,117.89,2814.5,7709.32,-2986.89
29640,3323,81,186.0031,0.0167,0.805,1.0117,4397,19762.27,21937.81,119.75,2814.2,7698.34,-2960.99
29650,3325,120,182.8906,0.0162,0.7942,1.0204,3697,19751.47,21954.44,121.58,2815.1,7686.23,-2935.57
29660,3327,148,171.1973,0.4538,0.809,0.9958,3801,19740.24,21971.32,123.28,2817.0,7673.1,-2910.64
29670,3365,137,93.5095,-0.1772,0.2037,0.9989,3967,19728.71,21988.36,124.22,2848.3,7659.29,-2885.7
29680,3352,105,9.6954,-0.6413,0.293,0.9943,3843,19717.27,22005.17,124.31,2836.9,7645.5,-2860.88
29690,3300,114,83.0763,-0.0379,0.8034,1.0103,4175,19706.16,22021.59,125.14,2792.8,7631.69,-2836.59
29700,3295,73,58.819,-0.0001,0.7957,1.0011,4104,19695.18,22038.09,125.72,2791.0,7617.89,-2812.34
29710,3297,26,44.558,-0.0077,0.801,1.0108,3395,19684.0,22054.94,126.17,2790.3,7604.2,-2788.01
29720,3297,-18,42.0305,-0.0483,0.8007,1.0177,3787,19671.1,22070.79,126.58,2790.7,7590.65,-2763.6
29730,3292,-53,51.9192,-0.6555,0.792,0.9989,4002,19658.59,22086.56,127.1,2787.7,7577.18,-2739.19
29740,3241,-72,59.914,-0.6232,0.4771,0.993,3894,19646.6,22101.98,127.69,2742.8,7563.84,-2715.2
29750,3186,-105,-14.0038,-0.6182,0.0122,1.0107,3941,19634.98,22117.06,127.55,2697.2,7550.84,-2691.55
29760,3132,-61,77.6748,-0.6447,0.6508,1.0103,3957,19623.37,22132.14,128.33,2650.9,7537.68,-2668.51
29770,3074,-9,153.3832,-0.6155,0.6945,0.9974,4186,19611.4,22147.53,129.86,2603.7,7524.01,-2646.36
29780,3020,33,178.1605,-0.6408,0.6601,1.0122,3790,19599.01,22163.16,131.64,2555.6,7509.69,-2625.18
29790,2962,78,191.4811,-0.6472,0.6477,1.0141,3892,19585.31,22177.99,133.55,2506.6,7494.68,-2605.08
29800,2901,113,187.0106,-0.6457,0.6268,0.9917,4112,19570.76,22191.68,135.41,2456.7,7479.11,-2586.08
29810,2841,131,167.5947,-0.651,0.5921,0.9974,4311,19556.47,22204.82,137.09,2405.7,7463.16,-2568.07
29820,2782,119,90.9058,-0.641,0.0513,1.0024,3664,19542.14,22217.78,137.99,2353.5,7447.14,-2550.79
29830,2718,88,10.8558,-0.6441,0.3758,0.9887,3874,19527.45,22231.0,138.1,2300.3,7431.46,-2533.93
29840,2653,121,130.4242,-0.6541,0.7044,1.0024,3989,19512.64,22244.36,139.4,2245.7,7415.83,-2517.78
29850,2586,84,103.3498,-0.6522,0.6766,1.0104,4014,19498.16,22257.6,140.43,2189.8,7400.48,-2502.17
29860,2587,48,83.965,-0.6459,0.6785,1.0189,3585,19484.3,22270.55,141.27,2189.8,7385.07,-2486.6
29870,2521,12,78.0738,-0.644,0.6302,1.0117,3862,19468.77,22281.29,142.04,2132.4,7370.04,-2471.44
29880,2449,-12,85.251,-0.6251,0.598,0.9801,3806,19452.97,22292.36,142.89,2073.5,7355.39,-2456.77
29890,2377,-9,149.6181,-0.6334,0.5846,0.9923,4068,19436.92,22303.86,144.39,2012.8,7340.93,-2442.76
29900,2305,-5,172.6626,0.4536,0.8046,0.9801,4034,19420.74,22315.63,146.11,1950.2,7326.53,-2429.57
29910,2357,-3,181.3917,0.4528,0.6462,1.0265,4311,19404.76,22327.29,147.92,1995.1,7311.4,-2416.55
29920,2408,17,204.1367,0.3875,0.6863,1.0085,3854,19388.83,22337.9,149.96,2039.0,7295.4,-2403.9
29930,2454,48,224.0675,-0.6414,0.6809,1.0043,3683,19371.6,22345.87,152.2,2076.8,7278.49,-2391.83
29940,2380,84,241.1445,-0.6537,0.6377,0.9973,4099,19353.97,22353.79,154.61,2016.2,7261.48,-2381.03
29950,2308,143,325.326,0.4545,0.8087,0.9949,3972,19335.81,22361.67,157.86,1953.7,7244.3,-2371.71
29960,2360,143,253.3066,0.4316,0.723,1.0039,4106,19317.25,22369.45,160.39,1998.5,7226.23,-2363.16
29970,2414,157,232.0062,0.1885,0.7208,0.998,3946,19298.7,22377.02,162.71,2042.4,7207.34,-2355.34
29980,2436,152,202.5095,-0.6286,0.7014,1.001,3722,19279.64,22382.54,164.73,2061.7,7188.0,-2348.16
29990,2362,131,173.6112,-0.6337,0.6643,1.0112,3869,19259.75,22386.28,166.46,2000.6,7169.06,-2341.71
30000,2288,103,146.4705,-0.656,0.6556,1.0063,3831,19239.61,22390.19,167.92,1937.7,7150.6,-2335.81
30010,2212,90,192.4711,0.4418,0.7908,1.01,3914,19219.66,22394.27,169.84,1872.6,7132.65,-2330.47
30020,2267,31,112.0823,0.444,0.6182,0.9992,4040,19200.27,22398.49,170.96,1919.3,7114.22,-2325.12
30030,2320,3,112.7422,0.447,0.6429,1.0003,4473,19181.53,22402.81,172.09,1964.9,7095.31,-2319.79
30040,2373,-13,126.1277,0.239,0.6797,1.0029,3908,19162.62,22404.01,173.34,2009.5,7075.89,-2314.6
30050,2400,-17,150.901,-0.6535,0.6884,0.9976,3940,19143.38,22404.95,174.85,2032.2,7056.14,-2309.77
30060,2327,11,222.6681,-0.6382,0.6896,0.9933,4110,19123.66,22405.97,177.07,1970.2,7036.83,-2305.82
30070,2251,37,253.1335,0.453,0.7855,1.006,4057,19103.62,22406.96,-180.4,1906.3,7017.99,-2302.94
30080,2306,52,239.9739,0.4484,0.6381,1.0076,4160,19083.73,22407.8,-178.0,1952.2,6998.56,-2300.97
30090,2358,82,249.3815,0.0116,0.6656,0.9902,4090,19064.42,22407.73,-175.51,1997.0,6978.62,-2300.06
30100,2359,111,249.6827,-0.637,0.6882,0.9981,4229,19045.66,22404.38,-173.02,1997.4,6958.64,-2300.26
30110,2284,134,244.5276,-0.6405,0.6094,1.0032,3726,19026.75,22400.76,-170.57,1934.3,6939.34,-2301.5
30120,2207,174,300.8674,0.4242,0.8101,1.0082,4117,19007.51,22396.89,-167.57,1869.1,6920.8,-2303.85
30130,2262,145,201.6721,0.445,0.6075,1.0027,3991,18988.29,22392.89,-165.55,1915.9,6901.89,-2306.97
30140,2316,132,169.148,0.4468,0.6191,1.0135,3953,18969.51,22388.96,-163.87,1961.6,6882.64,-2310.72
30150,2369,110,139.1491,-0.0645,0.674,0.9891,3798,18951.47,22383.97,-162.48,2006.2,6863.02,-2314.92
30160,2364,78,118.5392,-0.6436,0.6421,1.0006,4028,18933.97,22376.84,-161.29,2000.0,6843.49,-2319.32
30170,2288,47,107.7814,-0.6342,0.6117,1.0039,3938,18916.0,22369.75,-160.22,1937.1,6824.62,-2323.72
30180,2211,43,179.7415,0.4323,0.8001,0.9878,4157,18897.59,22362.76,-158.43,1871.9,6806.47,-2328.29
30190,2267,-4,122.3819,0.4335,0.6222,1.0018,3675,18878.93,22355.94,-157.21,1918.7,6787.9,-2333.17
30200,2320,-14,141.4265,0.44,0.622,1.0144,3788,18860.5,22349.39,-155.79,1964.3,6768.99,-2338.51
30210,2374,-14,164.1273,0.1976,0.6698,0.994,4246,18843.42,22341.19,-154.16,2008.9,6749.78,-2344.46
30220,2398,1,192.0016,-0.6315,0.6816,0.9934,4042,18827.04,22331.55,-152.24,2028.7,6730.61,-2351.16
30230,2323,32,222.9248,0.4525,0.7993,1.0084,3985,18810.29,22321.58,-150.01,1966.7,6712.36,-2358.51
30240,2374,92,319.0455,0.4464,0.7574,0.9894,4307,18793.21,22311.21,-146.82,2011.2,6694.25,-2367.24
30250,2426,103,263.8317,0.1348,0.6942,1.0146,4076,18775.94,22300.42,-144.19,2054.8,6676.31,-2377.24
30260,2442,135,261.0611,-0.6309,0.712,0.9873,4397,18758.88,22289.45,-141.58,2066.4,6658.87,-2388.35
30270,2369,151,245.7454,-0.6386,0.6601,0.9965,4058,18744.08,22275.58,-139.13,2005.5,6642.54,-2400.01
30280,2295,153,224.342,-0.6401,0.6271,1.0086,4039,18729.39,22260.91,-136.89,1942.6,6627.23,-2411.99
30290,2217,164,261.048,0.4428,0.8077,0.988,3458,18714.46,22245.91,-134.28,1877.7,6612.99,-2424.23
30300,2274,116,167.2945,0.4395,0.6198,1.0005,3956,18699.2,22230.69,-132.61,1924.3,6598.67,-2437.1
30310,2326,83,139.1438,0.4497,0.6384,0.9793,3917,18683.51,22215.31,-131.22,1969.8,6584.21,-2450.48
30320,2377,44,126.1471,-0.1347,0.6691,0.9917,3991,18669.24,22198.16,-129.96,2014.3,6569.53,-2464.25
30330,2362,10,130.0761,-0.6514,0.6548,1.0048,3652,18655.8,22179.69,-128.67,2001.4,6555.06,-2478.05
30340,2289,22,224.517,-0.6386,0.635,0.9875,4168,18641.84,22161.05,-126.42,1938.4,6541.41,-2491.82
30350,2268,3,200.2799,0.4339,0.6263,0.9983,4100,18627.43,22142.11,-124.42,1920.1,6528.31,-2505.87
30360,2322,24,245.1742,0.1651,0.6386,1.0065,3823,18612.71,22122.8,-121.97,1965.7,6515.56,-2520.85
30370,2341,64,285.9548,-0.6508,0.6635,1.003,4003,18601.5,22101.43,-119.12,1981.9,6503.66,-2536.7
30380,2264,107,306.9068,-0.6356,0.614,1.0013,3903,18591.42,22079.77,-116.05,1918.3,6493.22,-2552.78
30390,2189,166,382.3221,0.4208,0.7808,1.0153,4118,18581.71,22058.06,-112.23,1852.6,6484.41,-2569.09
30400,2298,163,289.0092,0.4565,0.6104,1.0129,4024,18572.34,22036.27,-109.35,1945.8,6476.28,-2586.77
30410,2351,167,252.6463,0.1001,0.644,1.011,4187,18563.81,22014.6,-106.82,1990.8,6468.88,-2605.26
30420,2365,150,207.591,-0.6372,0.6496,1.0023,4181,18559.22,21992.13,-104.75,2001.3,6462.12,-2624.12
30430,2290,114,168.6336,-0.6453,0.6205,1.0106,3477,18554.53,21969.64,-103.07,1938.3,6455.96,-2642.51
30440,2212,101,214.0467,0.4609,0.805,0.9981,3961,18549.53,21946.83,-100.93,1873.3,6450.45,-2660.41
30450,2267,38,134.1511,0.4589,0.6172,0.9973,3737,18544.17,21923.95,-99.59,1920.0,6444.95,-2678.8
30460,2322,8,139.0181,0.4666,0.6567,0.986,3837,18539.76,21901.35,-98.2,1965.6,6439.53,-2697.7
30470,2427,-11,159.2852,-0.585,0.7003,0.9883,4009,18538.41,21878.93,-96.61,2053.7,6434.21,-2717.55
30480,2361,0,193.9949,0.4445,0.7818,1.0099,4092,18536.92,21856.47,-94.68,1998.0,6429.65,-2737.03
30490,2410,47,302.9901,0.441,0.8163,1.0059,4172,18535.41,21833.53,-91.65,2041.5,6426.13,-2757.13
30500,2462,59,270.7751,0.4639,0.7163,1.0046,4190,18534.05,21810.3,-88.94,2084.4,6423.72,-2777.84
30510,2512,100,291.4381,0.433,0.7408,0.9971,3935,18534.51,21787.35,-86.03,2126.5,6422.63,-2799.08
30520,2560,137,292.7356,0.4515,0.7605,1.0013,4105,18538.13,21764.79,-83.11,2167.7,6422.94,-2820.76
30530,2609,167,282.2903,0.4424,0.8003,0.9985,4313,18542.12,21741.97,-80.29,2208.2,6424.61,-2842.79
30540,2701,125,113.2968,0.451,0.0794,0.9857,4223,18546.41,21718.77,-79.16,2287.0,6426.96,-2865.55
30550,2748,89,16.0248,0.4644,0.0924,1.0126,4138,18550.79,21695.48,-79.0,2325.4,6429.4,-2888.7
30560,2791,52,-24.9591,0.4634,0.0965,0.9925,3886,18555.21,21672.61,-79.25,2363.2,6431.58,-2912.23
30570,2834,10,-54.0822,0.4418,0.0789,0.994,4245,18559.5,21650.07,-79.8,2400.4,6433.3,-2936.16
30580,2880,-43,-72.9743,-0.1485,0.0988,1.0007,4122,18563.52,21627.23,-80.53,2437.0,6434.34,-2960.53
30590,2803,-151,-266.025,-0.0399,0.7987,0.9985,3752,18567.25,21603.95,-83.19,2373.1,6433.94,-2984.26
30600,2800,-171,-242.0055,-0.0165,0.8041,1.0117,3865,18570.71,21580.6,-85.62,2370.8,6432.3,-3007.92
30610,2800,-160,-199.7527,-0.0178,0.7845,0.9826,4046,18572.14,21557.52,-87.62,2370.2,6429.79,-3031.5
30620,2799,-133,-155.5744,-0.6455,0.8151,1.005,4155,18571.58,21534.71,-89.18,2369.2,6426.73,-3055.01
30630,2736,-92,-121.4875,-0.62,0.7499,0.9866,4068,18571.18,21511.78,-90.39,2316.2,6423.48,-3077.95
30640,2671,-48,-117.1373,0.4573,0.7991,1.0232,4172,18571.08,21488.44,-91.57,2262.1,6420.2,-3100.33
30650,2719,-1,-96.0153,0.4548,0.7308,1.0054,4238,18571.34,21464.86,-92.53,2300.9,6416.8,-3123.1
30660,2810,30,-112.7687,-0.5064,0.7814,1.0177,3835,18570.37,21441.7,-93.66,2376.6,6413.13,-3146.61
30670,2757,33,-142.633,-0.6467,0.7391,0.9793,3934,18567.46,21419.15,-95.09,2334.4,6409.08,-3169.61
30680,2694,12,-182.4423,-0.632,0.7311,1.0097,3962,18564.58,21396.46,-96.92,2280.6,6404.38,-3191.94
30690,2627,-35,-252.7809,0.4374,0.8009,0.9948,3741,18561.54,21373.33,-99.45,2225.6,6398.68,-3213.45
30700,2678,-77,-269.7902,0.4482,0.7603,0.9847,4137,18558.2,21349.95,-102.15,2265.0,6391.55,-3234.97
30710,2722,-120,-279.4931,0.3002,0.7847,1.004,3565,18553.28,21327.15,-104.95,2303.8,6382.93,-3256.35
30720,2731,-152,-264.1356,-0.6163,0.7698,1.0083,3984,18545.6,21305.63,-107.59,2312.4,6373.02,-3277.24
30730,2665,-164,-237.6918,0.4473,0.7947,1.0003,3985,18537.69,21284.25,-109.97,2258.2,6362.33,-3297.12
30740,2713,-165,-214.2566,0.4495,0.7533,0.996,3830,18529.52,21262.54,-112.12,2297.0,6350.64,-3316.91
30750,2758,-130,-152.0683,0.4542,0.731,1.0021,3838,18521.26,21240.52,-113.64,2335.3,6338.32,-3336.76
30760,2803,-86,-116.1416,0.0901,0.7767,0.9917,4012,18512.31,21218.86,-114.81,2372.9,6325.63,-3356.81
30770,2809,-36,-93.5668,-0.6548,0.7894,1.0058,3823,18501.31,21198.63,-115.75,2379.1,6312.88,-3376.89
30780,2686,3,-91.347,0.4578,0.8021,0.9861,3759,18490.7,21178.42,-116.66,2272.5,6300.65,-3396.07
30790,2730,18,-136.3378,0.4552,0.7552,0.9967,4040,18480.16,21157.67,-118.03,2311.1,6287.98,-3415.41
30800,2774,27,-156.1011,0.1963,0.7878,1.0118,4053,18469.63,21136.47,-119.59,2349.2,6274.68,-3434.78
30810,2795,7,-198.1033,-0.0505,0.778,0.995,3629,18458.47,21115.77,-121.58,2366.2,6260.58,-3453.79
30820,2790,-29,-232.4545,-0.6483,0.7821,1.0059,3874,18444.89,21097.2,-123.91,2362.1,6245.59,-3472.06
30830,2726,-72,-256.1562,-0.6542,0.7471,1.0049,4359,18431.24,21078.97,-126.47,2309.0,6229.97,-3489.05
30840,2662,-125,-285.8586,0.4528,0.7994,1.0132,4072,18417.14,21060.67,-129.33,2254.6,6213.66,-3504.6
30850,2755,-154,-263.3978,0.4278,0.7569,0.9858,3940,18402.54,21042.3,-131.97,2331.9,6195.85,-3519.67
30860,2797,-171,-236.7702,-0.1033,0.8013,0.9971,4308,18387.32,21024.37,-134.34,2369.5,6177.01,-3534.04
30870,2788,-159,-197.1956,-0.6408,0.7586,1.0039,3924,18369.43,21008.79,-136.31,2360.4,6157.74,-3547.69
30880,2726,-129,-155.7849,-0.6438,0.7595,0.9968,4213,18351.36,20992.98,-137.87,2307.3,6138.6,-3560.61
30890,2661,-85,-140.6137,0.4361,0.8,0.9806,4020,18333.16,20976.76,-139.28,2252.9,6119.79,-3573.01
30900,2751,-30,-107.2103,0.4021,0.7599,1.0044,3960,18314.86,20959.95,-140.36,2330.2,6100.31,-3585.78
30910,2791,7,-114.8718,-0.104,0.8067,1.0147,4094,18295.71,20943.52,-141.51,2364.3,6080.47,-3598.62
30920,2782,26,-146.9222,-0.6521,0.7851,1.0062,3997,18274.55,20928.92,-142.98,2355.8,6060.5,-3611.13
30930,2653,3,-211.3126,0.4472,0.7993,0.9948,3783,18253.1,20913.9,-145.1,2248.1,6041.05,-3622.39
30940,2700,-33,-257.5342,0.4403,0.7451,1.0141,4000,18231.16,20898.63,-147.68,2287.2,6020.69,-3632.79
30950,2745,-88,-300.2247,0.4535,0.7749,1.014,4260,18208.68,20883.37,-150.68,2325.6,5999.33,-3641.95
30960,2802,-145,-321.4463,-0.6118,0.8002,1.0034,3811,18183.76,20871.64,-153.9,2371.5,5976.89,-3649.67
30970,2741,-182,-309.2902,-0.6462,0.7659,0.9771,4002,18157.87,20860.8,-157.0,2320.5,5954.47,-3655.68
30980,2677,-188,-279.7181,0.4382,0.7925,1.0002,4149,18131.51,20850.12,-159.8,2266.5,5932.27,-3660.33
30990,2768,-151,-200.9396,0.4594,0.7569,0.9908,4299,18104.75,20839.34,-161.81,2343.3,5909.19,-3664.41
31000,2813,-92,-146.9903,-0.2402,0.7711,1.0081,3894,18076.69,20831.24,-163.28,2380.8,5885.69,-3668.29
31010,2726,-28,-119.3876,-0.6345,0.7217,1.0017,3736,18047.88,20823.96,-164.48,2307.0,5862.91,-3672.02
31020,2661,2,-158.2238,0.4628,0.8008,1.0117,4603,18018.8,20816.02,-166.06,2252.6,5840.63,-3675.42
31030,2754,12,-198.1946,0.2965,0.7647,1.0109,3761,17989.31,20807.54,-168.05,2329.9,5817.49,-3678.33
31040,2781,-26,-273.6369,0.0191,0.784,0.9873,3951,17958.68,20802.87,-170.79,2354.0,5794.0,-3680.05
31050,2785,-94,-341.8363,0.4562,0.813,0.9984,4054,17927.26,20799.61,-174.21,2358.8,5770.41,-3680.01
31060,2873,-124,-270.8114,0.4507,0.4296,0.9881,4069,17895.38,20796.9,-176.92,2432.8,5746.15,-3678.34
31070,2918,-159,-225.7934,0.4361,0.4165,0.9886,4035,17863.0,20794.97,-179.18,2468.9,5721.63,-3675.24
31080,2998,-155,-161.9001,0.4431,0.4605,0.9924,4090,17830.11,20795.95,-180.8,2539.6,5696.56,-3671.19
31090,3081,-86,-47.748,0.4483,0.0583,0.9988,4053,17796.82,20796.88,178.72,2608.4,5670.79,-3667.06
31100,3122,28,100.4457,0.4593,0.0419,1.0114,4259,17763.07,20797.32,179.72,2642.2,5644.56,-3663.84
31110,3197,89,81.4432,0.45,0.1617,1.009,4021,17728.88,20797.04,180.53,2708.4,5617.59,-3661.5
31120,3274,113,29.2909,0.453,0.1561,1.0025,3883,17694.26,20796.63,180.82,2773.0,5589.92,-3659.6
31130,3312,66,-60.5202,0.4559,0.1674,1.0186,4235,17659.18,20796.44,180.21,2804.8,5561.96,-3657.25
31140,3386,-8,-107.8624,0.4561,0.001,0.9984,4062,17623.65,20796.63,179.13,2867.2,5533.5,-3653.83
31150,3459,-96,-131.7415,0.4486,-0.0148,0.9879,4044,17587.7,20797.59,177.81,2928.4,5504.61,-3648.99
31160,3530,-137,-90.5689,0.4479,-0.0043,1.0112,3860,17551.33,20799.31,176.9,2988.3,5475.29,-3643.13
31170,3600,-103,3.2212,0.4498,0.0007,0.9841,3956,17514.53,20801.35,176.93,3047.0,5445.39,-3637.18
31180,3666,-8,98.3337,0.4336,-0.006,0.9829,3957,17477.28,20803.07,177.91,3104.5,5414.75,-3632.16
31190,3701,99,138.9316,0.4544,0.0261,0.9852,4140,17439.56,20803.99,179.3,3132.9,5383.62,-3628.62
31200,3767,146,97.0965,0.433,0.0053,1.009,3545,17401.37,20804.09,180.26,3189.0,5351.81,-3626.07
31210,3832,108,-5.4548,0.435,0.0054,0.9953,4084,17362.73,20803.87,180.21,3244.1,5319.46,-3623.43
31220,3895,-4,-107.6875,0.4378,-0.0196,1.0204,3585,17323.67,20804.05,179.13,3298.2,5286.72,-3619.49
31230,3959,-137,-198.1407,0.4413,0.4492,1.0059,4156,17284.17,20805.16,177.14,3351.5,5253.73,-3613.51
31240,4021,-189,-175.9739,0.4626,0.4617,0.9988,3899,17244.27,20807.33,175.38,3403.9,5220.53,-3605.91
31250,4082,-125,-59.9301,0.4519,0.4888,0.9888,4072,17204.06,20811.43,174.78,3455.6,5186.87,-3598.04
31260,4140,25,95.6638,0.445,-0.0056,0.9882,4356,17163.39,20814.97,175.73,3506.5,5152.45,-3591.4
31270,4201,144,142.0521,0.459,-0.0182,0.9969,3726,17122.19,20817.5,177.15,3556.6,5117.23,-3586.39
31280,4260,151,52.9543,0.444,0.0131,0.9987,3978,17080.5,20819.31,177.68,3606.1,5081.41,-3581.96
31290,4317,48,-76.6938,0.4473,0.0062,0.9704,3907,17038.38,20821.23,176.91,3654.9,5045.27,-3576.51
31300,4401,-96,-152.7941,0.448,-0.0066,1.002,3815,16995.93,20824.08,175.38,3726.9,5008.77,-3569.0
31310,4459,-172,-115.161,0.4624,0.0047,0.9798,4432,16953.51,20828.0,174.22,3774.1,4972.11,-3559.91
31320,4511,-120,8.5701,0.4663,0.0019,1.0076,3795,16911.13,20832.34,174.3,3820.7,4934.99,-3550.84
31330,4565,21,126.1451,0.4648,-0.0038,0.9954,4068,16868.7,20836.15,175.56,3866.8,4897.09,-3543.3
31340,4620,135,106.9658,0.4713,0.505,0.9868,3879,16826.2,20838.87,176.63,3912.4,4858.41,-3537.41
31350,4676,133,-38.433,0.4446,0.6584,0.9839,3856,16783.63,20840.78,176.24,3957.4,4819.23,-3531.6
31360,4727,24,-172.2549,0.4361,0.6696,0.9996,4103,16741.22,20844.8,174.52,4001.9,4779.92,-3524.04
31370,4802,-108,-191.3638,0.4373,0.0109,1.0027,3989,16698.91,20849.71,172.6,4067.8,4740.52,-3513.99
31380,4856,-182,-119.0944,0.4587,0.0077,1.0101,3793,16656.73,20855.69,171.41,4111.1,4701.12,-3502.19
31390,4906,-136,2.5349,0.4463,-0.0142,1.0086,3762,16614.61,20862.13,171.43,4153.9,4661.31,-3490.29
31400,4956,13,122.4465,0.4548,0.0112,1.0032,3733,16572.43,20868.09,172.65,4196.4,4620.62,-3480.01
31410,5007,153,151.5969,0.4679,-0.0253,1.0034,4174,16530.12,20872.96,174.16,4238.4,4579.03,-3471.79
31420,5031,182,67.9215,0.0058,0.0019,0.981,3776,16487.7,20876.96,174.84,4259.0,4537.04,-3464.51
31430,5031,76,-65.9612,-0.0102,-0.0112,1.0012,3786,16445.29,20880.96,174.18,4259.0,4495.23,-3456.29
31440,5030,-89,-150.3257,-0.0096,-0.0111,0.9899,3984,16403.03,20885.8,172.67,4259.0,4453.94,-3445.87
31450,5030,-203,-168.1755,0.0092,0.7356,0.9932,3993,16361.4,20891.66,170.99,4259.0,4413.21,-3433.37
31460,5030,-185,-101.3372,0.0107,0.7544,1.0071,4092,16320.49,20898.0,169.97,4259.0,4372.72,-3420.1
31470,5031,-45,15.64,-0.0014,0.7358,0.9752,4356,16280.44,20905.71,170.13,4259.0,4331.96,-3407.72
31480,5031,115,106.9408,0.0145,-0.0039,0.9992,4277,16240.84,20912.36,171.19,4259.0,4290.7,-3397.14
31490,5031,185,87.8408,-0.0031,0.0011,1.0054,3903,16201.69,20918.06,172.07,4259.0,4249.12,-3387.82
31500,5030,122,-24.1015,-0.0068,-0.0078,0.9994,4258,16163.12,20923.45,171.82,4259.0,4207.63,-3378.15
31510,5030,-12,-116.5322,0.0185,-0.0012,0.9826,4182,16125.25,20929.25,170.65,4259.0,4166.57,-3366.83
31520,5030,-139,-135.0446,0.0028,0.0058,1.0066,4046,16088.15,20935.82,169.3,4259.0,4126.09,-3353.57
31530,5029,-185,-74.4651,-0.0148,0.019,0.9896,4233,16051.78,20942.99,168.55,4259.0,4085.98,-3339.24
31540,5032,-125,25.3602,-0.0129,0.0012,1.0119,4335,16016.05,20950.2,168.8,4259.0,4045.71,-3325.26
31550,5030,1,107.1242,-0.004,-0.0017,0.979,3836,15980.84,20956.87,169.87,4259.0,4004.98,-3312.82
31560,5029,122,129.1364,-0.0002,0.002,1.0039,4199,15946.1,20962.66,171.16,4259.0,3963.74,-3302.22
31570,5031,170,60.0245,-0.6046,0.1454,0.9845,3822,15911.89,20967.69,171.76,4259.0,3922.21,-3292.66
31580,4963,118,-76.9615,-0.6262,0.7122,1.0075,3997,15878.23,20972.38,170.98,4201.8,3881.38,-3282.68
31590,4894,20,-155.5517,-0.6456,0.6949,0.9868,3635,15845.35,20978.07,169.42,4142.3,3841.55,-3271.21
31600,4857,-96,-193.8906,-0.6407,0.6806,1.0049,3748,15813.34,20984.94,167.48,4112.3,3802.72,-3257.69
31610,4786,-158,-125.0704,-0.6396,-0.0087,0.9864,3908,15782.1,20992.32,166.23,4051.5,3765.01,-3242.83
31620,4712,-163,-45.4806,-0.6242,-0.0025,1.0076,3693,15751.52,20999.98,165.77,3989.9,3728.1,-3227.62
31630,4677,-113,28.3674,-0.6317,-0.0061,0.9891,4018,15721.61,21007.52,166.05,3958.7,3691.34,-3212.88
31640,4602,-21,87.5061,-0.6433,0.0072,1.0072,3652,15692.18,21014.62,166.92,3895.5,3654.75,-3199.47
31650,4565,76,109.7783,-0.629,0.001,1.0138,3933,15663.29,21021.04,168.02,3863.5,3617.97,-3187.57
31660,4525,141,91.778,-0.6412,-0.0138,1.0123,4312,15634.83,21026.83,168.93,3831.3,3581.15,-3176.95
31670,4447,155,42.4546,-0.6229,0.0116,1.0103,3987,15606.97,21032.15,169.35,3766.0,3544.81,-3167.05
31680,4409,119,-17.7877,-0.6351,0.007,0.9959,4169,15579.66,21037.3,169.17,3733.0,3508.83,-3157.03
31690,4331,45,-68.7063,-0.6245,0.0109,1.0078,3980,15553.02,21042.55,168.48,3665.9,3473.75,-3146.34
31700,4290,-38,-95.0853,-0.639,-0.0097,1.004,4038,15527.09,21048.05,167.53,3631.9,3439.38,-3134.59
31710,4248,-104,-92.08,-0.6184,0.0111,0.9933,3883,15501.83,21053.86,166.6,3597.6,3405.73,-3121.87
31720,4166,-141,-63.4848,-0.6306,0.0059,1.001,4011,15477.24,21059.87,165.97,3528.0,3373.02,-3108.65
31730,4126,-149,-53.0102,-0.6427,0.483,1.004,3926,15453.35,21065.91,165.43,3492.7,3340.78,-3095.15
31740,4081,-120,-29.5363,-0.629,0.4854,1.0003,4051,15430.05,21071.78,165.13,3457.0,3308.91,-3081.78
31750,4041,-63,8.1706,-0.6273,0.475,0.9931,3883,15407.32,21077.41,165.21,3421.0,3277.2,-3068.92
31760,3997,4,29.0088,-0.6216,0.4557,1.0145,4063,15385.37,21083.6,165.5,3384.5,3245.59,-3056.82
31770,3955,61,30.9621,-0.6244,0.4463,1.0035,3838,15363.76,21089.35,165.81,3347.7,3214.09,-3045.47
31780,3865,107,37.2831,-0.6326,0.0194,0.9933,4485,15342.19,21094.78,166.17,3272.8,3183.1,-3034.93
31790,3821,128,37.392,-0.6362,0.0126,0.9937,4014,15320.62,21100.0,166.55,3234.7,3152.33,-3024.88
31800,3775,117,0.6283,-0.6358,0.0004,1.0073,3997,15299.35,21105.08,166.55,3196.1,3121.92,-3014.99
31810,3728,80,-34.0418,-0.6228,0.0076,0.995,4362,15278.68,21110.08,166.2,3157.1,3092.01,-3004.87
31820,3682,29,-60.0432,-0.6187,-0.0116,1.0031,3853,15258.5,21115.14,165.6,3117.5,3062.7,-2994.24
31830,3637,-24,-75.5004,-0.6345,0.0001,0.9967,4134,15238.3,21120.47,164.84,3077.5,3034.04,-2983.0
31840,3587,-74,-77.6108,-0.6326,-0.0058,0.9829,3930,15217.84,21126.16,164.06,3037.0,3006.07,-2971.14
31850,3538,-109,-63.1627,-0.6323,-0.0009,1.0011,4080,15197.54,21132.09,163.43,2995.8,2978.76,-2958.82
31860,3489,-119,-36.2924,-0.6252,-0.012,1.0074,4032,15177.75,21138.05,163.06,2954.2,2951.97,-2946.34
31870,3439,-109,-4.636,-0.6396,0.0008,0.9933,3752,15158.32,21143.99,163.01,2911.9,2925.59,-2933.99
31880,3389,-80,27.459,-0.6272,0.0136,1.0047,3993,15138.69,21149.94,163.29,2869.0,2899.48,-2922.07
31890,3338,-36,56.2797,-0.6411,-0.0062,1.0014,3928,15118.59,21155.88,163.85,2825.4,2873.55,-2910.82
31900,3285,17,75.6631,-0.6387,0.0063,1.0013,4476,15098.08,21161.68,164.6,2781.2,2847.74,-2900.45
31910,3231,63,79.3863,-0.6517,-0.0191,1.0016,3980,15077.52,21167.18,165.39,2736.3,2822.08,-2890.95
31920,3180,95,66.2828,-0.6232,0.0145,1.01,4202,15057.39,21172.3,166.05,2690.6,2796.62,-2882.19
31930,3124,107,42.6339,-0.6383,0.0164,0.9982,3985,15037.41,21177.18,166.47,2644.1,2771.47,-2873.95
31940,3067,102,13.922,-0.6421,-0.0003,0.9945,4071,15017.09,21182.04,166.61,2596.8,2746.75,-2865.98
31950,3013,101,49.4892,-0.6351,0.2945,1.0101,4216,14996.35,21187.01,167.1,2548.6,2722.42,-2858.25
31960,2952,59,18.8902,-0.6421,0.3691,0.9882,4075,14975.55,21192.16,167.29,2499.4,2698.65,-2850.53
31970,2833,13,-1.3292,-0.6414,0.3532,1.0058,4085,14955.17,21197.12,167.27,2398.2,2675.93,-2842.83
31980,2771,-27,-6.8373,-0.6208,0.3332,0.9944,3984,14935.16,21201.09,167.2,2345.9,2653.83,-2834.96
31990,2708,-54,1.4699,-0.6407,0.3215,0.9961,4222,14915.25,21205.31,167.21,2292.4,2632.31,-2827.04
32000,2645,-42,90.4849,-0.1535,0.8049,1.0002,3789,14894.95,21209.83,168.11,2237.7,2611.23,-2819.45
32010,2628,-16,174.7873,-0.0301,0.784,0.9933,4168,14874.22,21214.57,169.86,2224.8,2590.08,-2812.51
32020,2625,3,213.5195,-0.0174,0.7978,1.0147,3734,14853.15,21219.39,171.99,2222.3,2568.7,-2806.4
32030,2625,40,242.9861,-0.5807,0.8072,1.0014,3822,14832.03,21221.41,174.42,2222.0,2547.03,-2801.42
32040,2565,78,259.1939,-0.6429,0.7498,1.0168,3963,14811.16,21221.8,177.01,2170.6,2525.63,-2797.78
32050,2495,115,267.9305,-0.6363,0.7407,0.9861,3981,14790.15,21221.92,179.68,2112.7,2504.62,-2795.49
32060,2425,160,309.0482,0.4642,0.792,1.0055,4180,14768.71,21221.75,-177.23,2053.2,2484.11,-2794.62
32070,2477,167,258.2852,0.4512,0.7208,1.0089,3908,14747.06,21221.34,-174.65,2095.9,2463.13,-2794.89
32080,2523,162,223.7594,-0.1225,0.7716,0.9853,3717,14725.8,21220.06,-172.42,2137.7,2441.79,-2796.06
32090,2511,139,183.6891,-0.6282,0.7568,1.0038,4110,14705.49,21215.42,-170.58,2125.5,2420.6,-2797.84
32100,2440,105,150.6389,-0.6268,0.7265,1.0038,3885,14685.47,21210.94,-169.08,2066.3,2400.04,-2799.94
32110,2367,81,159.9182,0.469,0.7872,0.9996,3749,14665.17,21206.62,-167.48,2005.4,2380.14,-2802.31
32120,2421,30,110.3109,0.4437,0.6542,0.9965,3732,14644.42,21202.49,-166.38,2049.1,2359.8,-2804.85
32130,2472,0,116.2145,0.4372,0.7036,0.9968,4216,14623.6,21198.64,-165.22,2091.9,2339.05,-2807.6
32140,2519,-19,132.1711,0.1701,0.726,0.9961,4326,14603.89,21192.82,-163.9,2133.8,2317.94,-2810.68
32150,2540,-21,159.1521,-0.6236,0.7492,0.9934,3988,14584.67,21185.77,-162.32,2151.0,2296.72,-2814.29
32160,2472,0,194.8133,-0.6386,0.6857,1.0016,3882,14565.05,21178.59,-160.37,2092.6,2276.22,-2818.55
32170,2452,47,275.1175,0.4571,0.7217,0.9898,4105,14545.0,21171.16,-157.62,2075.6,2256.15,-2823.88
32180,2501,72,267.6777,0.4452,0.7451,0.987,4410,14524.92,21163.5,-154.95,2117.8,2236.04,-2830.49
32190,2551,109,274.7085,-0.3007,0.7931,1.0022,3789,14505.53,21155.42,-152.21,2159.2,2215.97,-2838.49
32200,2519,138,264.8724,-0.655,0.7705,0.9992,3762,14488.44,21144.07,-149.56,2131.4,2196.66,-2847.55
32210,2447,155,248.3675,-0.6357,0.7096,1.0042,4069,14471.47,21132.52,-147.08,2072.4,2178.4,-2857.34
32220,2375,168,261.3764,0.4353,0.8071,1.0007,3787,14454.25,21120.59,-144.47,2011.7,2161.16,-2867.71
32230,2426,143,194.647,0.4578,0.7063,0.9971,3813,14436.79,21108.44,-142.53,2055.2,2143.91,-2878.88
32240,2479,118,161.6056,0.4394,0.7237,0.9909,4109,14419.28,21096.34,-140.91,2097.9,2126.55,-2890.69
32250,2527,83,132.3872,0.4094,0.7635,1.0072,4115,14403.39,21082.98,-139.59,2139.7,2109.02,-2902.96
32260,2569,41,115.9685,-0.6313,0.7753,0.9967,3709,14388.82,21068.62,-138.44,2175.0,2091.28,-2915.54
32270,2501,10,116.2165,-0.6421,0.7469,0.9854,4044,14373.96,21054.36,-137.28,2117.2,2074.1,-2927.92
32280,2429,1,159.3732,0.4614,0.7926,0.999,4246,14358.6,21039.98,-135.69,2057.8,2057.61,-2940.23
32290,2481,-19,155.2272,0.4436,0.6748,1.0077,3825,14342.8,21025.46,-134.14,2100.4,2041.03,-2953.14
32300,2531,-7,189.927,0.4597,0.7304,1.0009,3941,14326.96,21010.97,-132.24,2142.2,2024.57,-2966.87
32310,2577,16,219.2786,-0.4054,0.7546,0.9919,4396,14314.42,20994.26,-130.05,2183.1,2008.43,-2981.57
32320,2537,53,243.0967,-0.6303,0.7458,0.9867,4181,14302.18,20977.58,-127.62,2146.7,1993.34,-2996.85
32330,2466,106,298.7272,-0.6213,0.6951,0.994,3910,14289.94,20960.49,-124.64,2088.1,1979.66,-3012.63
32340,2397,132,278.7385,0.439,0.8156,0.9857,3950,14277.7,20942.87,-121.86,2027.8,1967.35,-3028.76
32350,2446,157,267.1212,0.4452,0.7166,1.0106,4085,14265.64,20925.04,-119.19,2071.1,1955.77,-3045.94
32360,2496,164,235.9606,0.3483,0.7622,1.0132,3940,14255.73,20906.52,-116.83,2113.4,1944.8,-3064.02
32370,2467,149,197.2158,-0.6425,0.7213,0.9933,4003,14248.0,20887.53,-114.86,2089.0,1934.59,-3082.25
32380,2397,123,163.9149,0.4424,0.7982,0.9985,4287,14240.29,20868.66,-113.23,2028.8,1925.09,-3100.19
32390,2447,104,168.3947,0.4588,0.6946,1.0014,3919,14232.29,20849.48,-111.55,2072.0,1915.77,-3118.7
32400,2497,52,119.667,0.4429,0.7266,1.0052,3693,14223.92,20830.05,-110.35,2114.3,1906.4,-3137.65
32410,2546,16,115.1168,-0.2037,0.7562,0.9884,3986,14215.34,20810.85,-109.21,2155.8,1896.96,-3157.03
32420,2524,-9,122.9891,-0.6454,0.7453,0.996,4204,14209.98,20791.05,-107.98,2136.2,1887.81,-3176.34
32430,2453,-18,145.4195,-0.6363,0.7017,0.9927,3924,14204.86,20771.09,-106.53,2077.4,1879.24,-3195.27
32440,2383,4,216.91,0.4633,0.8037,1.0034,4122,14199.51,20750.69,-104.36,2016.8,1871.57,-3213.95
32450,2435,14,218.4959,0.4334,0.6938,0.9922,4131,14194.07,20729.88,-102.18,2060.2,1864.56,-3233.34
32460,2485,48,250.1521,0.4547,0.7194,0.9883,3971,14188.77,20708.98,-99.68,2102.8,1858.46,-3253.48
32470,2533,85,265.4942,-0.0403,0.7501,1.0103,3910,14185.34,20688.25,-97.03,2144.5,1853.47,-3274.34
32480,2530,119,266.8822,-0.6287,0.7554,0.9943,3812,14184.64,20667.5,-94.36,2142.5,1849.73,-3295.43
32490,2463,146,260.2195,-0.6388,0.7039,1.024,4376,14184.21,20646.55,-91.76,2083.8,1847.29,-3316.15
32500,2389,170,280.6098,0.4538,0.8031,0.9966,3845,14184.0,20625.2,-88.96,2023.4,1846.05,-3336.34
32510,2442,157,220.5027,0.4526,0.7344,1.005,4060,14183.91,20603.75,-86.76,2066.7,1845.65,-3357.02
32520,2492,137,182.7534,0.4543,0.7525,1.0203,3709,14183.82,20582.66,-84.93,2109.1,1845.85,-3378.13
32530,2542,106,147.9932,0.1082,0.7777,1.0005,3983,14187.14,20562.41,-83.46,2150.7,1846.45,-3399.65
32540,2551,68,125.8793,-0.6435,0.7921,1.0026,3934,14190.75,20542.4,-82.2,2161.0,1847.27,-3421.23
32550,2484,37,143.2478,-0.6269,0.7466,1.0039,3811,14194.15,20522.03,-80.77,2102.8,1848.28,-3442.24
32560,2412,3,123.0361,0.4454,0.8015,1.0032,4143,14197.35,20501.16,-79.54,2043.0,1849.47,-3462.63
32570,2464,-17,136.3724,0.454,0.6861,1.0016,3886,14200.36,20479.89,-78.18,2085.9,1850.98,-3483.44
32580,2563,-18,166.2888,-0.38,0.7349,1.0121,3606,14204.41,20459.08,-76.52,2169.2,1853.1,-3505.05
32590,2519,-1,195.4586,-0.6514,0.7043,1.0078,4031,14210.87,20439.43,-74.57,2133.8,1855.95,-3526.2
32600,2451,31,225.6334,-0.6278,0.6787,1.0064,4061,14217.43,20419.81,-72.32,2074.9,1859.68,-3546.62
32610,2380,86,294.1969,0.4658,0.8008,1.001,3871,14224.34,20399.79,-69.38,2014.2,1864.55,-3566.17
32620,2430,117,285.263,0.4442,0.7105,0.9895,4021,14231.64,20379.52,-66.53,2057.7,1870.79,-3585.78
32630,2481,147,279.9044,0.432,0.7326,0.9926,4179,14239.19,20359.44,-63.73,2100.3,1878.38,-3605.37
32640,2530,162,254.5046,-0.5298,0.7895,1.009,4026,14249.75,20341.4,-61.19,2142.1,1887.18,-3624.9
32650,2472,160,220.9269,-0.6279,0.7357,0.9959,4148,14260.97,20324.18,-58.99,2093.4,1896.61,-3643.6
32660,2400,148,203.6537,0.4588,0.7974,0.9955,3909,14272.27,20306.9,-56.95,2033.3,1906.37,-3661.43
32670,2451,117,166.8254,0.442,0.7289,1.0019,4039,14283.71,20289.24,-55.29,2076.4,1916.73,-3679.42
32680,2503,72,123.3015,0.4424,0.7121,1.001,3685,14295.19,20271.15,-54.06,2118.6,1927.48,-3697.68
32690,2550,34,111.3911,0.0662,0.7392,0.9871,4058,14307.34,20253.46,-52.95,2160.0,1938.55,-3716.22
32700,2555,1,112.9011,-0.6261,0.7335,0.9843,3999,14321.42,20237.53,-51.82,2163.1,1949.76,-3734.73
32710,2486,-15,130.6566,-0.6425,0.6945,1.005,3767,14335.32,20221.39,-50.52,2105.0,1960.9,-3752.59
32720,2415,1,206.2736,0.4337,0.7912,1.016,3845,14349.37,20204.85,-48.46,2045.2,1972.25,-3769.61
32730,2465,6,215.6667,0.4538,0.7292,0.9871,4121,14363.42,20188.23,-46.31,2088.1,1984.51,-3786.52
32740,2551,33,244.239,-0.2913,0.7955,0.9995,4057,14377.21,20172.06,-43.87,2160.2,1998.04,-3803.35
32750,2518,69,261.3001,-0.6391,0.7931,0.9854,4306,14393.1,20159.08,-41.26,2132.8,2012.33,-3819.18
32760,2450,104,272.2188,-0.6399,0.7344,1.0145,4241,14409.53,20146.78,-38.54,2073.8,2027.12,-3833.72
32770,2377,146,300.2743,0.447,0.7991,0.9978,4224,14426.5,20134.43,-35.54,2013.1,2042.37,-3846.85
32780,2430,157,261.7862,0.4318,0.6695,1.0081,4035,14443.96,20122.04,-32.92,2056.7,2058.69,-3859.4
32790,2480,161,227.4247,0.4479,0.7011,0.9987,4125,14461.85,20109.57,-30.65,2099.3,2075.92,-3871.42
32800,2527,149,194.673,0.2067,0.7335,1.0001,4275,14480.85,20098.24,-28.71,2141.1,2093.87,-3883.07
32810,2550,119,160.5353,-0.6537,0.7627,0.9962,4057,14501.51,20088.93,-27.1,2159.3,2112.23,-3894.45
32820,2481,74,133.4098,-0.6166,0.7099,0.9957,4129,14522.41,20079.25,-25.77,2101.1,2130.19,-3905.34
32830,2410,48,161.53,0.4523,0.8066,1.0012,4338,14543.54,20069.1,-24.16,2041.2,2147.78,-3915.68
32840,2512,4,141.4162,0.4327,0.7474,1.0061,4014,14564.93,20058.42,-22.75,2126.2,2166.23,-3926.28
32850,2559,-12,173.2085,-0.2733,0.7864,1.0019,4011,14587.31,20048.94,-21.02,2167.5,2185.23,-3936.7
32860,2529,1,219.7522,-0.6272,0.7546,0.9874,3915,14611.11,20041.92,-18.83,2142.2,2204.38,-3946.31
32870,2461,52,302.4217,-0.6379,0.72,0.9967,4193,14635.4,20034.82,-15.81,2083.5,2223.53,-3954.53
32880,2440,90,316.0537,0.4415,0.6954,1.0062,3774,14660.21,20027.84,-12.65,2066.4,2243.03,-3961.35
32890,2488,139,337.5301,0.4541,0.7257,1.0066,4133,14685.61,20021.12,-9.27,2108.8,2263.39,-3966.79
32900,2540,178,333.3263,0.3304,0.7461,1.0,4070,14712.14,20018.9,-5.95,2150.4,2284.52,-3970.79
32910,2509,187,300.1928,-0.0666,0.8045,1.0125,4079,14739.23,20017.86,-2.95,2124.0,2305.6,-3973.45
32920,2502,179,282.5275,0.4392,0.7836,1.0011,4288,14766.74,20016.95,-0.12,2119.0,2326.74,-3975.09
32930,2552,126,200.2325,0.4195,0.772,1.0117,4305,14794.59,20015.87,1.88,2160.4,2348.32,-3976.2
32940,2533,68,165.5164,-0.6293,0.7479,0.9992,4168,14822.75,20017.53,3.53,2143.6,2369.75,-3977.06
32950,2462,20,162.3759,-0.6567,0.7001,1.0012,4162,14851.3,20021.05,5.15,2084.9,2390.58,-3977.7
32960,2441,15,227.8099,0.4461,0.6889,1.0255,3869,14880.31,20024.15,7.43,2067.8,2411.26,-3977.77
32970,2493,16,251.757,0.455,0.7213,0.996,4315,14909.59,20027.05,9.94,2110.2,2432.36,-3976.97
32980,2589,61,317.4208,0.3749,0.7702,1.0161,4092,14938.23,20033.2,13.11,2192.6,2454.17,-3974.72
32990,2632,122,366.5852,0.4345,0.7734,0.9906,4091,14966.55,20042.11,16.77,2226.6,2476.08,-3970.66
33000,2722,142,275.9592,0.4578,0.2149,0.9937,4247,14995.09,20051.67,19.53,2304.8,2498.41,-3964.93
33010,2767,132,146.4717,0.4451,0.2052,0.9902,3940,15023.83,20061.86,20.99,2342.9,2520.86,-3958.22
33020,2856,119,83.1438,0.45,0.2318,1.0021,3751,15052.22,20073.27,21.82,2417.3,2543.92,-3950.89
33030,2898,67,12.9391,0.4403,0.226,0.9919,4079,15080.49,20084.94,21.95,2453.7,2567.36,-3943.63
33040,2983,-23,-86.4424,0.4494,-0.0033,0.998,4239,15108.93,20096.21,21.08,2524.8,2591.72,-3936.96
33050,3022,-90,-110.914,0.4381,-0.0008,1.0036,3956,15137.7,20106.97,19.96,2559.7,2616.65,-3931.17
33060,3104,-163,-197.1887,0.4505,0.6251,1.003,3827,15166.31,20117.13,17.99,2628.0,2642.51,-3926.43
33070,3145,-155,-157.0933,0.4274,0.6198,1.0044,4119,15194.38,20126.86,16.42,2661.4,2668.84,-3922.39
33080,3220,-102,-90.4668,0.4579,0.6498,0.9901,3800,15222.76,20134.19,15.51,2727.2,2695.82,-3918.43
33090,3260,-29,-45.9767,0.4643,0.6677,1.0117,4177,15251.13,20141.36,15.04,2759.5,2723.09,-3914.16
33100,3336,75,73.7269,0.4557,0.0067,0.9939,4060,15279.39,20149.07,15.78,2822.9,2750.85,-3908.94
33110,3371,123,76.7494,0.4459,0.02,1.0071,3669,15307.78,20157.32,16.54,2854.1,2778.76,-3902.89
33120,3444,68,-104.1859,0.3338,0.7982,0.9847,4132,15336.52,20165.93,15.5,2915.5,2807.36,-3897.15
33130,3470,-3,-209.0805,0.0027,0.7968,0.9856,4422,15365.6,20174.54,13.4,2937.3,2836.41,-3892.7
33140,3469,-79,-255.9313,0.01,0.7906,1.0154,3584,15395.13,20180.18,10.84,2937.5,2865.66,-3890.05
33150,3471,-148,-265.0335,0.4463,0.8073,1.0094,4315,15424.86,20184.57,8.19,2939.0,2895.04,-3889.3
33160,3541,-141,-109.9939,0.4474,-0.0045,1.003,4206,15454.65,20188.46,7.09,2998.7,2925.03,-3889.54
33170,3577,-115,-14.9943,0.4435,0.0109,0.9976,4083,15484.73,20192.13,6.93,3028.1,2955.33,-3889.93
33180,3612,-103,-68.7082,-0.0156,0.7873,1.0034,3731,15515.16,20195.94,6.24,3058.2,2985.91,-3890.4
33190,3611,-27,-43.3267,0.006,0.7986,1.0013,3849,15545.54,20200.2,5.81,3057.0,3016.49,-3890.55
33200,3610,46,-35.2921,0.0278,0.7908,1.0191,3763,15575.82,20202.31,5.45,3057.3,3047.05,-3890.29
33210,3613,80,-70.9463,0.4462,0.8084,0.9812,3878,15606.05,20204.57,4.74,3058.7,3077.65,-3890.01
33220,3606,109,-2.7811,-0.6374,0.0227,0.9857,3963,15636.05,20207.05,4.71,3053.5,3108.2,-3889.71
33230,3559,53,-55.6217,-0.6309,-0.0063,0.9938,3817,15665.46,20209.35,4.15,3012.6,3138.34,-3890.01
33240,3461,-76,-238.5507,-0.0196,0.7827,1.0044,4547,15694.33,20211.21,1.76,2929.1,3167.57,-3892.01
33250,3459,-142,-250.6053,-0.0195,0.8026,1.0019,4056,15722.57,20212.51,-0.75,2927.9,3196.61,-3895.81
33260,3457,-176,-218.87,0.0249,0.7891,1.0062,3997,15750.21,20210.84,-2.94,2927.6,3225.41,-3901.09
33270,3461,-168,-164.2958,0.4399,0.78,1.0038,3645,15777.13,20208.47,-4.59,2930.0,3254.06,-3907.31
33280,3496,-98,-21.2305,0.4514,0.2372,0.9945,4167,15803.43,20206.17,-4.8,2960.0,3283.01,-3913.55
33290,3533,-20,73.4814,0.4375,-0.0013,0.9989,4196,15829.16,20204.16,-4.07,2989.8,3312.4,-3919.11
33300,3596,30,53.3911,-0.6381,0.6071,0.9895,3751,15854.25,20202.57,-3.54,3042.7,3342.45,-3924.0
33310,3547,50,-35.7076,-0.0036,0.8209,0.9901,3949,15878.71,20201.42,-3.9,3001.7,3372.14,-3928.57
33320,3543,77,-60.3696,-0.0128,0.8057,0.9885,3992,15902.62,20200.6,-4.5,3000.5,3401.8,-3933.14
33330,3545,74,-96.7195,0.0085,0.7958,1.0222,3960,15925.74,20197.92,-5.47,3000.3,3431.41,-3938.13
33340,3546,50,-134.6017,0.0306,0.8056,1.011,4007,15948.24,20194.94,-6.82,3001.0,3460.88,-3943.9
33350,3546,10,-142.5609,0.4631,0.8016,1.0003,3995,15970.12,20191.88,-8.25,3002.5,3490.13,-3950.7
33360,3616,-10,-73.9459,0.4565,0.0028,0.988,3887,15991.31,20188.67,-9.0,3061.0,3519.76,-3958.41
33370,3651,-59,-77.4539,-0.1915,0.0119,0.9858,3983,16011.84,20185.28,-9.77,3089.8,3549.46,-3966.98
33380,3635,-113,-106.7755,-0.6324,0.6653,1.0078,4187,16031.73,20181.73,-10.84,3077.4,3578.76,-3976.42
33390,3588,-154,-140.0311,-0.0233,0.7796,1.0051,4264,16050.98,20178.1,-12.25,3036.9,3607.37,-3986.67
33400,3586,-153,-110.2734,0.0059,0.7921,1.0107,4091,16069.6,20174.48,-13.35,3035.8,3635.73,-3997.55
33410,3588,-137,-79.9685,-0.0112,0.7962,0.999,4094,16087.46,20170.45,-14.16,3035.8,3663.97,-4008.8
33420,3585,-107,-53.5607,-0.0653,0.7996,0.9988,4270,16104.41,20165.37,-14.69,3035.7,3692.13,-4020.13
33430,3580,-69,-34.5923,-0.6484,0.7849,0.9959,3893,16121.26,20160.46,-15.04,3031.2,3720.29,-4031.38
33440,3530,-23,-22.9956,-0.629,0.7505,1.018,3792,16138.45,20155.63,-15.28,2990.0,3748.12,-4042.26
33450,3483,49,60.2336,-0.632,0.1296,0.9899,4256,16156.03,20150.91,-14.68,2948.2,3775.82,-4052.37
33460,3432,86,62.1672,-0.6336,0.0109,0.9884,4118,16173.69,20146.4,-14.06,2905.9,3803.33,-4061.76
33470,3382,106,46.2363,-0.6334,0.0087,0.9871,3936,16191.0,20142.14,-13.6,2862.9,3830.58,-4070.57
33480,3330,91,-31.5355,-0.6292,0.6277,1.0056,4004,16207.88,20138.1,-13.92,2819.2,3857.42,-4079.27
33490,3278,68,-86.8568,-0.6392,0.7152,0.9976,3926,16224.73,20134.11,-14.79,2774.9,3883.69,-4088.24
33500,3277,47,-113.3968,-0.6346,0.7003,0.9887,3977,16242.06,20129.97,-15.92,2774.9,3909.74,-4097.82
33510,3223,10,-138.4784,-0.6326,0.701,1.0002,3978,16259.67,20125.18,-17.31,2729.9,3935.04,-4108.06
33520,3169,-31,-158.3048,-0.6219,0.6678,1.0151,3769,16277.17,20118.64,-18.9,2684.1,3959.52,-4119.06
33530,3115,-75,-167.1713,-0.629,0.6416,0.9997,3930,16294.77,20111.83,-20.57,2637.5,3983.09,-4130.88
33540,3061,-107,-159.2572,-0.6318,0.6198,1.0046,4074,16312.04,20104.91,-22.17,2590.0,4005.79,-4143.39
33550,3003,-91,-52.243,-0.6508,0.0741,0.9795,4073,16329.04,20097.89,-22.69,2541.7,4027.85,-4156.05
33560,2943,-101,-31.784,-0.6455,0.0128,0.9855,4337,16346.18,20090.66,-23.02,2492.4,4049.32,-4168.72
33570,2882,-92,-5.8766,-0.634,-0.0015,1.0085,3838,16363.52,20083.27,-23.08,2442.2,4070.32,-4181.17
33580,2824,-57,57.1718,-0.6535,0.2184,0.9969,4013,16380.66,20076.0,-22.51,2390.9,4091.06,-4193.09
33590,2762,-24,84.788,-0.6225,0.2319,0.9983,3842,16397.35,20069.03,-21.66,2338.4,4111.59,-4204.29
33600,2700,7,98.2138,-0.6382,0.2225,0.9979,3789,16413.63,20062.4,-20.68,2284.8,4131.95,-4214.7
33610,2633,41,105.416,-0.6566,0.2065,1.0088,3698,16430.07,20056.36,-19.63,2229.8,4152.09,-4224.25
33620,2632,73,107.3684,-0.652,0.1937,1.0015,3947,16447.18,20050.76,-18.56,2229.8,4172.51,-4233.18
33630,2567,94,99.1454,-0.6486,0.1955,0.9875,3800,16464.77,20045.21,-17.57,2173.5,4192.65,-4241.35
33640,2500,157,223.4848,-0.6247,0.5681,1.0014,3921,16482.84,20039.68,-15.34,2115.7,4212.62,-4248.39
33650,2429,150,200.7225,-0.6319,0.7693,0.9961,3827,16501.08,20034.19,-13.34,2056.3,4232.27,-4254.52
33660,2355,132,171.8545,-0.6438,0.7081,0.9888,4009,16519.15,20028.73,-11.62,1995.0,4251.47,-4259.93
33670,2282,103,146.5912,-0.6276,0.6604,0.9926,4020,16537.72,20025.67,-10.16,1931.9,4270.16,-4264.83
33680,2205,70,128.457,-0.643,0.6304,1.0144,3843,16556.7,20023.76,-8.88,1866.6,4288.27,-4269.37
33690,2125,45,130.9325,-0.6502,0.5613,0.9978,4024,16575.53,20021.65,-7.57,1799.0,4305.77,-4273.54
33700,2042,49,209.6409,0.439,0.7878,0.9831,4227,16593.82,20019.37,-5.48,1728.7,4322.68,-4277.15
33710,2103,-4,122.4493,0.4478,0.5646,0.9842,3985,16611.53,20016.97,-4.26,1779.1,4340.14,-4280.66
33720,2161,-12,137.2594,0.1236,0.5785,0.9952,4128,16628.83,20014.48,-2.89,1828.3,4358.15,-4283.93
33730,2175,-7,159.263,-0.6543,0.5971,0.9869,3709,16646.18,20014.54,-1.3,1841.8,4376.36,-4286.74
33740,2094,9,187.6585,-0.628,0.5797,1.0177,3891,16664.01,20015.6,0.58,1773.2,4393.97,-4288.85
33750,2094,31,219.075,-0.6376,0.562,0.9954,4231,16682.36,20016.76,2.76,1773.2,4411.65,-4290.2
33760,2012,105,351.4339,0.4274,0.7919,1.0001,4364,16701.08,20018.1,6.28,1701.9,4428.69,-4290.25
33770,2070,88,253.4524,0.444,0.5457,0.9975,4040,16719.62,20019.63,8.81,1753.1,4446.19,-4289.36
33780,2131,116,254.101,0.4369,0.5702,0.9932,3929,16738.02,20021.38,11.35,1802.9,4464.13,-4287.42
33790,2188,139,249.6481,0.434,0.6218,0.9974,3593,16756.07,20026.38,13.84,1851.4,4482.41,-4284.41
33800,2242,151,234.9672,-0.1766,0.6564,0.9819,3768,16774.19,20032.47,16.19,1898.6,4500.98,-4280.44
33810,2219,159,242.7932,-0.6218,0.7114,1.0026,4019,16792.19,20038.64,18.61,1878.2,4519.17,-4275.68
33820,2140,152,240.9166,0.4435,0.7925,1.0017,4475,16809.68,20044.65,21.01,1811.0,4536.5,-4270.39
33830,2197,103,139.3509,0.4575,0.5955,1.0072,3985,16826.59,20050.39,22.41,1859.2,4554.2,-4264.63
33840,2251,76,117.9213,-0.4142,0.6186,0.9963,3886,16843.12,20055.86,23.58,1906.3,4572.25,-4258.52
33850,2199,51,106.4404,-0.6476,0.5811,0.9963,4042,16858.52,20063.93,24.64,1861.8,4589.83,-4252.39
33860,2118,22,105.7265,-0.6477,0.5326,0.9986,4069,16874.18,20072.48,25.7,1794.0,4606.73,-4246.39
33870,2118,11,136.4708,-0.6614,0.5742,1.0006,3831,16890.37,20081.08,27.06,1794.0,4623.56,-4240.17
33880,2036,28,222.5115,0.4559,0.8064,1.0002,3985,16906.97,20089.69,29.28,1723.5,4639.54,-4233.7
33890,2097,-8,161.5683,0.4543,0.5604,0.9934,3959,16923.54,20098.16,30.9,1774.1,4655.85,-4226.66
33900,2153,4,187.5031,0.4375,0.6039,0.9942,3879,16940.08,20106.57,32.77,1823.4,4672.33,-4218.86
33910,2211,25,217.2257,0.4624,0.6223,1.0067,4161,16954.89,20118.07,34.94,1871.3,4688.9,-4210.13
33920,2269,54,245.1534,-0.1956,0.6699,1.0029,3809,16969.76,20130.32,37.39,1918.1,4705.41,-4200.3
33930,2241,115,334.7095,-0.2697,0.7965,1.0035,3925,16984.86,20143.03,40.73,1899.0,4720.99,-4189.47
33940,2211,136,311.8882,0.4682,0.786,1.005,3905,17000.13,20156.23,43.85,1872.3,4735.6,-4177.77
33950,2268,147,267.618,0.0009,0.6244,1.012,4385,17015.54,20169.89,46.52,1919.0,4749.86,-4164.91
33960,2266,157,251.3585,-0.6382,0.6215,0.9986,4309,17029.8,20185.22,49.03,1917.8,4763.44,-4151.34
33970,2188,153,224.0044,-0.6352,0.5986,1.0025,3889,17042.42,20202.64,51.27,1852.0,4775.98,-4137.69
33980,2106,142,227.9846,-0.659,0.5493,0.9999,3932,17055.27,20220.37,53.54,1783.8,4787.58,-4124.14
33990,2024,123,236.1166,0.4518,0.8026,0.9918,3841,17068.47,20238.31,55.9,1712.9,4798.32,-4110.78
34000,2143,61,142.5502,0.4384,0.5654,1.0121,4096,17082.15,20256.46,57.32,1813.4,4809.52,-4096.51
34010,2200,28,140.2849,0.2104,0.6206,1.0207,3767,17094.29,20276.07,58.72,1861.6,4820.87,-4081.74
34020,2228,8,157.4255,-0.628,0.605,1.0075,3774,17105.01,20297.1,60.29,1884.7,4832.14,-4066.61
34030,2147,46,302.5524,0.4648,0.7918,1.0063,3863,17116.17,20318.43,63.32,1817.8,4842.34,-4051.55
34040,2204,27,249.0485,0.4482,0.7264,0.9982,4393,17127.63,20340.18,65.8,1865.8,4852.11,-4035.64
34050,2266,63,300.1641,-0.6443,0.6503,0.9981,4309,17139.11,20362.48,68.8,1918.6,4861.14,-4018.71
34060,2191,109,339.3293,-0.6517,0.6052,1.009,4138,17145.65,20387.11,72.19,1852.8,4868.65,-4001.74
34070,2108,163,381.694,-0.6431,0.5704,0.9993,3887,17151.91,20412.3,76.01,1784.6,4874.48,-3984.87
34080,2084,205,421.6805,0.4443,0.5582,1.0018,3526,17157.85,20437.99,80.22,1764.7,4878.77,-3967.76
34090,2142,181,307.1001,0.4271,0.6104,1.0102,4332,17163.61,20464.14,83.29,1814.2,4882.1,-3949.92
34100,2200,159,256.092,0.2725,0.5991,1.0138,4491,17164.64,20491.3,85.85,1862.4,4884.73,-3931.47
34110,2153,117,219.5874,0.4507,0.803,1.0046,4174,17165.02,20518.92,88.04,1823.4,4886.84,-3913.36
34120,2210,71,198.704,0.4334,0.4943,1.0085,4075,17165.84,20546.95,90.02,1871.3,4888.69,-3894.74
34130,2267,-1,110.9558,0.4365,0.5023,0.9934,3663,17167.18,20575.41,91.13,1918.0,4890.55,-3875.64
34140,2371,-12,150.7713,0.4381,0.5236,1.0076,4039,17164.74,20604.23,92.64,2008.3,4892.17,-3855.62
34150,2424,7,214.426,0.4613,0.5426,0.9945,4129,17162.2,20633.53,94.78,2051.9,4893.09,-3835.11
34160,2523,-17,85.7389,0.4504,-0.0078,1.0072,3764,17159.45,20663.29,95.63,2136.5,4893.5,-3813.74
34170,2572,36,105.9786,0.452,-0.0047,0.9999,3843,17156.21,20693.42,96.69,2177.6,4893.12,-3791.97
34180,2667,100,139.4298,0.4404,0.1852,0.9966,3798,17152.32,20723.95,98.08,2257.4,4891.74,-3769.43
34190,2713,160,210.1511,0.437,0.4279,0.9934,4106,17147.89,20754.83,100.18,2296.3,4889.21,-3746.59
34200,2802,136,140.9689,0.4339,0.4447,1.0021,4238,17142.34,20785.91,101.59,2372.2,4886.04,-3723.07
34210,2888,73,69.7029,0.4502,0.4707,1.0018,3728,17134.94,20816.55,102.28,2445.8,4882.8,-3698.83
34220,2933,-18,-24.5546,0.4557,0.2961,0.9984,3852,17128.18,20846.78,102.03,2481.7,4880.09,-3674.14
34230,3013,-103,-104.0033,0.4499,-0.0176,0.9985,4063,17122.03,20877.03,100.99,2552.1,4878.24,-3648.69
34240,3055,-114,-54.6577,0.4555,-0.0158,1.0037,4221,17116.32,20907.37,100.44,2586.6,4876.85,-3622.85
34250,3134,-39,125.3179,0.4495,0.5682,0.9859,3874,17110.68,20937.93,101.69,2654.2,4874.75,-3596.39
34260,3175,42,230.7566,0.449,0.6089,0.9985,3702,17104.68,20968.86,103.99,2687.3,4871.18,-3569.75
34270,3250,119,266.2424,0.4617,0.6302,1.0103,4037,17095.53,20999.39,106.65,2752.4,4865.73,-3542.77
34280,3329,173,247.5827,0.4507,0.4356,1.0114,4624,17085.33,21029.44,109.13,2816.1,4858.47,-3515.53
34290,3364,124,48.7301,0.441,-0.0033,0.9885,4346,17074.86,21059.04,109.61,2847.3,4850.69,-3488.12
34300,3437,74,-34.6002,0.4642,-0.0034,0.9936,4038,17064.38,21088.64,109.26,2908.9,4843.09,-3460.02
34310,3473,11,-47.1779,0.4559,0.2071,0.9993,3910,17054.24,21118.4,108.79,2939.2,4836.14,-3431.45
34320,3543,-35,21.5636,0.4455,0.7051,0.9926,4088,17044.58,21148.65,109.0,2998.8,4829.52,-3402.18
34330,3577,-78,50.6879,0.4545,0.7039,1.0061,4271,17034.23,21178.62,109.5,3028.2,4823.03,-3372.59
34340,3645,-72,114.2342,0.4547,0.7448,1.0148,3903,17022.92,21207.62,110.64,3086.2,4815.93,-3342.54
34350,3713,-42,112.6952,0.4506,-0.0274,1.0056,3645,17011.67,21236.22,111.77,3143.1,4807.84,-3312.16
34360,3744,20,101.335,-0.0536,-0.0115,0.9805,3896,17000.08,21264.58,112.78,3171.1,4798.6,-3281.83
34370,3695,96,112.2659,-0.6385,0.1727,1.0005,3893,16987.93,21292.72,113.9,3128.2,4788.32,-3252.28
34380,3649,180,206.3635,-0.0201,0.7879,1.0035,4110,16975.19,21320.9,115.96,3088.3,4776.73,-3223.63
34390,3646,171,159.7868,-0.0227,0.801,0.9967,3668,16962.05,21349.32,117.55,3086.1,4764.29,-3195.37
34400,3644,105,87.5802,0.0205,0.7972,0.9976,3996,16946.24,21376.8,118.42,3086.3,4751.73,-3167.18
34410,3682,14,31.2214,0.4481,0.6415,0.9975,3952,16930.84,21404.23,118.73,3115.9,4739.43,-3138.53
34420,3713,-109,-110.2941,0.443,0.0018,0.9929,3867,16916.07,21431.82,117.63,3144.2,4728.15,-3109.18
34430,3781,-138,-66.2722,-0.3286,-0.0031,1.0088,4036,16901.74,21459.65,116.96,3200.0,4717.35,-3079.03
34440,3708,-82,69.59,-0.0091,0.8105,0.992,3875,16887.51,21487.67,117.66,3140.1,4706.37,-3049.61
34450,3708,21,221.5424,-0.0043,0.7951,1.0037,3633,16872.86,21515.99,119.87,3138.7,4693.91,-3020.79
34460,3706,115,263.6487,0.0121,0.7841,1.0194,3841,16856.07,21543.47,122.5,3138.1,4679.54,-2992.89
34470,3708,178,250.7849,0.4535,0.7879,0.9868,4294,16837.71,21569.73,125.01,3139.0,4663.47,-2965.91
34480,3774,152,93.2788,-0.1701,-0.0004,1.0113,4023,16819.22,21595.42,125.94,3194.9,4646.44,-2938.86
34490,3714,89,-27.1816,-0.6214,0.0062,0.9994,4042,16800.68,21621.06,125.66,3145.6,4629.92,-2912.09
34500,3669,12,-72.2167,-0.6435,0.0637,0.9861,4003,16782.4,21646.93,124.94,3105.9,4614.38,-2885.19
34510,3617,-23,34.6588,-0.0098,0.7985,0.9967,3905,16764.45,21673.4,125.28,3064.1,4599.44,-2858.46
34520,3618,-73,61.0243,0.0108,0.7927,1.0092,3960,16746.14,21700.0,125.89,3063.3,4584.65,-2831.62
34530,3619,-67,126.147,0.4645,0.8126,1.0176,3910,16726.41,21725.12,127.15,3064.3,4569.39,-2805.03
34540,3687,-30,143.2855,0.4535,-0.0136,1.0067,4057,16706.88,21749.87,128.57,3121.6,4552.95,-2778.48
34550,3720,21,103.8355,0.4451,-0.004,0.9937,3917,16687.07,21774.29,129.61,3149.8,4535.41,-2752.32
34560,3744,100,114.7872,-0.6296,0.2221,1.0043,4035,16666.76,21798.33,130.76,3170.0,4516.72,-2726.72
34570,3698,189,218.5268,-0.0222,0.7973,0.9943,3856,16645.85,21822.22,132.94,3130.6,4496.96,-2702.41
34580,3695,168,153.8445,-0.0059,0.7997,1.0072,3989,16624.33,21846.02,134.47,3128.7,4476.55,-2678.68
34590,3696,97,78.3529,0.018,0.7875,1.0026,3860,16601.04,21867.89,135.25,3128.9,4456.09,-2655.0
34600,3730,-2,4.0031,0.4387,0.5702,1.0086,4252,16578.46,21889.79,135.29,3158.1,4435.9,-2630.72
34610,3795,-117,-108.2061,0.431,0.0045,1.0014,3844,16556.36,21912.1,134.21,3213.7,4416.31,-2605.24
34620,3826,-140,-60.1811,-0.6259,-0.0056,0.986,3978,16534.6,21934.76,133.6,3240.4,4397.09,-2579.14
34630,3736,-59,128.0709,-0.0152,0.785,1.0033,4045,16512.8,21957.65,134.88,3162.9,4377.71,-2554.13
34640,3736,33,226.7169,-0.0012,0.813,1.005,4121,16490.5,21980.66,137.14,3161.8,4357.01,-2530.21
34650,3734,122,261.9039,0.0171,0.8024,1.0101,4143,16465.87,22001.24,139.76,3161.9,4334.78,-2507.72
34660,3769,179,236.373,0.452,0.3653,0.9979,3952,16440.94,22020.96,142.12,3190.9,4311.05,-2486.38
34670,3801,134,41.4383,0.4472,-0.014,1.0033,4377,16415.85,22040.29,142.53,3218.6,4286.8,-2465.2
34680,3808,83,-34.7164,-0.6395,0.0106,0.9957,4005,16390.72,22059.63,142.18,3223.1,4262.77,-2443.68
34690,3763,31,-1.5194,-0.6431,0.6174,0.9886,4020,16365.65,22079.4,142.16,3184.4,4239.4,-2422.03
34700,3714,-36,27.3099,0.0026,0.7936,0.983,4432,16340.87,22099.76,142.43,3144.2,4216.68,-2400.29
34710,3712,-81,57.181,0.0085,0.8066,1.0049,3658,16315.33,22118.43,143.0,3144.0,4194.08,-2378.43
34720,3714,-71,120.9345,0.4551,0.7853,1.0031,4084,16290.05,22136.51,144.21,3146.0,4171.08,-2356.97
34730,3782,-58,70.6464,0.4366,-0.0124,0.9974,4146,16264.82,22154.44,144.91,3201.8,4147.21,-2335.61
34740,3815,24,103.5074,-0.4944,-0.0098,1.0158,3823,16239.35,22172.01,145.95,3229.4,4122.36,-2314.97
34750,3731,124,174.4382,-0.3221,0.8022,1.0125,4224,16213.41,22189.17,147.69,3159.9,4097.08,-2296.03
34760,3710,190,219.7409,-0.0046,0.7884,0.9949,4134,16186.81,22206.11,149.88,3140.8,4070.99,-2278.5
34770,3710,166,151.4155,0.006,0.7997,1.0094,4030,16158.92,22221.67,151.39,3140.0,4044.44,-2261.69
34780,3710,93,77.4105,0.0198,0.789,1.0011,4120,16130.06,22236.35,152.16,3140.7,4017.88,-2244.91
34790,3746,-34,-68.7063,0.4647,0.0015,0.9976,4190,16101.03,22251.73,151.47,3170.4,3991.62,-2227.13
34800,3810,-126,-111.3966,-0.3008,-0.0068,1.0002,4033,16071.97,22267.92,150.36,3225.8,3965.63,-2208.01
34810,3788,-115,10.4503,-0.6526,0.1988,0.9975,3887,16042.78,22284.75,150.46,3207.1,3939.92,-2188.81
34820,3739,-28,182.7276,-0.0026,0.7726,0.9819,3989,16013.66,22301.62,152.28,3166.8,3913.86,-2170.82
34830,3741,61,248.136,0.0229,0.7984,0.9952,4229,15983.96,22316.12,154.76,3166.4,3886.75,-2154.44
34840,3740,149,267.6296,0.4363,0.7998,1.0124,4026,15953.69,22328.89,157.44,3167.4,3858.59,-2139.96
34850,3808,150,115.9,-0.1716,0.0012,0.9936,3844,15923.22,22341.08,158.59,3222.8,3829.41,-2126.21
34860,3751,120,14.1779,-0.649,0.0103,1.0224,4057,15892.5,22353.03,158.73,3174.4,3800.6,-2112.82
34870,3703,74,11.8268,-0.6431,0.3564,1.0084,4063,15861.48,22365.28,158.85,3135.1,3772.29,-2099.33
34880,3655,7,38.7841,-0.009,0.7964,0.9848,3928,15830.33,22378.2,159.23,3094.0,3744.55,-2085.62
34890,3654,-64,44.6296,0.0252,0.8067,0.998,3996,15798.55,22389.56,159.67,3093.9,3716.97,-2071.57
34900,3655,-78,104.8696,0.4343,0.7944,1.0019,4084,15766.62,22400.56,160.72,3095.1,3689.27,-2057.75
34910,3721,-80,40.9654,0.4534,-0.0156,0.9895,3686,15734.62,22411.64,161.13,3151.8,3660.88,-2044.07
34920,3789,15,118.9957,0.4403,0.23,1.0021,4064,15702.16,22422.43,162.31,3207.5,3631.46,-2031.26
34930,3854,156,265.992,0.4603,0.7467,1.0094,3986,15669.05,22432.67,164.97,3262.3,3600.71,-2020.33
34940,3884,198,225.7965,0.4486,0.7981,0.9904,3788,15635.05,22441.31,167.23,3289.3,3569.17,-2011.0
34950,3944,165,139.5493,0.4648,0.793,0.9938,4082,15600.11,22448.0,168.62,3339.9,3536.92,-2002.28
34960,4007,35,-47.2067,-0.6068,0.0095,0.9989,3779,15564.84,22455.07,168.14,3392.5,3504.38,-1992.65
34970,3921,-93,-133.4718,-0.6249,0.1636,0.9946,3912,15529.3,22462.96,166.81,3319.9,3473.03,-1981.73
34980,3875,-90,47.8147,0.0007,0.8018,1.019,3930,15493.52,22471.72,167.28,3281.0,3442.13,-1970.67
34990,3875,-61,146.6337,-0.0216,0.7925,0.9984,3907,15457.13,22479.86,168.74,3280.5,3410.98,-1960.34
35000,3878,38,248.8462,0.4496,0.7907,1.0003,3951,15419.83,22485.71,171.23,3281.4,3379.25,-1951.88
35010,3938,109,178.7906,0.4459,-0.0098,1.0139,4261,15381.98,22490.82,173.01,3335.0,3346.6,-1945.09
35020,4002,159,121.8365,-0.1109,0.0525,1.0044,3900,15343.58,22495.12,174.23,3387.7,3313.17,-1939.5
35030,3993,173,154.5952,-0.0056,0.8052,0.9966,4230,15304.72,22499.1,175.77,3380.1,3279.67,-1934.83
35040,3992,60,49.9517,-0.009,0.8003,0.9934,3783,15265.34,22501.61,176.27,3379.5,3246.24,-1929.83
35050,4023,-61,-1.0347,0.4417,0.7758,0.9985,3730,15225.48,22503.71,176.26,3406.3,3212.69,-1923.94
35060,4086,-158,-89.3381,0.429,0.0143,1.0112,4245,15185.18,22506.73,175.36,3457.9,3178.8,-1916.89
35070,4144,-76,81.5812,0.4525,0.4743,0.9981,3437,15144.45,22510.0,176.17,3508.7,3144.31,-1910.41
35080,4203,74,231.1286,0.4503,0.5527,1.0211,4258,15103.22,22512.56,178.48,3558.9,3108.99,-1906.06
35090,4261,185,243.3679,0.4649,0.5614,0.9897,4159,15061.47,22512.11,180.91,3608.3,3072.96,-1904.07
35100,4320,168,88.1509,0.4356,0.0465,0.997,4165,15019.3,22510.9,181.79,3657.1,3036.39,-1902.94
35110,4405,44,-80.8185,0.4672,0.0009,0.9901,4037,14976.76,22509.8,180.98,3729.0,2999.15,-1900.73
35120,4459,-100,-153.511,0.4492,-0.0132,0.992,3858,14934.23,22509.64,179.44,3776.2,2961.64,-1896.49
35130,4514,-174,-111.1726,0.4348,-0.0161,1.0285,4116,14892.16,22510.52,178.32,3822.8,2923.84,-1890.71
35140,4568,-123,9.4401,0.4395,-0.0138,0.9841,3772,14850.7,22511.78,178.42,3868.9,2885.57,-1885.0
35150,4624,12,119.4121,0.4464,-0.0002,1.007,4494,14809.86,22512.53,179.61,3914.4,2846.65,-1880.82
35160,4677,138,144.399,0.4535,0.0075,1.0086,4024,14769.64,22512.28,181.05,3959.4,2807.1,-1878.58
35170,4731,175,74.1281,0.4452,0.0136,0.9901,3741,14730.03,22511.24,181.79,4003.9,2767.05,-1877.36
35180,4781,99,-40.3599,0.4364,0.0038,0.9939,4075,14691.05,22510.1,181.38,4047.9,2726.6,-1875.54
35190,4833,-36,-125.1844,0.4511,0.0086,1.0036,3949,14652.67,22509.57,180.13,4091.4,2685.84,-1871.93
35200,4883,-152,-132.1856,0.4576,-0.0077,1.0256,4110,14614.53,22509.94,178.8,4134.5,2644.86,-1866.38
35210,4933,-178,-59.631,0.4547,0.0068,1.006,3688,14576.39,22511.0,178.2,4177.1,2603.58,-1859.9
35220,4959,-95,49.7798,0.4538,0.0034,0.9973,3882,14538.02,22512.1,178.7,4198.3,2561.98,-1854.11
35230,5007,47,131.1673,0.3982,0.004,0.99,3830,14499.19,22512.56,180.01,4240.3,2519.77,-1850.19
35240,5031,185,188.1805,0.0116,0.5048,0.9795,3829,14460.29,22512.09,-178.12,4259.0,2477.19,-1848.62
35250,5014,197,109.3931,-0.6181,0.4814,0.9944,3744,14421.98,22510.51,-177.03,4244.6,2434.72,-1848.22
35260,4944,104,0.3763,-0.6316,0.5074,0.9899,4131,14384.33,22508.22,-177.02,4185.7,2392.86,-1847.41
35270,4872,-49,-115.7928,-0.6288,0.0119,1.0027,3997,14347.23,22506.61,-178.18,4126.1,2351.69,-1844.86
35280,4802,-157,-122.9534,-0.6278,-0.0204,0.9883,3891,14310.28,22505.86,-179.42,4065.5,2311.25,-1840.58
35290,4730,-166,-47.9728,-0.6333,0.0098,0.996,3964,14273.3,22505.69,-179.9,4004.1,2271.48,-1835.71
35300,4656,-81,55.3212,-0.6409,-0.0084,0.983,4093,14236.05,22505.5,-179.35,3941.6,2232.26,-1831.67
35310,4618,52,129.0527,-0.6384,-0.0042,1.0105,4002,14198.39,22504.67,-178.06,3910.0,2193.22,-1829.43
35320,4544,178,200.104,-0.6282,0.6391,0.9859,3860,14160.29,22502.93,-176.06,3846.1,2154.74,-1829.41
35330,4504,204,167.179,-0.0182,0.8143,0.9992,3805,14121.8,22500.42,-174.4,3813.2,2116.61,-1830.83
35340,4504,113,56.3628,0.0178,0.8037,0.9829,4068,14083.14,22495.56,-173.84,3813.4,2078.5,-1832.2
35350,4531,-45,-76.8286,0.4462,0.172,0.999,4035,14044.65,22491.45,-174.61,3837.4,2040.13,-1832.15
35360,4587,-159,-122.1836,0.4387,-0.0155,1.0221,4170,14006.43,22488.29,-175.83,3883.3,2001.32,-1830.45
35370,4599,-157,-35.0067,-0.6209,-0.001,1.0163,3690,13968.18,22485.68,-176.18,3892.4,1962.43,-1828.24
35380,4520,-55,74.1392,-0.6241,0.0168,0.9885,3844,13929.8,22482.93,-175.45,3828.2,1924.17,-1827.08
35390,4444,79,139.7343,-0.6282,-0.0078,1.0106,4061,13891.08,22479.38,-174.05,3762.9,1886.55,-1827.76
35400,4365,187,183.8681,-0.0166,0.7998,0.9913,4156,13852.03,22474.87,-172.22,3696.4,1849.67,-1830.4
35410,4362,188,149.0773,0.0176,0.7957,0.9922,3871,13813.14,22469.87,-170.73,3695.0,1812.91,-1834.11
35420,4367,78,38.4802,0.4557,0.7912,0.995,4309,13775.19,22462.62,-170.35,3695.7,1776.09,-1837.49
35430,4419,-66,-65.7804,0.4373,-0.0158,1.0071,3842,13737.74,22456.22,-171.01,3743.3,1738.73,-1839.58
35440,4477,-165,-105.1647,0.435,0.0225,1.0125,4053,13700.65,22450.74,-172.06,3790.3,1700.82,-1840.3
35450,4505,-142,-11.9057,0.46,-0.0045,0.9941,4195,13663.57,22445.67,-172.19,3813.6,1662.66,-1840.86
35460,4560,-35,88.3368,0.463,0.0143,1.0075,3965,13626.47,22440.33,-171.31,3859.8,1624.09,-1842.61
35470,4614,96,138.672,-0.1735,0.0124,0.9989,3876,13589.15,22434.17,-169.92,3905.4,1585.2,-1846.29
35480,4566,182,141.349,-0.6376,0.3871,0.9918,3962,13551.53,22427.08,-168.51,3864.9,1546.89,-1851.6
35490,4528,180,126.2482,-0.0142,0.8167,0.9894,3724,13513.57,22419.51,-167.25,3832.0,1509.03,-1857.74
35500,4527,64,21.0222,0.0056,0.7954,1.0025,4150,13475.83,22410.43,-167.04,3832.0,1471.11,-1863.37
35510,4554,-71,-45.2998,0.4465,0.4129,1.0061,3784,13438.58,22401.69,-167.5,3855.7,1432.81,-1867.8
35520,4609,-171,-97.3553,0.4529,0.0052,1.0011,4374,13401.57,22393.86,-168.48,3901.4,1393.9,-1870.95
35530,4662,-135,1.8531,-0.2002,-0.0269,0.9945,4053,13364.55,22386.37,-168.46,3946.5,1354.54,-1874.16
35540,4612,-17,100.0944,-0.6362,-0.0116,0.9877,4001,13327.53,22378.52,-167.46,3903.7,1315.75,-1878.69
35550,4571,111,140.6119,-0.6453,0.007,1.0093,4063,13290.32,22369.76,-166.06,3871.8,1277.57,-1885.06
35560,4497,176,110.3733,-0.6324,0.004,1.0006,4019,13252.86,22360.08,-164.96,3807.2,1240.25,-1892.69
35570,4418,164,114.3467,0.0054,0.8063,0.9997,3992,13215.07,22350.0,-163.82,3741.5,1203.73,-1900.83
35580,4420,41,13.4928,0.0032,0.8077,0.9884,3765,13177.52,22338.85,-163.69,3740.9,1167.07,-1908.34
35590,4420,-81,-21.4089,0.4519,0.8058,1.0146,4384,13140.55,22327.7,-163.9,3742.1,1130.2,-1914.81
35600,4475,-168,-81.4823,0.4577,-0.0053,0.9944,3731,13103.86,22317.45,-164.72,3789.1,1092.7,-1920.3
35610,4530,-113,23.929,0.4514,0.0123,0.9974,3899,13067.26,22307.43,-164.48,3835.6,1054.78,-1926.16
35620,4586,12,114.8556,0.4555,0.0118,0.982,3867,13030.78,22296.95,-163.34,3881.5,1016.68,-1933.63
35630,4577,132,138.0943,-0.6364,0.0092,0.9897,4050,12994.27,22285.53,-161.96,3874.2,979.05,-1942.92
35640,4498,166,77.0745,-0.6192,0.1681,1.003,4266,12957.56,22273.24,-161.19,3809.6,942.31,-1953.02
35650,4462,143,88.684,-0.0213,0.7858,0.9989,4233,12920.51,22260.68,-160.31,3776.1,905.97,-1963.39
35660,4459,13,-1.8896,0.0188,0.7977,1.0082,3820,12883.78,22247.57,-160.33,3775.9,869.45,-1972.96
35670,4486,-97,-13.5915,0.4396,0.635,0.9996,4373,12847.74,22234.25,-160.47,3799.8,832.46,-1981.62
35680,4543,-162,-51.7886,0.46,-0.0099,1.0055,4400,12812.0,22221.78,-160.99,3846.2,794.82,-1989.65
35690,4572,-92,43.5442,0.4419,0.0044,0.9961,4202,12776.53,22209.47,-160.56,3869.1,757.08,-1998.31
35700,4624,35,123.451,0.4604,0.0046,1.0167,4248,12741.27,22196.63,-159.33,3914.6,719.34,-2008.69
35710,4632,143,131.689,-0.6159,0.0056,0.9987,3645,12706.15,22182.89,-158.01,3921.8,682.03,-2020.81
35720,4557,165,61.6533,-0.6349,-0.002,1.0076,4020,12670.87,22168.37,-157.4,3858.1,645.58,-2033.52
35730,4481,119,48.6318,-0.019,0.8006,1.0212,3874,12635.21,22153.63,-156.92,3793.2,609.75,-2046.01
35740,4479,-6,-9.2736,0.0201,0.782,0.9837,3985,12599.31,22138.8,-157.01,3792.4,573.64,-2057.61
35750,4481,-105,-9.8351,0.4886,0.8042,0.9997,3924,12564.07,22123.21,-157.12,3793.4,537.25,-2068.35
35760,4533,-149,-14.0181,0.4416,-0.0068,1.008,4269,12529.09,22108.43,-157.26,3839.8,500.3,-2078.8
35770,4588,-78,57.2244,0.4484,-0.0189,1.0043,3997,12494.36,22093.73,-156.69,3885.6,463.13,-2090.11
35780,4644,51,129.5263,-0.3363,-0.0218,1.0074,3935,12460.03,22078.5,-155.4,3931.0,426.06,-2103.24
35790,4623,150,124.3313,-0.6385,0.002,0.991,3775,12426.59,22062.72,-154.16,3914.2,389.76,-2117.9
35800,4548,161,49.9819,-0.6237,-0.0087,0.9949,3797,12393.94,22046.68,-153.66,3850.3,354.3,-2132.96
35810,4469,107,7.7447,-0.6352,0.7339,0.9963,4076,12361.86,22030.91,-153.59,3785.4,319.36,-2147.52
35820,4433,10,-4.2972,-0.0018,0.7948,0.9971,3939,12330.13,22015.91,-153.63,3752.0,284.42,-2161.21
35830,4431,-87,-12.4541,0.0146,0.8113,0.9781,4009,12299.43,22000.22,-153.76,3751.9,249.17,-2174.08
35840,4432,-122,36.4596,0.4372,0.7896,0.9927,4064,12269.23,21984.91,-153.4,3753.2,213.83,-2186.75
35850,4489,-120,15.3201,0.4588,-0.0087,0.9939,4120,12239.48,21970.01,-153.25,3800.1,178.11,-2199.78
35860,4518,-24,87.9445,0.4631,0.0093,1.0059,3990,12210.4,21955.1,-152.37,3823.4,142.59,-2213.99
35870,4570,81,118.2655,0.4484,0.005,1.0052,4252,12182.2,21939.97,-151.19,3869.4,107.29,-2229.83
35880,4607,152,97.346,-0.6468,0.008,1.0138,4047,12154.8,21924.57,-150.22,3900.4,72.25,-2247.0
35890,4569,158,37.7813,-0.6153,0.011,0.993,3695,12128.16,21909.17,-149.84,3868.5,37.73,-2264.49
35900,4493,103,-33.0286,-0.6434,0.2166,1.0064,4439,12102.02,21894.05,-150.18,3803.8,3.58,-2281.28
35910,4455,47,1.0171,-0.0058,0.7976,0.9945,4112,12076.31,21879.56,-150.17,3771.1,-30.51,-2297.42
35920,4452,-44,-15.8164,-0.1157,0.7828,1.0199,4317,12050.87,21865.79,-150.33,3769.9,-64.93,-2312.8
35930,4444,-106,0.9033,-0.6255,0.8028,0.9904,4361,12026.61,21851.34,-150.32,3763.1,-99.52,-2327.63
35940,4405,-121,46.0246,-0.6388,0.7934,0.9884,4108,12002.74,21837.27,-149.87,3730.0,-133.8,-2342.36
35950,4329,-109,38.1622,-0.6437,0.0159,1.0143,3546,11979.39,21823.58,-149.49,3662.9,-167.35,-2357.16
35960,4287,-49,64.9967,-0.6412,-0.0232,0.9943,4115,11956.68,21810.04,-148.84,3628.9,-200.23,-2372.55
35970,4243,29,92.0979,-0.6174,0.0115,1.0016,3677,11934.67,21796.5,-147.92,3594.5,-232.26,-2388.82
35980,4163,97,91.914,-0.6321,-0.0058,1.0051,3837,11913.42,21782.93,-147.01,3524.9,-263.15,-2405.79
35990,4122,136,67.1281,-0.6243,0.0082,0.9924,4162,11892.9,21769.43,-146.34,3489.5,-293.35,-2423.32
36000,4077,139,27.8443,-0.651,-0.0004,0.9954,4160,11872.99,21756.08,-146.06,3453.8,-323.05,-2440.93
36010,4036,109,-15.7542,-0.6318,0.0023,0.9993,3916,11853.47,21742.97,-146.23,3417.7,-352.56,-2458.2
36020,3994,55,-53.7663,-0.6428,0.0144,0.98,3976,11833.96,21730.04,-146.77,3381.2,-382.07,-2474.72
36030,3907,18,-5.8125,-0.6249,0.6172,1.0134,4165,11814.32,21717.36,-146.83,3307.1,-411.17,-2490.46
36040,3861,-43,-12.5271,-0.6423,0.5963,0.9944,4019,11794.43,21704.94,-146.96,3269.4,-440.19,-2505.51
36050,3815,-87,1.3721,-0.6509,0.5957,0.9899,4558,11774.59,21692.12,-146.94,3231.2,-469.05,-2520.02
36060,3772,-103,33.2511,-0.6423,0.5701,0.997,4366,11755.07,21678.76,-146.61,3192.6,-497.63,-2534.32
36070,3724,-86,74.976,-0.6279,0.5634,1.0121,4136,11735.52,21665.5,-145.87,3153.5,-525.65,-2548.8
36080,3677,-68,48.4936,-0.6338,0.1986,0.9908,3806,11716.01,21652.16,-145.39,3114.0,-553.09,-2563.53
36090,3583,-9,74.0042,-0.6359,-0.0191,0.9964,3767,11696.61,21638.59,-144.65,3033.3,-579.44,-2578.57
36100,3535,52,88.9779,-0.6242,-0.0046,1.0031,4204,11677.27,21624.65,-143.76,2992.1,-604.95,-2594.21
36110,3485,98,81.1699,-0.6331,-0.0087,0.996,3907,11658.26,21610.49,-142.95,2950.4,-629.67,-2610.34
36120,3433,118,54.362,-0.6408,0.0075,1.0097,3842,11639.53,21596.2,-142.41,2908.0,-653.72,-2626.68
36130,3384,110,15.0527,-0.6369,-0.0015,0.995,3955,11620.88,21581.79,-142.26,2865.1,-677.36,-2642.9
36140,3279,78,-27.7039,-0.6426,-0.0169,1.0008,3791,11602.19,21567.38,-142.54,2777.2,-700.39,-2658.42
36150,3227,24,-64.1763,-0.6124,0.0048,0.9883,3626,11583.33,21553.09,-143.19,2732.2,-723.4,-2673.15
36160,3174,-47,-128.783,-0.6373,0.3213,0.988,4103,11564.43,21539.16,-144.48,2686.4,-746.55,-2686.79
36170,3117,-97,-142.915,-0.6315,0.3256,1.0144,4083,11545.44,21525.6,-145.91,2639.8,-769.8,-2699.29
36180,3062,-126,-123.7075,-0.6502,0.3085,1.0113,3965,11526.15,21512.48,-147.15,2592.4,-793.04,-2710.79
36190,3004,-126,-89.0783,-0.6208,0.2921,1.0038,3865,11506.18,21500.35,-148.04,2544.2,-816.08,-2721.61
36200,2888,-102,-47.4881,-0.6279,0.2494,1.0055,3904,11486.02,21488.16,-148.52,2444.7,-838.28,-2731.87
36210,2826,-88,-85.1614,-0.619,0.7939,0.9823,3600,11465.91,21475.85,-149.38,2393.5,-860.07,-2741.78
36220,2765,-61,-112.9981,-0.0144,0.7984,1.0043,3785,11446.06,21463.37,-150.51,2341.1,-881.44,-2751.34
36230,2762,-13,-104.4392,0.0012,0.8097,0.9776,3912,11426.3,21450.76,-151.56,2339.1,-902.81,-2760.84
36240,2763,17,-116.6342,0.0342,0.8088,0.9927,4037,11404.88,21441.21,-152.72,2339.0,-924.26,-2770.18
36250,2763,30,-147.3146,0.0398,0.7997,1.0173,3831,11383.38,21431.34,-154.2,2340.8,-945.88,-2779.15
36260,2810,19,-184.7003,-0.173,0.8005,1.0092,4202,11361.88,21421.36,-156.05,2378.7,-968.14,-2787.58
36270,2790,-17,-225.9095,-0.0433,0.8039,1.0003,3724,11340.47,21411.5,-158.31,2363.6,-990.6,-2794.91
36280,2790,-64,-259.2391,0.0134,0.7947,0.9804,3646,11318.95,21401.84,-160.91,2361.7,-1013.45,-2800.92
36290,2789,-113,-275.6829,-0.0019,0.7881,0.9922,3928,11296.12,21396.05,-163.67,2361.5,-1036.62,-2805.48
36300,2790,-151,-272.6205,0.0614,0.7942,0.9751,4022,11272.97,21390.75,-166.4,2363.3,-1060.03,-2808.6
36310,2838,-170,-242.2613,-0.5555,0.7763,0.9942,4075,11249.68,21385.72,-168.82,2404.0,-1084.0,-2810.52
36320,2784,-165,-209.7814,-0.0299,0.7957,0.9884,4054,11226.52,21380.9,-170.92,2357.1,-1107.56,-2811.47
36330,2780,-138,-167.071,0.0025,0.7859,1.0024,3624,11203.41,21376.07,-172.6,2355.1,-1131.1,-2811.82
36340,2783,-93,-129.6654,0.0371,0.7872,1.0109,3846,11179.86,21374.41,-173.9,2354.9,-1154.67,-2811.9
36350,2784,-45,-106.3546,0.0558,0.7883,1.0137,3804,11156.29,21373.06,-174.96,2356.6,-1178.24,-2811.88
36360,2788,0,-98.2289,0.2032,0.7861,1.0046,3864,11132.95,21371.36,-175.95,2360.1,-1201.85,-2811.82
36370,2756,25,-122.8409,-0.0452,0.8073,0.9924,3819,11109.81,21369.36,-177.18,2333.7,-1225.19,-2811.54
36380,2753,27,-156.575,0.0083,0.7893,1.001,3966,11086.66,21367.14,181.25,2331.5,-1248.49,-2810.75
36390,2753,8,-197.9146,0.0281,0.8016,1.0072,4448,11063.49,21367.66,179.27,2331.3,-1271.76,-2809.12
36400,2756,-29,-238.7043,0.0341,0.7814,0.9836,3929,11040.19,21369.5,176.88,2332.9,-1294.93,-2806.34
36410,2759,-76,-266.568,0.4435,0.8229,1.0131,4111,11016.61,21371.63,174.21,2336.5,-1317.92,-2802.18
36420,2804,-123,-280.6001,-0.2866,0.786,1.0038,4241,10992.91,21374.13,171.4,2374.2,-1340.96,-2796.46
36430,2776,-158,-271.1269,-0.0112,0.7975,1.0022,4271,10969.28,21376.97,168.69,2349.5,-1363.39,-2789.42
36440,2775,-172,-242.3355,0.0018,0.7779,1.0082,3836,10946.17,21382.43,166.26,2349.2,-1385.42,-2781.23
36450,2776,-161,-201.062,0.0379,0.7753,1.0237,4153,10923.42,21389.62,164.25,2350.8,-1407.15,-2772.24
36460,2782,-124,-149.3281,0.4652,0.7919,1.004,4327,10900.86,21396.69,162.75,2354.3,-1428.74,-2762.81
36470,2824,-81,-120.0351,-0.4672,0.781,0.999,4101,10878.57,21403.44,161.55,2391.6,-1450.56,-2753.03
36480,2778,-33,-102.723,-0.013,0.794,0.9948,3814,10856.28,21409.87,160.52,2351.4,-1472.0,-2743.35
36490,2776,5,-105.2437,0.0177,0.8117,1.004,4025,10834.5,21417.65,159.46,2351.0,-1493.38,-2733.58
36500,2778,28,-127.2681,0.0409,0.8034,1.021,3928,10813.26,21427.19,158.19,2352.5,-1514.67,-2723.57
36510,2784,25,-164.5468,0.441,0.7999,1.0034,3765,10791.71,21436.68,156.54,2355.9,-1535.75,-2713.0
36520,2828,5,-202.4339,-0.313,0.7918,1.0104,4149,10770.0,21446.22,154.51,2393.2,-1556.74,-2701.47
36530,2796,-39,-246.1111,-0.0353,0.79,1.0143,3636,10748.31,21455.92,152.05,2367.1,-1576.87,-2688.99
36540,2792,-90,-271.8015,0.0062,0.8057,1.0027,4123,10727.42,21467.05,149.33,2364.4,-1596.14,-2675.31
36550,2795,-135,-277.4231,0.0353,0.795,0.9943,3707,10708.01,21480.78,146.55,2365.8,-1614.53,-2660.41
36560,2797,-165,-260.2832,-0.1591,0.7897,0.9836,3962,10688.87,21494.73,143.94,2369.1,-1632.03,-2644.44
36570,2784,-170,-227.45,-0.3325,0.7888,0.9967,3617,10670.14,21508.66,141.66,2355.5,-1648.71,-2627.77
36580,2746,-156,-189.8577,-0.0356,0.792,0.9902,4178,10651.6,21522.55,139.76,2325.8,-1664.59,-2610.78
36590,2745,-118,-150.0639,-0.0023,0.8042,1.009,3932,10633.58,21536.98,138.26,2323.3,-1680.17,-2593.52
36600,2745,-73,-119.8166,0.0504,0.7842,1.0046,4186,10617.44,21553.67,137.06,2324.4,-1695.59,-2576.13
36610,2750,-26,-106.9541,0.4503,0.7845,0.9958,3962,10600.89,21570.31,135.99,2327.8,-1710.98,-2558.66
36620,2794,14,-105.444,0.1757,0.76,0.9933,3893,10583.83,21586.95,134.93,2365.5,-1726.54,-2540.83
36630,2810,31,-134.653,-0.0266,0.8015,1.0121,3863,10566.46,21603.49,133.58,2379.9,-1741.95,-2522.69
36640,2810,23,-175.9229,-0.0179,0.788,0.9884,3788,10549.3,21620.27,131.82,2377.6,-1756.84,-2504.12
36650,2808,-8,-220.257,0.0293,0.8165,0.9906,4022,10534.81,21639.38,129.61,2378.5,-1770.9,-2484.94
36660,2814,-55,-254.4071,-0.0254,0.7916,0.9935,4211,10520.57,21658.49,127.07,2381.6,-1783.87,-2464.96
36670,2811,-100,-266.4389,-0.6444,0.7909,0.9774,3809,10506.82,21677.48,124.4,2380.6,-1795.59,-2444.24
36680,2748,-144,-275.5592,-0.0165,0.8064,0.9931,4290,10493.46,21696.52,121.64,2327.9,-1805.75,-2423.31
36690,2746,-167,-255.8458,-0.0039,0.8101,0.9687,4133,10480.37,21715.71,119.08,2325.3,-1814.73,-2401.85
36700,2745,-167,-221.1657,0.0114,0.7779,1.0046,4028,10470.86,21736.98,116.86,2324.7,-1822.77,-2380.03
36710,2751,-145,-180.6194,0.396,0.7838,0.9961,3784,10461.38,21758.45,115.06,2329.4,-1830.18,-2357.95
36720,2792,-108,-137.6169,0.1163,0.7933,1.0027,3842,10451.8,21779.82,113.68,2362.2,-1837.35,-2335.41
36730,2801,-58,-106.5767,-0.0189,0.8041,1.0069,3864,10442.04,21800.93,112.61,2371.7,-1844.43,-2312.78
36740,2800,-10,-98.7763,0.0093,0.7717,0.9941,3978,10431.96,21821.88,111.62,2369.3,-1851.48,-2290.14
36750,2798,19,-110.9831,0.0195,0.7786,0.9866,4023,10424.61,21843.9,110.5,2368.7,-1858.36,-2267.47
36760,2798,30,-141.3843,0.0374,0.7924,1.0033,4197,10417.55,21866.26,109.09,2370.0,-1864.87,-2244.68
36770,2805,19,-179.5064,-0.6343,0.7828,1.0034,4120,10410.23,21889.05,107.29,2374.1,-1870.69,-2221.64
36780,2740,-25,-242.2576,-0.0399,0.7936,1.0106,3997,10402.84,21912.33,104.86,2321.3,-1875.27,-2198.9
36790,2740,-76,-282.6274,-0.01,0.7896,1.0148,3961,10395.56,21936.11,102.03,2318.6,-1878.41,-2175.91
36800,2738,-129,-303.8673,0.008,0.7939,1.0123,3942,10392.01,21961.08,98.99,2317.9,-1879.96,-2152.78
36810,2744,-168,-299.3362,0.4527,0.8203,0.9881,4244,10389.65,21986.73,96.0,2322.4,-1879.94,-2129.54
36820,2788,-179,-258.9121,0.4653,0.7737,1.0024,3827,10387.58,22012.83,93.4,2360.2,-1878.65,-2105.96
36830,2831,-163,-207.7895,0.0378,0.8044,1.0103,3919,10385.61,22039.31,91.32,2397.4,-1876.46,-2082.08
36840,2832,-118,-158.1148,0.016,0.7952,0.994,3830,10384.36,22066.19,89.74,2398.8,-1873.83,-2058.24
36850,2836,-59,-121.8434,0.0443,0.8109,0.9879,4273,10386.31,22093.57,88.52,2399.9,-1871.08,-2034.39
36860,2839,-4,-109.0321,-0.3219,0.783,1.0051,3920,10387.8,22121.36,87.42,2402.7,-1868.29,-2010.51
36870,2742,17,-154.7051,-0.0427,0.8082,0.9924,4192,10388.85,22149.67,85.87,2324.7,-1865.3,-1987.48
36880,2743,7,-211.3816,-0.008,0.7894,0.9981,4119,10389.64,22178.5,83.76,2322.0,-1861.56,-1964.55
36890,2744,-37,-279.4917,0.0371,0.7834,1.0058,4058,10395.04,22207.18,80.96,2322.3,-1856.55,-1941.86
36900,2745,-100,-336.026,0.4586,0.7921,1.0128,3645,10401.34,22236.22,77.6,2325.5,-1849.87,-1919.6
36910,2756,-160,-353.1899,-0.037,0.7815,0.9853,4175,10408.26,22265.56,74.06,2332.9,-1841.37,-1897.86
36920,2750,-197,-337.1442,0.0154,0.8028,1.0161,4292,10415.72,22294.77,70.68,2330.1,-1831.3,-1876.86
36930,2751,-192,-277.9928,0.0324,0.7907,0.9907,4212,10427.58,22322.16,67.9,2330.3,-1820.1,-1856.43
36940,2755,-146,-208.9731,0.4631,0.7702,0.9977,3732,10440.08,22349.21,65.81,2333.3,-1808.29,-1836.3
36950,2844,-69,-111.3049,0.4457,0.6601,1.0148,3896,10452.27,22376.38,64.69,2408.1,-1796.01,-1815.59
36960,2887,-5,-86.2005,0.4474,0.6817,1.015,4289,10464.05,22404.01,63.83,2444.6,-1783.63,-1794.51
36970,2970,34,-108.8368,0.4501,0.7356,0.9987,4291,10478.5,22430.41,62.73,2516.0,-1770.82,-1772.86
36980,3013,33,-162.0491,0.4642,0.7457,0.991,3654,10493.02,22456.27,61.11,2550.9,-1757.33,-1751.2
36990,3094,55,-66.0151,0.4423,-0.0058,1.0167,3951,10507.28,22481.64,60.45,2619.5,-1743.11,-1729.18
37000,3134,1,-84.7941,0.4416,-0.0048,1.005,3739,10521.66,22506.6,59.6,2653.1,-1728.05,-1707.34
37010,3211,-63,-106.4213,0.4523,0.0698,1.0017,3756,10536.46,22531.3,58.53,2719.0,-1711.82,-1685.53
37020,3248,-152,-200.776,0.4546,0.6938,0.9969,4298,10551.74,22555.8,56.52,2751.4,-1694.28,-1664.34
37030,3288,-173,-191.7008,0.4554,0.6923,1.0108,4158,10567.47,22580.35,54.6,2783.4,-1675.66,-1643.62
37040,3363,-140,-128.7753,0.4526,0.7517,1.0102,3957,10585.28,22604.01,53.31,2846.3,-1656.23,-1622.8
37050,3399,-70,-70.841,0.4506,0.7551,1.0131,4132,10603.91,22627.57,52.6,2877.3,-1636.63,-1601.72
37060,3471,45,62.0833,0.4526,0.0052,1.0037,4066,10622.14,22651.46,53.21,2938.2,-1617.28,-1579.6
37070,3505,117,95.9824,0.4287,-0.0011,0.9934,4101,10639.7,22675.38,54.17,2968.2,-1598.5,-1556.61
37080,3575,126,46.3135,-0.1075,-0.0061,0.9902,4194,10656.91,22699.47,54.63,3027.3,-1579.7,-1532.87
37090,3568,52,-123.6168,-0.6369,0.5311,0.9855,4030,10674.08,22723.61,53.39,3021.2,-1560.36,-1509.65
37100,3518,-40,-230.2243,0.0079,0.7942,1.0,3630,10691.61,22747.79,51.09,2978.6,-1540.08,-1487.83
37110,3517,-118,-263.427,0.0057,0.8083,1.0028,3870,10711.45,22770.59,48.45,2978.3,-1518.44,-1467.38
37120,3522,-173,-250.4393,0.4656,0.787,0.9853,3992,10732.49,22792.34,45.94,2980.5,-1495.55,-1448.25
37130,3555,-144,-93.2395,0.4516,0.2769,0.997,3703,10753.42,22813.4,45.01,3010.0,-1471.99,-1429.5
37140,3554,-94,19.1308,-0.622,0.0037,0.9876,4311,10774.14,22834.15,45.19,3008.0,-1448.54,-1410.62
37150,3504,-23,77.2357,-0.6358,0.0052,1.0139,3351,10794.65,22855.05,45.96,2966.5,-1425.94,-1391.4
37160,3402,15,0.6445,-0.0313,0.8152,1.0084,3915,10814.81,22876.29,45.97,2881.7,-1404.37,-1372.32
37170,3400,52,-60.5775,-0.0213,0.7918,1.008,4010,10834.76,22898.11,45.36,2879.9,-1382.93,-1353.09
37180,3401,65,-108.6794,0.032,0.7906,0.9923,4262,10856.26,22918.98,44.27,2879.4,-1361.29,-1334.07
37190,3403,29,-179.1573,0.4552,0.7973,0.9856,4150,10878.87,22939.39,42.47,2880.6,-1339.01,-1315.79
37200,3473,0,-132.8648,0.4485,-0.0002,1.0014,4303,10901.66,22959.6,41.14,2941.5,-1315.6,-1297.99
37210,3510,-55,-109.4545,0.4443,0.0053,0.9916,3997,10924.43,22979.12,40.05,2971.4,-1291.28,-1280.9
37220,3578,-115,-98.9769,-0.4413,-0.0197,1.0066,3962,10947.48,22998.14,39.05,3030.5,-1265.9,-1264.36
37230,3544,-167,-158.2376,-0.6414,0.6396,0.9966,3829,10970.81,23016.86,37.47,3001.6,-1240.17,-1248.89
37240,3495,-149,-137.5808,-0.0017,0.7987,0.996,4126,10994.32,23035.6,36.09,2958.8,-1214.48,-1234.19
37250,3495,-78,-76.2786,-0.0031,0.7959,0.9965,3752,11019.26,23052.88,35.32,2958.6,-1188.8,-1219.48
37260,3497,1,-43.3793,0.4306,0.786,1.0033,3606,11044.2,23069.64,34.89,2961.0,-1163.28,-1204.47
37270,3532,97,54.7871,0.4426,0.1922,1.0177,3768,11068.37,23086.54,35.43,2990.8,-1137.91,-1188.62
37280,3602,131,51.4146,-0.575,0.0044,1.0001,3806,11092.01,23103.55,35.94,3049.4,-1112.33,-1171.99
37290,3559,99,-12.1484,-0.6446,-0.003,1.0007,4196,11115.56,23120.61,35.82,3013.0,-1086.99,-1155.66
37300,3462,-11,-176.6519,-0.0183,0.7778,1.0053,3935,11139.27,23137.53,34.05,2929.5,-1061.67,-1140.89
37310,3458,-104,-259.1262,-0.0204,0.8193,1.0127,3614,11163.48,23154.22,31.45,2927.9,-1035.5,-1127.76
37320,3457,-167,-257.6857,0.0055,0.805,0.9881,3856,11189.42,23168.85,28.87,2927.7,-1008.55,-1116.32
37330,3460,-185,-216.1149,0.44,0.7921,1.0076,3718,11216.44,23182.27,26.71,2929.0,-981.06,-1106.15
37340,3532,-123,-46.9967,0.4492,0.0091,0.9997,4031,11243.23,23195.42,26.24,2988.9,-952.92,-1095.99
37350,3565,-33,70.0253,0.4574,0.0023,1.0075,3847,11269.63,23208.61,26.93,3018.3,-924.8,-1085.01
37360,3626,42,106.0457,-0.6441,-0.0149,1.0128,4066,11295.81,23222.2,27.99,3071.2,-896.62,-1072.84
37370,3581,73,9.3699,-0.6241,0.7307,0.9916,4203,11321.77,23236.31,28.08,3030.5,-869.03,-1060.25
37380,3528,74,-87.6468,0.0014,0.8061,1.0072,4226,11347.8,23250.96,27.2,2988.3,-841.79,-1047.96
37390,3529,47,-155.9692,0.0087,0.8131,0.9903,4109,11375.01,23264.19,25.64,2988.2,-814.21,-1036.44
37400,3532,-20,-220.8116,0.4573,0.7897,0.9961,3749,11402.76,23276.13,23.43,2990.8,-786.06,-1026.32
37410,3567,-65,-160.0743,0.4372,0.0633,0.9993,4303,11430.13,23287.39,21.82,3020.3,-757.2,-1017.44
37420,3602,-108,-101.6902,-0.2318,-0.0097,1.0092,3631,11457.29,23297.98,20.8,3049.5,-727.74,-1009.53
37430,3536,-129,-62.3613,-0.6423,0.0038,1.0069,4151,11484.55,23308.14,20.18,2992.8,-698.65,-1002.38
37440,3485,-139,-93.1205,-0.6473,0.3908,1.004,3815,11511.86,23318.15,19.24,2951.1,-669.88,-995.79
37450,3434,-102,-93.5315,-0.0247,0.7897,1.0044,4111,11539.3,23328.37,18.31,2907.3,-641.49,-989.48
37460,3433,-24,-53.8215,-0.0096,0.7831,1.0051,4415,11567.52,23337.4,17.77,2906.8,-613.18,-982.91
37470,3436,38,-51.876,0.4582,0.806,0.9944,4062,11596.48,23345.72,17.24,2908.7,-584.89,-976.08
37480,3470,104,-0.9717,0.4461,0.4184,1.0058,4034,11625.75,23354.63,17.23,2939.0,-556.41,-968.81
37490,3542,106,1.8377,0.4578,0.0108,1.0069,44836,11655.43,23363.87,17.24,2998.7,0.0,0.0
37500,3578,76,-31.8452,-0.5435,0.0125,0.9788,43958,11672.52,23369.13,16.92,3028.1,29.44,7.18
37510,3536,-153,-272.5753,-0.6277,0.0452,0.9971,45219,11703.22,23378.05,14.19,2994.1,59.03,11.73
37520,3486,-194,-247.2151,-0.0025,0.7936,0.9975,3852,11734.62,23386.01,11.72,2950.6,88.43,14.52
37530,3484,-171,-175.9588,0.0196,0.7777,0.9988,4245,11766.81,23392.26,9.96,2949.7,117.88,16.37
37540,3484,-99,-98.2902,0.4457,0.7946,1.004,4274,11799.77,23396.86,8.97,2950.7,147.34,18.08
37550,3555,34,59.8886,0.4553,0.0004,0.9949,4139,11833.05,23402.1,9.57,3010.2,177.31,20.79
37560,3585,124,112.4692,-0.6121,-0.0268,1.0169,4187,11866.67,23408.12,10.69,3034.4,207.42,24.69
37570,3536,124,38.7544,-0.6208,-0.019,0.9865,3911,11900.66,23414.72,11.07,2993.2,237.06,28.99
37580,3436,-4,-229.7026,-0.0231,0.7928,0.9758,4073,11935.1,23421.42,8.77,2909.2,266.03,31.79
37590,3435,-101,-303.5539,0.0127,0.7946,1.0212,3916,11970.23,23426.36,5.73,2907.4,295.1,32.47
37600,3436,-181,-317.5581,0.4376,0.7995,0.9855,3782,12006.17,23427.96,2.56,2909.7,324.16,30.9
37610,3507,-158,-132.4302,0.4598,-0.0059,1.0052,4341,12042.56,23428.91,1.23,2969.9,353.75,28.24
37620,3544,-80,29.9149,0.4371,0.0018,0.9941,4093,12079.38,23429.74,1.52,2999.6,383.67,25.87
37630,3611,12,90.6505,0.446,0.085,1.0016,4336,12116.61,23431.08,2.43,3058.1,414.21,24.53
37640,3679,81,41.2595,0.4497,0.435,1.0014,3830,12154.22,23433.29,2.84,3115.5,445.36,24.14
37650,3779,109,-20.0915,0.4645,0.4581,0.9982,3710,12192.3,23434.93,2.64,3199.6,477.37,24.04
37660,3844,52,-118.8634,0.4501,0.2393,0.9988,3963,12230.88,23436.08,1.44,3254.5,509.92,23.07
37670,3909,-31,-123.642,0.4679,0.0084,0.9988,4205,12269.9,23436.67,0.2,3308.5,542.93,20.68
37680,3970,-133,-137.7663,0.4323,-0.0063,1.008,3908,12309.37,23436.31,-1.18,3361.6,576.3,16.62
37690,4032,-148,-61.8403,0.4517,0.0159,1.0116,4084,12349.28,23435.21,-1.8,3413.9,610.11,11.78
37700,4092,-68,57.9375,0.4435,0.0006,1.0015,4233,12389.63,23434.08,-1.22,3465.4,644.5,7.54
37710,4151,67,141.8801,0.4472,-0.0065,0.986,3938,12430.43,23433.69,0.19,3516.1,679.55,4.98
37720,4213,158,129.4753,0.4431,0.0057,0.9992,4152,12471.67,23434.33,1.49,3566.2,715.22,4.0
37730,4270,140,25.0177,0.4414,0.0131,0.9919,3847,12513.36,23435.59,1.73,3615.5,751.39,3.32
37740,4328,18,-100.3774,0.4566,-0.015,0.9877,3895,12555.48,23436.55,0.73,3664.2,787.98,1.34
37750,4384,-121,-154.5987,0.4472,-0.0013,1.0034,3906,12597.98,23436.51,-0.82,3712.2,824.88,-2.67
37760,4440,-171,-93.5953,0.4656,0.0107,0.9979,4158,12640.57,23435.48,-1.76,3759.6,862.12,-7.95
37770,4495,-96,37.5384,0.441,0.0013,1.0116,4372,12683.16,23434.23,-1.39,3806.4,899.88,-12.81
37780,4553,53,140.9335,0.443,-0.0023,1.0046,3876,12725.75,23433.68,0.02,3852.7,938.31,-15.84
37790,4630,165,139.7398,0.4489,0.0059,1.0175,4042,12768.34,23434.25,1.41,3921.0,977.5,-17.02
37800,4686,156,34.595,0.4689,0.0257,0.9992,4144,12810.93,23435.51,1.75,3966.0,1017.19,-17.74
37810,4737,28,-95.9531,0.4451,-0.0029,1.0093,4198,12853.52,23436.53,0.79,4010.4,1057.25,-19.81
37820,4788,-121,-155.0351,0.4444,-0.0141,0.9797,4434,12896.11,23436.54,-0.76,4054.3,1097.56,-24.09
37830,4840,-185,-98.3806,0.4597,-0.0049,1.0028,3779,12938.7,23435.54,-1.75,4097.8,1138.16,-29.82
37840,4890,-110,31.6379,0.4582,-0.0063,0.9933,3858,12981.29,23434.27,-1.43,4140.8,1179.23,-35.14
37850,4940,47,138.4244,0.4599,-0.0016,0.991,4026,13023.88,23433.68,-0.05,4183.3,1220.92,-38.51
37860,4992,171,142.2307,0.4701,0.0097,0.9893,4140,13066.47,23434.2,1.37,4225.5,1263.17,-39.83
37870,5029,170,40.4949,0.0034,0.0227,0.9914,3772,13109.06,23435.45,1.77,4259.0,1305.77,-40.56
37880,5031,43,-91.0466,-0.0192,-0.0112,0.9886,3975,13151.65,23436.5,0.86,4259.0,1348.32,-42.63
37890,5032,-118,-154.7951,-0.0113,0.0012,1.0143,4295,13194.24,23436.56,-0.7,4259.0,1390.7,-47.01
37900,5031,-188,-103.0417,-0.0037,0.0055,1.0055,4029,13236.83,23435.6,-1.73,4259.0,1432.91,-52.89
37910,5029,-119,25.6442,0.016,0.0055,0.9984,3846,13279.42,23434.32,-1.48,4259.0,1475.14,-58.41
37920,5028,41,135.4963,-0.0079,0.0044,1.006,4092,13322.01,23433.68,-0.12,4259.0,1517.57,-61.92
37930,5029,170,144.6409,-0.0175,0.0134,0.9986,4506,13364.6,23434.16,1.32,4259.0,1560.13,-63.3
37940,5031,174,46.362,-0.02,-0.0081,0.9909,4193,13407.19,23435.4,1.78,4259.0,1602.74,-63.99
37950,5031,51,-86.0525,-0.0222,-0.0186,0.9974,4355,13449.78,23436.47,0.92,4259.0,1645.3,-65.94
37960,5031,-114,-154.3398,-0.0144,0.014,0.9967,3908,13492.37,23436.59,-0.63,4259.0,1687.68,-70.22
37970,5029,-189,-107.3928,0.0042,-0.0174,1.0081,4092,13534.96,23435.65,-1.71,4259.0,1729.88,-76.07
37980,5030,-125,19.6255,0.0093,0.014,0.9914,3661,13577.55,23434.37,-1.51,4259.0,1772.12,-81.63
37990,5030,32,132.3494,-0.0011,-0.0055,0.9879,3900,13620.14,23433.69,-0.19,4259.0,1814.55,-85.24
38000,5029,164,146.7603,0.0079,-0.0167,1.0111,3897,13662.73,23434.12,1.27,4259.0,1857.11,-86.7
38010,5029,177,52.1274,0.0085,-0.0131,0.9939,4266,13705.32,23435.34,1.79,4259.0,1899.71,-87.36
38020,5031,56,-80.8774,0.0068,-0.0094,1.0068,4193,13747.91,23436.44,0.98,4259.0,1942.27,-89.23
38030,5031,-106,-153.6559,0.0174,-0.0056,0.9986,4258,13790.5,23436.61,-0.56,4259.0,1984.67,-93.37
38040,5030,-189,-111.7665,0.013,-0.0069,0.9958,4198,13833.09,23435.71,-1.68,4259.0,2026.87,-99.17
38050,5029,-133,13.5097,0.0039,-0.0148,1.0051,4200,13875.68,23434.42,-1.55,4259.0,2069.1,-104.79
38060,5029,25,129.0119,0.0178,0.0021,0.996,4007,13918.27,23433.7,-0.26,4259.0,2111.52,-108.49
38070,5030,162,148.6974,0.0002,0.0214,0.9986,3942,13960.86,23434.08,1.22,4259.0,2154.09,-109.99
38080,5030,180,57.9019,0.0037,-0.003,1.0109,3994,14003.45,23435.28,1.8,4259.0,2196.69,-110.62
38090,5030,63,-75.6715,0.0025,-0.0053,1.0005,4184,14046.04,23436.41,1.04,4259.0,2239.25,-112.39
38100,5031,-100,-152.833,0.0023,0.003,1.0033,4309,14088.63,23436.62,-0.5,4259.0,2281.65,-116.42
38110,5030,-188,-115.8466,-0.0115,-0.0025,1.0083,3529,14131.22,23435.76,-1.66,4259.0,2323.87,-122.16
38120,5034,-136,7.4923,0.0019,0.0146,0.9887,3781,14173.81,23434.47,-1.59,4259.0,2366.13,-127.81
38130,5030,17,125.4193,-0.0048,-0.0032,1.0076,3637,14216.4,23433.71,-0.33,4259.0,2408.55,-131.6
38140,5031,158,150.391,-0.0026,-0.012,1.001,3670,14258.99,23434.04,1.17,4259.0,2451.13,-133.16
38150,5031,180,63.4006,0.0163,-0.0142,0.9904,4267,14301.58,23435.22,1.8,4259.0,2493.74,-133.79
38160,5029,72,-70.39,-0.0056,0.0137,0.9978,4068,14344.17,23436.37,1.09,4259.0,2536.29,-135.44
38170,5030,-96,-151.7133,-0.0046,0.0108,1.0168,4319,14386.76,23436.64,-0.43,4259.0,2578.7,-139.38
38180,5031,-186,-119.8402,-0.0036,0.0055,1.0059,4009,14429.35,23435.82,-1.63,4259.0,2620.93,-145.06
38190,5029,-141,1.5309,0.013,0.0146,0.9904,3643,14471.94,23434.52,-1.62,4259.0,2663.15,-150.73
38200,5029,10,121.7766,-0.0072,0.0138,1.015,4213,14514.53,23433.72,-0.4,4259.0,2705.55,-154.6
38210,5031,154,151.815,0.0049,0.0072,0.9909,3925,14557.12,23434.0,1.11,4259.0,2748.13,-156.22
38220,5029,183,68.9815,0.0052,0.0061,0.994,3880,14599.71,23435.16,1.8,4259.0,2790.72,-156.83
38230,5028,78,-64.989,-0.0165,-0.0005,0.996,3947,14642.3,23436.34,1.15,4259.0,2833.27,-158.39
38240,5031,-87,-150.2985,-0.0162,0.0095,0.9868,3814,14684.89,23436.65,-0.36,4259.0,2875.7,-162.19
38250,5029,-186,-123.6038,0.011,0.0078,1.0174,4085,14727.48,23435.87,-1.6,4259.0,2917.92,-167.82
38260,5029,-147,-4.5839,0.0049,-0.0101,0.9985,3687,14770.07,23434.58,-1.65,4259.0,2960.13,-173.53
38270,5030,2,117.9519,0.0038,-0.0085,0.9882,4129,14812.66,23433.73,-0.47,4259.0,3002.54,-177.49
38280,5030,149,153.1005,-0.0083,0.0168,0.9993,3885,14855.25,23433.97,1.06,4259.0,3045.1,-179.19
38290,5029,185,74.3473,0.0243,0.0018,0.9987,3887,14897.84,23435.1,1.8,4259.0,3087.69,-179.78
38300,5030,82,-59.2813,-0.005,0.0078,0.9971,4074,14940.43,23436.3,1.2,4259.0,3130.26,-181.27
38310,5031,-80,-148.7145,0.012,0.0013,0.9977,3688,14983.02,23436.66,-0.29,4259.0,3172.7,-184.94
38320,5031,-184,-127.0819,0.0031,-0.0195,1.0072,4017,15025.61,23435.92,-1.56,4259.0,3214.95,-190.51
38330,5031,-151,-10.7775,-0.0058,-0.0072,0.9973,4246,15068.2,23434.63,-1.67,4259.0,3257.18,-196.23
38340,5031,-5,113.8074,0.0114,-0.0221,0.9906,3826,15110.79,23433.75,-0.54,4259.0,3299.58,-200.28
38350,5029,145,154.0528,0.0061,-0.0067,0.9954,4004,15153.38,23433.93,1.0,4259.0,3342.13,-202.04
38360,5031,188,79.5984,0.0042,0.0052,0.9822,4045,15195.97,23435.05,1.79,4259.0,3384.74,-202.61
38370,5031,90,-53.6547,0.0134,0.0042,0.9876,4099,15238.56,23436.26,1.25,4259.0,3427.33,-203.99
38380,5032,-73,-146.8714,0.0092,0.0103,0.9975,4007,15281.15,23436.67,-0.22,4259.0,3469.78,-207.55
38390,5031,-184,-130.5547,-0.0074,0.0008,0.998,3918,15323.74,23435.97,-1.53,4259.0,3512.04,-213.06
38400,5030,-154,-16.8279,0.011,0.0025,0.996,3953,15366.33,23434.69,-1.7,4259.0,3554.25,-218.79
38410,5031,-11,109.7199,0.0092,0.0116,1.0062,4148,15408.92,23433.77,-0.61,4259.0,3596.65,-222.91
38420,5029,140,154.775,0.0005,-0.0073,1.0112,4622,15451.51,23433.9,0.94,4259.0,3639.2,-224.74
38430,5030,187,84.8358,-0.0108,-0.0065,1.005,4374,15494.1,23434.99,1.78,4259.0,3681.8,-225.33
38440,5031,95,-48.0013,-0.0015,-0.0017,1.0042,4029,15536.69,23436.22,1.3,4259.0,3724.39,-226.64
38450,5031,-68,-144.8389,-0.017,-0.0028,1.0023,4017,15579.28,23436.68,-0.15,4259.0,3766.84,-230.09
38460,5031,-180,-133.6655,0.0072,0.0269,0.9887,3462,15621.87,23436.02,-1.49,4259.0,3809.11,-235.51
38470,5030,-159,-22.7838,-0.0232,-0.0106,0.974,4317,15664.46,23434.74,-1.72,4259.0,3851.32,-241.27
38480,5031,-21,105.221,-0.0009,0.0016,1.0043,3847,15707.05,23433.79,-0.67,4259.0,3893.71,-245.49
38490,5031,135,155.2337,0.0025,-0.0139,1.0057,4041,15749.64,23433.87,0.88,4259.0,3936.27,-247.4
38500,5031,190,89.8402,-0.005,-0.0115,1.0119,3630,15792.23,23434.93,1.77,4259.0,3978.88,-247.97
38510,5031,103,-42.1139,0.0084,0.0046,0.9973,3977,15834.82,23436.17,1.35,4259.0,4021.47,-249.17
38520,5033,-60,-142.6097,-0.0049,0.0134,0.9842,4075,15877.41,23436.68,-0.08,4259.0,4063.96,-252.5
38530,5030,-178,-136.6664,-0.0048,-0.0013,1.0056,4237,15920.0,23436.07,-1.45,4259.0,4106.22,-257.85
38540,5030,-163,-28.8455,-0.0114,-0.01,0.9913,3904,15962.59,23434.8,-1.74,4259.0,4148.43,-263.62
38550,5031,-27,100.7243,-0.0068,0.0056,0.9827,3884,16005.18,23433.81,-0.74,4259.0,4190.82,-267.91
38560,5030,130,155.5598,0.0046,0.0024,0.9926,3858,16047.77,23433.84,0.82,4259.0,4233.36,-269.89
38570,5029,189,94.7255,-0.0012,-0.0074,0.9892,4053,16090.36,23434.87,1.76,4259.0,4275.96,-270.48
38580,5031,111,-36.2694,-0.0067,0.0153,0.984,4112,16132.95,23436.13,1.39,4259.0,4318.55,-271.59
38590,5030,-54,-140.1051,0.0086,-0.0208,1.0032,3736,16175.54,23436.68,-0.01,4259.0,4361.02,-274.8
38600,5032,-175,-139.4281,0.0002,-0.002,1.023,4096,16218.13,23436.12,-1.41,4259.0,4403.31,-280.07
38610,5029,-168,-34.8279,0.0089,-0.016,1.0046,3740,16260.72,23434.86,-1.76,4259.0,4445.51,-285.86
38620,5028,-36,95.9771,0.0101,-0.017,0.9878,3970,16303.31,23433.84,-0.8,4259.0,4487.86,-290.24
38630,5029,123,155.5135,-0.0065,0.0255,1.0007,4079,16345.9,23433.82,0.75,4259.0,4530.39,-292.32
38640,5031,190,99.5622,-0.0005,0.0123,0.9847,3885,16388.49,23434.81,1.74,4259.0,4573.0,-292.91
38650,5031,115,-30.3631,0.0134,0.008,1.0079,4236,16431.08,23436.08,1.44,4259.0,4615.6,-293.95
38660,5031,-45,-137.4676,0.0001,0.0092,1.0023,4330,16473.67,23436.68,0.06,4259.0,4658.08,-297.03
38670,5031,-174,-141.9745,0.009,-0.0063,0.9948,4353,16516.26,23436.16,-1.36,4259.0,4700.37,-302.24
38680,5030,-170,-40.656,0.0006,0.0034,0.9913,4134,16558.85,23434.91,-1.77,4259.0,4742.58,-308.03
38690,5028,-42,91.1042,0.0051,0.0073,1.0134,3961,16601.44,23433.86,-0.86,4259.0,4784.93,-312.47
38700,5029,118,155.3705,0.0071,0.0148,0.9817,3973,16644.03,23433.79,0.69,4259.0,4827.45,-314.62
38710,5028,189,104.1633,-0.0009,-0.0001,1.007,3947,16686.62,23434.76,1.73,4259.0,4870.04,-315.23
38720,5031,121,-24.322,-0.0369,-0.0016,1.0062,3648,16729.21,23436.03,1.48,4259.0,4912.64,-316.2
38730,5032,-38,-134.5819,0.006,0.0006,1.0006,3782,16771.8,23436.68,0.13,4259.0,4955.14,-319.16
38740,5031,-169,-144.3015,-0.0024,-0.0243,1.0017,4016,16814.39,23436.21,-1.31,4259.0,4997.44,-324.27
38750,5031,-174,-46.3776,-0.01,-0.0022,0.9949,4177,16856.98,23434.97,-1.78,4259.0,5039.66,-330.07
38760,5031,-50,86.1614,0.006,-0.0009,1.0035,3544,16899.57,23433.89,-0.92,4259.0,5082.02,-334.6
38770,5029,113,154.9554,0.007,-0.0068,0.9913,3801,16942.16,23433.77,0.62,4259.0,5124.54,-336.82
38780,5030,190,108.4977,0.0038,0.0144,1.0011,3922,16984.75,23434.7,1.7,4259.0,5167.15,-337.43
38790,5033,126,-18.3185,-0.0108,0.0031,1.0002,3784,17027.34,23435.99,1.52,4259.0,5209.76,-338.33
38800,5030,-31,-131.2834,0.0113,-0.0077,0.9961,4043,17069.93,23436.67,0.2,4259.0,5252.26,-341.18
38810,5031,-166,-146.3777,-0.0048,-0.0008,1.0081,3858,17112.52,23436.25,-1.27,4259.0,5294.57,-346.2
38820,5030,-175,-52.2884,-0.0273,-0.0004,1.0022,4139,17155.11,23435.03,-1.79,4259.0,5336.78,-351.97
38830,5030,-54,80.9745,0.0033,-0.0084,0.9909,3882,17197.7,23433.92,-0.98,4259.0,5379.13,-356.55
38840,5031,105,154.2326,-0.0072,-0.0094,0.996,3945,17240.29,23433.75,0.56,4259.0,5421.66,-358.87
38850,5031,189,112.7707,0.0114,-0.001,0.9921,3666,17282.88,23434.65,1.68,4259.0,5464.27,-359.51
38860,5029,134,-12.2918,-0.0113,0.0004,0.9914,3910,17325.47,23435.94,1.56,4259.0,5506.86,-360.32
38870,5031,-22,-128.101,0.0069,-0.0009,0.9963,4063,17368.06,23436.66,0.27,4259.0,5549.37,-363.03
38880,5029,-161,-148.294,-0.0064,0.007,0.9998,3846,17410.65,23436.29,-1.21,4259.0,5591.67,-367.95
38890,5028,-178,-57.9098,-0.0017,0.0116,0.9961,3547,17453.24,23435.09,-1.8,4259.0,5633.87,-373.72
38900,5032,-64,75.7653,-0.0034,-0.0195,0.9968,4146,17495.83,23433.96,-1.04,4259.0,5676.22,-378.39
38910,5029,98,153.3006,-0.0054,-0.0083,0.9958,4025,17538.42,23433.74,0.49,4259.0,5718.74,-380.8
38920,5027,189,116.8729,-0.002,0.0016,1.0049,4042,17581.01,23434.59,1.65,4259.0,5761.31,-381.46
38930,5028,139,-6.3301,-0.0086,0.004,0.9957,3967,17623.6,23435.88,1.59,4259.0,5803.89,-382.2
38940,5029,-17,-124.451,0.0012,0.0037,0.9965,4029,17666.19,23436.65,0.34,4259.0,5846.39,-384.82
38950,5030,-159,-149.9274,-0.0178,-0.0151,0.9946,4113,17708.77,23436.33,-1.16,4259.0,5888.71,-389.66
38960,5031,-183,-63.5159,-0.0085,-0.0044,1.0015,3844,17751.17,23435.15,-1.8,4259.0,5930.93,-395.45
38970,5030,-75,67.631,0.0203,0.0006,0.994,3914,17792.98,23434.01,-1.13,4259.0,5973.26,-400.24
38980,5029,84,146.2845,-0.0039,-0.0097,0.9974,4253,17834.18,23433.71,0.33,4259.0,6015.76,-402.84
38990,5031,182,121.8034,-0.0155,-0.0119,1.0021,4014,17874.76,23434.42,1.55,4259.0,6058.36,-403.64
39000,5030,157,17.3187,0.001,0.0221,1.0122,4124,17914.72,23435.63,1.72,4259.0,6100.97,-404.19
39010,5030,33,-94.1166,-0.0018,0.0035,1.012,4113,17954.06,23436.53,0.77,4259.0,6143.51,-406.14
39020,5031,-109,-141.5736,0.0172,-0.0086,0.9916,4054,17992.78,23436.58,-0.64,4259.0,6185.92,-410.2
39030,5030,-182,-100.5216,-0.0008,-0.012,0.9963,3892,18030.88,23435.77,-1.65,4259.0,6228.16,-415.73
39040,5029,-148,-1.595,0.0092,0.0143,1.0048,4420,18068.36,23434.63,-1.67,4259.0,6270.39,-421.3
39050,5031,-31,94.0309,-0.0066,0.0009,1.0036,3968,18105.22,23433.81,-0.73,4259.0,6312.79,-425.49
39060,5031,103,133.4984,0.0106,0.0105,0.9961,3805,18141.45,23433.77,0.6,4259.0,6355.33,-427.69
39070,5028,178,99.5689,-0.0057,0.0066,0.9881,4133,18177.06,23434.48,1.59,4259.0,6397.91,-428.4
39080,5031,160,15.7433,-0.2224,0.0015,0.9986,4018,18212.07,23435.55,1.75,4259.0,6440.52,-428.88
39090,5018,62,-71.9961,-0.6368,0.0111,1.013,4108,18246.47,23436.42,1.02,4248.8,6482.98,-430.45
39100,4949,-60,-120.32,-0.6331,-0.0004,1.005,3810,18280.2,23436.67,-0.18,4190.0,6524.76,-433.74
39110,4878,-150,-109.9834,-0.6226,-0.0071,1.0177,4156,18313.34,23436.23,-1.29,4130.4,6565.78,-438.57
39120,4843,-170,-50.177,-0.6272,-0.0033,0.9982,3871,18345.88,23435.32,-1.79,4100.3,6606.44,-444.09
39130,4771,-114,29.1053,-0.6315,-0.012,1.0107,3813,18378.07,23434.36,-1.5,4039.3,6646.53,-449.11
39140,4698,-10,94.8618,-0.6287,-0.0089,0.9933,3976,18410.26,23433.75,-0.56,3977.5,6686.14,-452.74
39150,4659,95,119.7009,-0.6313,0.0055,1.0055,4253,18442.53,23433.78,0.64,3946.2,6725.54,-454.72
39160,4585,158,92.3615,-0.642,0.0175,0.9957,3996,18475.17,23434.43,1.56,3882.8,6764.37,-455.41
39170,4510,147,22.0876,-0.655,-0.0009,1.0029,3948,18508.24,23435.43,1.77,3818.4,6802.57,-455.81
39180,4471,70,-60.2104,-0.6325,-0.0096,0.9926,3900,18541.53,23436.32,1.17,3785.8,6840.41,-456.98
39190,4394,-41,-114.7478,-0.6388,-0.0128,0.9917,3741,18574.81,23436.68,0.02,3719.7,6877.52,-459.62
39200,4312,-129,-115.6737,-0.6407,-0.0113,1.0013,3906,18608.1,23436.34,-1.14,3652.4,6913.81,-463.69
39210,4273,-160,-76.422,-0.6259,0.058,0.999,4197,18641.54,23435.45,-1.91,3618.3,6949.67,-468.6
39220,4192,-135,-48.5095,-0.6242,0.4748,0.9979,4111,18674.67,23434.45,-2.4,3549.1,6984.82,-473.6
39230,4108,-38,23.2925,-0.6364,0.4464,0.9934,3873,18707.2,23433.25,-2.17,3478.5,7019.35,-477.8
39240,4065,55,52.4924,-0.6342,0.4328,0.9739,4038,18739.38,23431.81,-1.64,3442.7,7053.63,-480.94
39250,3982,125,64.3862,-0.6302,-0.007,0.9927,4212,18771.59,23431.0,-1.0,3369.9,7087.28,-483.09
39260,3936,135,31.0431,-0.6433,0.0031,1.0019,3733,18803.9,23430.55,-0.7,3332.9,7120.58,-484.83
39270,3849,43,-119.5082,-0.6333,0.6763,1.0056,4150,18836.63,23430.05,-1.89,3257.7,7153.07,-487.5
39280,3801,-80,-251.5333,-0.0003,0.7887,1.0096,3986,18869.67,23429.07,-4.41,3218.5,7184.91,-492.15
39290,3802,-159,-259.3403,0.0007,0.7946,1.0025,3987,18902.22,23425.43,-7.01,3218.4,7216.4,-498.86
39300,3803,-193,-213.4071,0.4467,0.7969,1.0142,4143,18934.28,23420.31,-9.15,3220.3,7247.52,-507.17
39310,3870,-122,-21.5305,0.4519,0.0043,1.0116,3804,18966.25,23415.0,-9.36,3274.8,7279.16,-515.73
39320,3900,-33,77.1566,0.4591,-0.0059,0.9724,4012,18998.32,23409.9,-8.59,3301.8,7311.27,-523.49
39330,3932,23,10.9728,-0.0175,0.7973,0.9857,3741,19030.69,23405.34,-8.49,3329.2,7343.79,-530.57
39340,3931,80,-25.1457,-0.0016,0.8108,1.0064,4147,19062.92,23401.47,-8.74,3328.2,7376.41,-537.22
39350,3929,94,-81.9131,0.0113,0.7907,1.0089,4270,19094.2,23395.52,-9.56,3328.3,7408.99,-544.04
39360,3964,49,-146.6887,-0.3174,0.3859,0.9944,4096,19125.36,23389.56,-11.03,3355.8,7441.62,-551.94
39370,3941,5,-93.2702,-0.6357,0.0052,0.9944,4052,19156.45,23383.26,-11.97,3337.3,7473.78,-560.83
39380,3853,-89,-120.1629,-0.6194,0.2156,1.0056,4321,19187.57,23376.32,-13.17,3262.2,7504.83,-570.86
39390,3808,-188,-230.8545,-0.0086,0.7887,0.9916,3627,19218.96,23368.7,-15.49,3224.0,7534.92,-582.46
39400,3805,-181,-162.9165,0.008,0.7721,0.9874,4012,19250.03,23360.33,-17.12,3222.1,7564.59,-595.05
39410,3807,-115,-83.9673,0.4336,0.7846,0.9982,3864,19279.92,23349.87,-17.96,3223.3,7594.21,-607.79
39420,3840,-14,4.3111,0.454,0.5858,0.9942,3949,19309.62,23339.95,-17.92,3250.6,7624.31,-620.08
39430,3904,104,113.8138,0.1011,0.0075,1.0093,3931,19339.52,23330.62,-16.78,3304.7,7655.39,-631.35
39440,3911,134,53.4657,-0.6351,-0.0079,0.9976,3976,19369.66,23321.77,-16.25,3310.7,7686.78,-641.93
39450,3828,68,-130.1633,-0.0037,0.8029,1.0151,4376,19400.25,23313.03,-17.56,3240.0,7717.28,-652.94
39460,3825,-7,-205.5779,-0.0001,0.8049,1.0053,3985,19430.77,23303.28,-19.62,3239.3,7747.18,-665.4
39470,3825,-98,-246.3166,0.0028,0.7788,0.986,4163,19459.95,23291.3,-22.08,3239.9,7776.23,-679.71
39480,3860,-148,-189.9415,0.2997,0.0048,1.0111,3965,19488.51,23278.9,-23.98,3268.6,7804.77,-695.64
39490,3883,-142,-59.353,-0.6244,0.0035,0.9725,3829,19516.8,23266.1,-24.58,3287.4,7833.15,-712.28
39500,3791,-117,-24.2764,-0.6134,0.573,0.9752,4101,19545.07,23253.17,-24.83,3211.1,7860.82,-728.57
39510,3747,-77,-59.4987,-0.0269,0.8142,1.003,4180,19573.64,23240.38,-25.42,3172.2,7888.21,-744.57
39520,3745,13,-25.047,-0.0001,0.8007,0.992,3852,19602.39,23226.98,-25.68,3171.0,7915.85,-760.12
39530,3744,74,-39.4331,0.0152,0.7951,1.004,4020,19630.81,23212.31,-26.07,3171.5,7943.65,-775.36
39540,3781,108,-29.5585,0.4504,0.2391,1.0258,4079,19659.08,23198.2,-26.37,3200.6,7971.77,-790.69
39550,3839,88,-31.0618,-0.6351,-0.0113,1.0055,3819,19687.25,23184.17,-26.68,3250.1,8000.15,-806.56
39560,3792,1,-93.0472,-0.6158,0.0135,1.0278,4093,19715.25,23169.84,-27.62,3211.7,8027.65,-823.14
39570,3700,-128,-239.7628,-0.0226,0.8127,0.9948,3929,19743.14,23154.88,-30.02,3133.6,8053.42,-840.95
39580,3701,-188,-237.1239,-0.0095,0.7844,1.0046,4085,19771.02,23139.24,-32.39,3132.4,8078.14,-860.22
39590,3699,-180,-170.0159,0.0379,0.7959,1.0026,4309,19797.02,23120.91,-34.1,3132.6,8102.18,-880.33
39600,3733,-114,-83.7367,0.4475,0.34,1.0171,3965,19822.51,23102.89,-34.94,3161.9,8126.32,-900.74
39610,3767,20,101.7555,0.4687,-0.0026,1.0127,3949,19847.96,23085.43,-33.92,3189.8,8151.39,-920.46
39620,3761,98,112.9991,-0.6564,-0.0139,0.9783,4144,19873.74,23068.47,-32.8,3184.7,8177.17,-939.15
39630,3716,116,23.5571,-0.644,0.3606,1.012,4011,19899.86,23051.92,-32.56,3145.5,8202.99,-957.16
39640,3668,63,-132.8763,-0.0124,0.784,0.9994,3725,19926.43,23035.39,-33.9,3104.6,8228.08,-975.48
39650,3666,-3,-208.9346,0.0129,0.7932,1.0134,3812,19952.48,23017.31,-35.99,3104.1,8252.27,-994.93
39660,3666,-96,-259.1471,0.442,0.7766,1.0027,4058,19977.46,22997.36,-38.58,3105.7,8275.13,-1015.93
39670,3703,-133,-172.2437,0.4447,0.4563,1.0167,4105,20001.83,22977.07,-40.31,3134.1,8297.17,-1038.24
39680,3767,-139,-64.824,0.4346,0.0111,0.9898,4082,20025.81,22956.45,-40.96,3190.1,8319.06,-1061.46
39690,3761,-105,8.6136,-0.6173,0.2712,0.988,3982,20049.7,22935.7,-40.88,3185.5,8340.99,-1084.56
39700,3717,-80,-63.0532,-0.0136,0.7882,0.9954,4014,20073.91,22915.0,-41.51,3146.3,8362.71,-1107.34
39710,3714,10,-28.0584,0.0117,0.7973,0.9882,3856,20098.54,22894.23,-41.79,3144.5,8384.77,-1129.74
39720,3714,73,-41.6316,0.0118,0.7948,1.0077,3583,20121.73,22872.0,-42.22,3144.7,8407.09,-1151.91
39730,3748,92,-63.9783,0.4477,0.539,1.0107,3950,20144.78,22850.49,-42.86,3173.8,8429.52,-1174.38
39740,3785,88,-29.9057,-0.6412,-0.0145,0.9824,3969,20167.57,22829.27,-43.16,3205.5,8451.94,-1197.29
39750,3740,2,-90.8637,-0.6311,-0.0002,0.9818,4297,20190.08,22807.86,-44.07,3166.6,8473.34,-1220.63
39760,3646,-113,-201.3512,-0.0341,0.8006,1.0133,3866,20212.21,22786.0,-46.09,3087.3,8492.92,-1244.5
39770,3644,-185,-239.6103,0.0071,0.8032,0.9963,3751,20234.12,22763.53,-48.49,3085.8,8511.09,-1269.45
39780,3645,-181,-179.5222,0.027,0.7996,1.0147,3858,20254.47,22739.12,-50.29,3085.3,8528.34,-1295.06
39790,3645,-123,-102.8122,0.4408,0.7984,1.0137,3452,20274.11,22714.05,-51.32,3086.3,8545.34,-1320.82
39800,3711,6,70.7334,0.4475,0.0145,0.9996,4248,20293.75,22689.66,-50.61,3143.2,8563.42,-1346.52
39810,3776,97,114.4256,0.0664,0.0125,0.9957,3901,20313.77,22665.78,-49.47,3199.1,8582.85,-1371.91
39820,3781,131,61.4474,-0.6357,0.0703,1.013,4078,20334.21,22642.24,-48.86,3202.0,8602.94,-1396.85
39830,3734,67,-126.9729,0.0101,0.799,0.9888,4144,20354.96,22618.75,-50.13,3161.5,8622.28,-1421.88
39840,3735,-2,-203.1991,0.0158,0.7961,0.9929,4048,20375.36,22594.41,-52.17,3160.8,8640.43,-1447.78
39850,3736,-91,-251.9773,0.4443,0.8012,0.9916,4044,20393.55,22568.39,-54.69,3161.7,8656.93,-1474.77
39860,3766,-144,-204.0461,0.459,0.7508,1.0112,4103,20410.91,22542.46,-56.73,3189.6,8672.05,-1502.85
39870,3833,-139,-66.1263,-0.3481,0.0007,1.0023,3828,20427.65,22516.57,-57.4,3244.7,8686.78,-1531.79
39880,3762,-111,3.0653,-0.6284,-0.01,0.9724,4547,20444.23,22490.59,-57.37,3185.5,8701.25,-1560.18
39890,3717,-72,-23.7397,-0.6398,0.7961,0.9925,4084,20461.01,22464.69,-57.61,3146.3,8715.78,-1588.09
39900,3668,-5,-32.5707,-0.0073,0.7986,0.9954,4135,20478.38,22438.84,-57.94,3105.8,8730.49,-1615.45
39910,3668,64,-39.1098,0.0244,0.805,0.9839,4045,20494.61,22411.73,-58.33,3105.8,8745.54,-1642.62
39920,3669,79,-91.9435,0.4589,0.7791,1.0122,4055,20510.77,22384.08,-59.26,3108.2,8760.42,-1669.9
39930,3706,86,-41.7487,0.4415,0.0095,0.9945,4125,20527.07,22356.4,-59.68,3136.5,8775.16,-1697.62
39940,3771,12,-88.6641,0.0499,-0.0004,1.0096,4068,20543.07,22328.6,-60.57,3192.5,8789.27,-1726.26
39950,3728,-92,-161.4774,-0.6491,0.7107,0.9894,4101,20558.56,22300.48,-62.18,3156.5,8801.82,-1755.23
39960,3682,-185,-245.1334,-0.0228,0.7991,0.993,4134,20573.56,22271.94,-64.64,3116.9,8812.49,-1784.53
39970,3682,-182,-178.9132,0.0047,0.7925,1.0012,3952,20586.86,22243.04,-66.43,3115.9,8822.07,-1814.21
39980,3681,-125,-100.7339,0.0149,0.7866,1.0103,4046,20598.36,22213.97,-67.44,3116.6,8831.34,-1843.97
39990,3718,-16,26.9965,0.4435,0.1113,0.9978,3896,20609.99,22185.63,-67.17,3146.4,8841.35,-1873.82
40000,3749,89,112.5546,0.4187,0.0137,1.0105,4279,20622.08,22157.68,-66.05,3174.4,8852.62,-1903.49
40010,3734,133,83.8448,-0.6405,-0.0246,0.9973,3890,20634.67,22129.95,-65.21,3161.2,8864.71,-1932.72
40020,3688,82,-89.7912,-0.6278,0.5907,1.0022,3882,20647.56,22102.23,-66.12,3121.7,8876.32,-1961.72
40030,3639,9,-195.8022,0.0091,0.8036,0.9934,3692,20660.59,22074.05,-68.08,3080.7,8886.52,-1990.8
40040,3638,-79,-251.6063,0.0081,0.7968,0.9942,4306,20670.97,22044.42,-70.6,3081.0,8894.89,-2020.45
40050,3640,-157,-265.6802,0.4535,0.7914,0.9941,4014,20680.41,22013.95,-73.26,3082.4,8901.28,-2050.6
40060,3708,-140,-86.3519,0.4538,0.0089,0.9921,3876,20689.43,21982.93,-74.12,3139.4,8906.92,-2081.5
40070,3741,-112,-2.6024,0.4572,0.0027,0.9892,3915,20698.34,21951.42,-74.15,3167.5,8912.58,-2112.67
40080,3806,-57,15.4486,-0.2603,0.4812,0.9985,4040,20707.59,21919.54,-74.0,3222.9,8918.84,-2144.29
40090,3787,7,-24.5103,-0.005,0.7948,1.0298,4323,20717.52,21887.47,-74.25,3207.3,8925.59,-2175.64
40100,3788,77,-38.091,0.0099,0.7881,1.0053,3824,20726.37,21854.65,-74.63,3207.0,8932.75,-2206.91
40110,3790,79,-106.5179,0.4333,0.8076,0.9867,4153,20734.71,21821.17,-75.7,3208.6,8939.56,-2238.28
40120,3785,64,-64.1906,-0.6427,0.0079,1.0117,4662,20743.15,21787.23,-76.34,3204.9,8945.75,-2269.73
40130,3693,-33,-116.8869,-0.6468,0.0033,1.0,4233,20751.18,21752.76,-77.51,3126.6,8950.54,-2300.63
40140,3597,-154,-223.167,-0.0138,0.7946,0.9924,3907,20758.53,21717.67,-79.75,3046.2,8953.34,-2330.96
40150,3596,-202,-241.8647,-0.012,0.7994,0.9912,3845,20765.34,21682.03,-82.17,3044.9,8954.51,-2361.4
40160,3597,-146,-145.259,0.0183,0.7795,0.9975,4233,20768.8,21645.44,-83.63,3044.9,8955.08,-2391.86
40170,3633,-24,-13.8935,0.4463,0.4011,1.0003,3846,20772.41,21608.62,-83.77,3075.1,8956.21,-2422.6
40180,3699,115,132.0359,0.4604,-0.0145,0.9811,4193,20776.82,21572.24,-82.45,3132.2,8958.81,-2453.81
40190,3765,141,72.7242,0.4562,0.25,0.9905,3522,20781.83,21536.55,-81.73,3188.3,8962.24,-2485.52
40200,3799,46,-150.1534,0.453,0.6873,0.9879,4162,20786.93,21501.47,-83.23,3215.9,8964.76,-2517.6
40210,3863,-46,-227.4263,0.4573,0.7186,0.999,4254,20790.74,21466.9,-85.51,3270.5,8965.46,-2550.3
40220,3928,-141,-252.016,0.4426,0.7358,0.985,4234,20791.95,21432.73,-88.03,3324.3,8963.99,-2583.53
40230,3990,-166,-146.3567,0.4495,0.1143,0.9785,4170,20792.48,21399.15,-89.5,3377.1,8961.1,-2617.2
40240,4020,-150,-68.2696,0.4483,0.3448,1.0119,4097,20792.69,21366.23,-90.18,3403.2,8957.67,-2651.08
40250,4079,-78,6.5103,0.4492,0.369,1.0016,3939,20792.93,21333.94,-90.12,3454.9,8954.63,-2685.48
40260,4112,18,55.0647,0.4469,0.3687,1.0034,3910,20792.6,21302.25,-89.57,3480.4,8952.56,-2720.24
40270,4170,102,64.5086,0.4754,0.275,1.0192,4248,20792.9,21271.22,-88.93,3531.0,8951.54,-2755.54
40280,4200,150,65.5125,0.447,0.01,1.0079,3792,20793.66,21240.74,-88.28,3556.0,8951.31,-2791.11
40290,4259,126,-1.3041,0.4451,0.0067,0.985,4050,20794.58,21210.95,-88.3,3605.4,8951.07,-2827.19
40300,4287,55,-63.8135,0.4443,0.0263,1.0149,4202,20795.31,21181.72,-88.94,3629.9,8950.0,-2863.47
40310,4342,-32,-99.8499,0.4528,-0.011,0.9911,3760,20795.6,21153.16,-89.94,3678.4,8947.66,-2900.16
40320,4371,-110,-100.2082,0.2033,-0.0072,0.9949,4398,20795.38,21125.2,-90.94,3702.4,8943.99,-2936.99
40330,4346,-149,-67.7626,-0.6343,-0.0092,0.9888,4201,20794.75,21097.84,-91.62,3679.3,8939.48,-2973.52
40340,4305,-141,-16.1544,-0.6402,-0.002,1.01,4263,20793.93,21071.14,-91.79,3645.4,8934.81,-3009.69
40350,4265,-91,37.0319,-0.6186,-0.0064,1.0026,3929,20793.18,21045.03,-91.42,3611.3,8930.65,-3045.57
40360,4183,-22,76.3536,-0.6307,-0.0055,0.9953,3803,20792.71,21019.52,-90.66,3541.9,8927.49,-3080.85
40370,4142,51,92.2454,-0.6332,-0.0151,0.9883,4080,20792.62,20994.69,-89.74,3506.7,8925.49,-3115.86
40380,4098,109,83.5958,-0.6363,-0.009,0.9983,4038,20792.91,20970.46,-88.91,3471.2,8924.53,-3150.55
40390,4056,137,55.0512,-0.6263,0.0027,0.9952,4306,20793.48,20946.83,-88.36,3435.3,8924.24,-3184.9
40400,4015,132,15.9294,-0.6218,-0.0069,0.9993,4076,20794.19,20923.81,-88.2,3399.0,8924.14,-3218.91
40410,3971,99,-23.8437,-0.6265,0.0026,0.9997,4179,20794.86,20901.41,-88.44,3362.3,8923.76,-3252.55
40420,3883,46,-55.813,-0.6332,-0.0052,1.0053,4131,20795.35,20879.53,-89.01,3287.7,8922.74,-3285.41
40430,3838,-11,-74.2751,-0.6243,0.0103,1.0146,4108,20795.59,20858.19,-89.75,3249.8,8920.89,-3317.85
40440,3794,-62,-77.0815,-0.6305,-0.0089,1.0056,3747,20795.54,20837.45,-90.52,3211.4,8918.22,-3349.87
40450,3748,-102,-65.5429,-0.6349,0.0059,1.0009,4374,20795.23,20817.32,-91.18,3172.6,8914.83,-3381.43
40460,3701,-121,-43.8861,-0.6181,-0.0148,1.0044,3821,20794.75,20797.81,-91.62,3133.3,8911.02,-3412.54
40470,3654,-121,-17.06,-0.6349,-0.0208,1.0118,4316,20794.17,20778.87,-91.8,3093.4,8907.06,-3443.24
40480,3607,-101,10.7957,-0.6386,0.0012,0.9995,4099,20793.59,20760.01,-91.69,3053.1,8903.29,-3473.56
40490,3607,-70,37.9994,-0.6569,-0.0022,0.9824,4034,20793.08,20740.69,-91.31,3053.1,8899.89,-3503.91
40500,3557,-21,60.8242,-0.6336,0.0004,0.9919,4151,20792.72,20720.94,-90.71,3012.2,8897.19,-3533.91
40510,3509,27,72.4388,-0.6368,0.0009,1.0034,4134,20792.6,20701.27,-89.99,2970.7,8895.26,-3563.56
40520,3459,68,70.1311,-0.6587,-0.0121,0.9732,4059,20792.72,20682.22,-89.29,2928.7,8894.07,-3592.82
40530,3408,99,58.6598,-0.6492,0.0001,1.0033,3829,20793.06,20663.28,-88.71,2886.1,8893.5,-3621.68
40540,3359,113,39.1492,-0.6271,0.0099,0.9963,4211,20793.57,20643.96,-88.32,2842.8,8893.32,-3650.13
40550,3305,107,11.856,-0.6478,-0.0029,0.9918,4030,20794.18,20624.21,-88.2,2798.8,8893.25,-3678.13
40560,3254,83,-18.6896,-0.6348,0.0073,1.0034,4205,20794.78,20604.31,-88.39,2754.2,8893.0,-3705.69
40570,3201,47,-45.1164,-0.6508,-0.0075,1.0075,4630,20795.25,20584.76,-88.85,2708.8,8892.33,-3732.78
40580,3144,7,-62.0235,-0.6401,-0.003,0.9915,4593,20795.54,20565.81,-89.47,2662.6,8891.11,-3759.38
40590,3089,-35,-69.5182,-0.6283,-0.0073,1.0057,4019,20795.6,20547.08,-90.17,2615.6,8889.26,-3785.47
40600,3035,-70,-67.8482,-0.6299,-0.0083,0.9936,4044,20795.42,20528.07,-90.85,2567.8,8886.84,-3811.05
40610,2977,-101,-79.7537,-0.6281,0.0947,1.0018,3898,20795.04,20508.63,-91.65,2519.0,8883.89,-3836.09
40620,2918,-135,-125.4969,-0.6412,0.5158,0.996,3901,20794.48,20488.74,-92.91,2469.3,8880.3,-3860.54
40630,2857,-124,-96.9559,-0.6418,0.4919,0.9962,4073,20793.85,20468.62,-93.88,2418.5,8876.38,-3884.42
40640,2796,-98,-65.7578,-0.632,0.4673,1.0105,3836,20792.75,20448.57,-94.54,2366.7,8872.37,-3907.76
40650,2734,-61,-39.8102,-0.6364,0.4422,0.9876,4149,20790.35,20428.53,-94.94,2313.7,8868.51,-3930.59
40660,2670,-19,-22.9858,-0.6473,0.435,0.9863,4221,20788.15,20408.3,-95.18,2259.5,8864.94,-3952.91
40670,2603,-20,-121.3147,-0.4179,0.7982,0.9892,3919,20786.24,20388.26,-96.39,2204.0,8861.29,-3974.65
40680,2561,6,-122.2936,-0.6243,0.7944,0.992,3829,20784.62,20368.71,-97.62,2168.5,8857.47,-3996.0
40690,2493,19,-137.3682,-0.6464,0.7655,1.002,3930,20783.22,20349.72,-98.99,2111.8,8853.42,-4016.72
40700,2424,17,-159.6411,-0.6536,0.7194,1.0049,4410,20779.76,20331.43,-100.59,2052.2,8848.99,-4036.77
40710,2350,0,-188.4842,-0.6449,0.675,1.0169,3829,20774.8,20313.24,-102.48,1990.9,8844.02,-4056.05
40720,2276,-27,-219.6083,-0.6493,0.6299,0.9938,3884,20769.64,20294.61,-104.68,1927.6,8838.39,-4074.48
40730,2199,-89,-315.2153,0.4411,0.8173,0.9986,4053,20764.2,20275.6,-107.84,1862.1,8831.79,-4091.89
40740,2255,-93,-253.2227,0.4297,0.5744,0.995,3657,20758.51,20256.57,-110.37,1909.1,8824.02,-4109.33
40750,2309,-121,-249.5511,0.4247,0.6016,1.0028,4205,20752.7,20237.98,-112.87,1955.0,8815.07,-4126.72
40760,2360,-139,-233.478,-0.6252,0.6666,0.9929,3897,20744.1,20221.04,-115.21,1997.6,8805.04,-4144.0
40770,2286,-146,-213.9492,-0.6417,0.6035,1.0069,4175,20734.69,20204.4,-117.35,1934.6,8794.59,-4160.3
40780,2208,-148,-212.8313,0.447,0.8086,0.9996,3651,20725.01,20187.48,-119.48,1869.4,8783.88,-4175.64
40790,2263,-148,-224.0135,0.4457,0.6232,0.9964,3876,20715.28,20170.46,-121.72,1916.2,8772.34,-4190.94
40800,2319,-102,-139.4609,0.4629,0.6489,0.975,3936,20705.81,20153.7,-123.12,1961.8,8760.25,-4206.42
40810,2369,-68,-117.1596,-0.2991,0.6921,1.0123,3698,20696.77,20137.35,-124.3,2006.5,8747.75,-4222.11
40820,2335,-37,-107.5349,-0.6457,0.6536,1.008,3836,20684.88,20122.98,-125.37,1976.7,8735.33,-4237.48
40830,2335,-7,-111.0479,-0.6412,0.651,0.9877,3719,20672.89,20108.14,-126.49,1976.7,8722.81,-4252.79
40840,2260,-12,-178.4452,-0.6481,0.6217,0.9954,4079,20660.78,20092.79,-128.27,1913.0,8710.37,-4267.33
40850,2182,-1,-170.96,0.4413,0.8051,1.0102,3868,20648.6,20077.08,-129.99,1847.0,8698.01,-4281.07
40860,2236,5,-174.6628,0.4589,0.5678,1.0069,3946,20636.59,20061.47,-131.74,1894.4,8684.95,-4294.8
40870,2293,-10,-197.9054,0.4585,0.6173,1.0091,3947,20624.32,20046.92,-133.72,1940.6,8671.04,-4308.35
40880,2345,-36,-221.117,0.4389,0.6445,0.9942,3728,20610.01,20034.52,-135.93,1985.7,8656.18,-4321.52
40890,2398,-72,-242.6498,-0.2201,0.6786,0.9973,4293,20595.28,20021.99,-138.36,2029.8,8640.28,-4334.15
40900,2368,-136,-329.8117,0.0004,0.8013,1.0152,3946,20580.02,20009.34,-141.66,2006.0,8623.74,-4345.47
40910,2368,-138,-260.0605,0.4391,0.7915,0.9851,4066,20564.29,19996.63,-144.27,2005.4,8606.57,-4355.84
40920,2420,-155,-243.6599,-0.1445,0.7009,0.993,3853,20548.4,19984.08,-146.71,2049.1,8588.5,-4365.51
40930,2403,-155,-215.1149,-0.6374,0.7026,0.9978,4003,20531.43,19973.54,-148.86,2035.0,8570.16,-4374.35
40940,2330,-139,-185.7549,-0.6405,0.6525,0.993,4251,20513.28,19964.49,-150.72,1973.1,8552.13,-4382.36
40950,2255,-112,-155.8718,-0.6452,0.599,1.0142,4182,20495.02,19955.3,-152.28,1909.2,8534.51,-4389.74
40960,2177,-106,-204.9409,0.4556,0.817,1.0069,3321,20477.12,19946.1,-154.34,1843.1,8517.34,-4396.43
40970,2234,-44,-112.1146,0.455,0.5923,1.0022,4216,20459.85,19936.97,-155.46,1890.6,8499.66,-4403.18
40980,2287,-15,-107.7732,0.4474,0.6196,0.9918,4172,20443.23,19927.92,-156.54,1936.9,8481.52,-4409.95
40990,2342,8,-116.6024,0.1536,0.6662,0.9949,3839,20425.55,19921.84,-157.71,1982.1,8462.88,-4416.72
41000,2359,17,-137.7967,-0.6477,0.6538,1.0004,3853,20407.48,19915.79,-159.09,1998.3,8443.99,-4423.22
41010,2284,-2,-201.8086,-0.6493,0.6459,0.9963,3817,20388.99,19909.5,-161.11,1935.2,8425.5,-4428.92
41020,2208,-26,-237.7171,0.4488,0.7833,1.0158,4228,20370.18,19903.1,-163.49,1870.0,8407.4,-4433.62
41030,2263,-36,-225.3975,0.4604,0.6008,1.0133,4287,20351.43,19896.84,-165.75,1916.8,8388.64,-4437.56
41040,2318,-62,-239.4644,0.0957,0.6504,0.9894,3856,20333.01,19891.37,-168.15,1962.5,8369.25,-4440.62
41050,2330,-95,-245.4664,-0.645,0.64,1.0129,4115,20314.18,19889.33,-170.6,1973.0,8349.62,-4442.58
41060,2256,-121,-246.1951,-0.6495,0.5992,0.9915,4125,20295.11,19887.5,-173.07,1909.1,8330.54,-4443.46
41070,2177,-171,-316.3793,0.436,0.7988,0.9944,3892,20275.63,19885.86,-176.24,1843.1,8312.11,-4443.07
41080,2234,-150,-222.4305,0.4405,0.6151,0.998,3960,20256.12,19884.37,-178.46,1890.5,8293.23,-4441.83
41090,2288,-141,-190.9482,0.4513,0.6447,1.0205,3980,20237.04,19882.99,-180.38,1936.8,8273.94,-4439.91
41100,2343,-124,-159.6655,0.1574,0.6736,0.9928,3781,20218.4,19882.77,178.03,1982.0,8254.25,-4437.45
41110,2359,-97,-136.0569,-0.635,0.6963,1.0095,3614,20199.69,19885.06,176.66,1997.0,8234.47,-4434.66
41120,2286,-64,-120.7417,-0.633,0.6323,1.0118,3957,20180.55,19887.21,175.45,1933.9,8215.33,-4431.77
41130,2208,-60,-182.4269,0.4457,0.8025,1.0062,3922,20161.05,19889.17,173.63,1868.7,8196.9,-4428.62
41140,2263,-2,-108.893,0.4468,0.5712,0.9861,4026,20141.4,19890.88,172.53,1915.5,8178.03,-4425.28
41150,2316,16,-122.5676,0.4541,0.6208,0.9904,3998,20122.09,19892.36,171.31,1961.2,8158.76,-4421.63
41160,2369,20,-142.1301,0.4327,0.6433,0.9803,3814,20103.59,19895.39,169.88,2005.8,8139.12,-4417.49
41170,2421,13,-168.5805,-0.5678,0.6738,1.0017,4030,20085.43,19900.15,168.19,2049.5,8119.19,-4412.68
41180,2357,-12,-200.237,0.1152,0.8033,1.0036,4224,20066.81,19905.07,166.19,1995.0,8099.98,-4407.24
41190,2370,-74,-311.0847,0.4285,0.7805,1.0119,4078,20047.75,19910.25,163.07,2006.9,8081.06,-4400.55
41200,2422,-84,-259.0755,-0.0621,0.7144,0.9945,4193,20028.49,19915.71,160.48,2050.6,8062.15,-4392.62
41210,2413,-117,-261.5426,-0.636,0.7102,0.9969,3886,20009.53,19921.34,157.86,2044.0,8043.81,-4383.62
41220,2415,-140,-253.2614,-0.6479,0.7035,1.002,4026,19991.85,19929.88,155.32,2044.0,8025.97,-4373.61
41230,2265,-153,-239.6984,-0.6161,0.6213,0.9963,3701,19974.26,19939.72,152.93,1918.8,8009.74,-4363.39
41240,2189,-158,-243.3247,0.4468,0.7893,0.9799,4082,19956.46,19949.83,150.49,1853.0,7994.51,-4352.8
41250,2243,-148,-219.9971,0.4438,0.6,1.0033,3928,19938.89,19959.84,148.29,1900.2,7979.32,-4341.39
41260,2297,-102,-141.4354,0.4493,0.6224,1.0247,3984,19921.83,19969.44,146.87,1946.3,7963.97,-4329.45
41270,2300,-71,-116.5228,0.4458,0.6343,1.0011,3818,19905.46,19978.91,145.7,1946.3,7948.73,-4317.33
41280,2351,-40,-104.9826,0.018,0.6394,1.0154,3862,19890.86,19990.87,144.65,1991.3,7933.23,-4304.83
41290,2353,-13,-106.8351,-0.6396,0.661,1.0075,3747,19875.8,20002.89,143.58,1991.8,7917.81,-4292.22
41300,2278,-21,-198.5063,-0.6361,0.6459,0.9868,4020,19860.25,20015.0,141.59,1928.5,7903.16,-4279.67
41310,2202,8,-152.2957,0.4721,0.7932,1.0162,3904,19844.32,20027.19,140.06,1863.1,7889.24,-4267.25
41320,2256,4,-180.6413,0.4426,0.6128,1.0066,4267,19828.44,20039.22,138.25,1910.1,7875.37,-4254.11
41330,2310,-10,-204.8661,0.2118,0.6334,0.9891,4163,19814.07,20052.01,136.2,1955.9,7861.69,-4240.12
41340,2333,-38,-228.3797,-0.6493,0.664,1.0006,4235,19801.52,20066.46,133.91,1975.4,7848.58,-4225.34
41350,2258,-73,-250.4297,-0.6316,0.6245,1.0068,3917,19788.88,20081.31,131.41,1911.6,7836.7,-4210.36
41360,2180,-133,-333.0084,0.4527,0.7977,1.0024,4003,19776.17,20096.6,128.07,1845.6,7826.28,-4195.12
41370,2235,-130,-250.7081,0.4426,0.6008,0.9956,3763,19763.74,20111.97,125.56,1893.0,7816.49,-4178.92
41380,2289,-144,-229.4331,0.4553,0.6145,0.981,3890,19751.82,20127.03,123.27,1939.2,7807.3,-4161.86
41390,2344,-148,-203.8063,-0.0366,0.6425,0.995,3768,19742.04,20143.22,121.22,1984.4,7798.6,-4144.01
41400,2342,-140,-178.5417,-0.6238,0.6485,1.0166,4391,19733.37,20160.43,119.44,1982.2,7790.48,-4125.91
41410,2267,-118,-152.8741,-0.6324,0.5961,1.0085,4287,19724.47,20177.98,117.91,1918.6,7783.01,-4108.22
41420,2189,-113,-208.3684,0.4389,0.7871,1.0007,3738,19715.27,20195.8,115.82,1852.9,7776.24,-4090.96
41430,2245,-54,-122.9616,0.4537,0.612,1.0007,4152,19705.67,20213.91,114.59,1900.1,7769.45,-4073.21
41440,2299,-25,-121.8247,0.4548,0.6265,0.9982,4147,19695.64,20232.29,113.37,1946.1,7762.66,-4054.96
41450,2351,1,-135.276,0.14,0.6746,1.0015,4219,19689.03,20252.6,112.01,1991.1,7755.92,-4036.23
41460,2368,8,-162.9112,-0.6385,0.6878,1.0065,3924,19682.06,20273.29,110.38,2004.7,7749.53,-4017.22
41470,2295,-30,-276.379,0.4462,0.8012,0.9884,4093,19674.84,20294.39,107.61,1941.9,7744.17,-3998.53
41480,2397,-26,-236.7778,0.2436,0.6816,1.0055,4126,19667.49,20316.0,105.24,2031.0,7739.51,-3978.77
41490,2431,-67,-276.2941,-0.6387,0.6856,0.994,3988,19660.22,20338.14,102.47,2056.5,7735.99,-3958.49
41500,2356,-113,-301.7197,-0.6343,0.641,0.9929,3909,19657.49,20361.69,99.45,1995.3,7733.9,-3938.65
41510,2282,-150,-306.3205,-0.6426,0.6176,0.9993,4388,19655.08,20385.72,96.39,1932.2,7733.22,-3919.34
41520,2203,-195,-367.386,0.4567,0.8152,0.9987,4130,19652.96,20410.21,92.71,1866.9,7733.95,-3900.7
41530,2314,-173,-265.808,0.4341,0.6851,1.0054,3848,19651.01,20435.09,90.05,1959.5,7735.73,-3881.18
41540,2368,-144,-220.8237,0.1192,0.6901,0.9965,4275,19651.16,20460.23,87.84,2004.2,7738.21,-3861.27
41550,2381,-104,-178.2588,-0.6378,0.7001,0.9822,3950,19654.09,20485.51,86.05,2015.7,7741.11,-3841.32
41560,2307,-85,-229.8675,-0.6394,0.7068,0.9797,3619,19656.69,20511.09,83.75,1953.2,7744.39,-3822.07
41570,2286,-15,-146.5568,0.4473,0.6241,1.0008,3935,19658.88,20537.03,82.28,1935.0,7747.8,-3803.01
41580,2338,1,-173.1731,0.1815,0.6465,0.9936,4312,19661.08,20562.75,80.55,1980.2,7751.67,-3783.59
41590,2359,-7,-217.2213,-0.6339,0.652,0.9963,3980,19667.57,20587.56,78.37,1998.3,7756.25,-3764.14
41600,2210,-46,-278.4138,0.4669,0.7974,0.998,3962,19674.1,20612.42,75.59,1870.1,7761.51,-3746.18
41610,2264,-108,-373.3051,0.4637,0.5926,1.001,3952,19680.89,20637.34,71.85,1916.9,7768.32,-3728.26
41620,2317,-135,-339.5265,0.4474,0.6396,0.9873,4073,19688.13,20662.42,68.45,1962.6,7776.66,-3710.5
41630,2371,-171,-334.4164,0.4415,0.6794,0.9999,3789,19699.25,20685.96,65.1,2007.2,7786.53,-3693.01
41640,2473,-181,-295.7094,0.4553,0.7228,0.9818,3941,19711.66,20708.33,62.14,2093.6,7797.9,-3675.43
41650,2521,-144,-177.0852,0.4477,0.5021,1.0103,4015,19724.09,20730.4,60.37,2135.5,7810.09,-3657.89
41660,2570,-59,6.4458,0.437,0.1352,1.0128,4048,19736.45,20752.47,60.43,2176.6,7822.37,-3639.92
41670,2664,-14,44.806,0.4447,0.1062,1.0035,4158,19748.79,20774.57,60.88,2256.5,7834.71,-3621.04
41680,2712,38,62.7581,0.4547,0.1227,1.0069,3970,19761.28,20796.82,61.5,2295.4,7846.73,-3601.47
41690,2756,75,53.8124,0.4466,0.1196,1.0014,4017,19773.38,20819.21,62.04,2333.7,7858.47,-3581.3
41700,2800,103,52.4376,0.4591,0.0139,1.0143,3533,19784.97,20841.31,62.56,2371.3,7870.01,-3560.58
41710,2888,128,107.4098,0.4607,0.7235,1.0042,3534,19796.27,20863.14,63.63,2444.9,7881.49,-3538.98
41720,2931,120,132.9777,0.4296,0.7703,1.0139,3727,19807.58,20884.87,64.96,2480.8,7892.78,-3516.87
41730,2972,71,97.2973,0.2345,0.7685,1.016,3725,19818.67,20906.67,65.93,2516.3,7904.11,-3494.4
41740,2994,17,80.9673,0.0325,0.7878,1.0017,3808,19827.32,20929.73,66.73,2534.4,7915.57,-3471.79
41750,3037,-26,89.0396,0.4543,0.7404,0.9924,4090,19836.48,20952.99,67.62,2570.7,7927.19,-3448.85
41760,3078,-93,-7.8383,0.1939,0.0105,1.006,4221,19846.13,20976.62,67.54,2604.9,7939.23,-3425.72
41770,3096,-77,50.7225,-0.621,0.2535,1.0145,3926,19856.09,21000.6,68.04,2619.9,7951.17,-3402.37
41780,3038,13,222.0646,-0.0245,0.8133,1.0002,4435,19866.14,21025.03,70.26,2572.1,7961.8,-3378.94
41790,3035,74,267.3964,-0.0,0.8016,0.999,3920,19875.83,21050.12,72.93,2568.7,7970.97,-3354.94
41800,3035,134,286.9745,0.025,0.7887,0.9956,3894,19881.81,21076.79,75.8,2569.2,7978.49,-3330.37
41810,3076,178,273.7383,0.303,0.5629,1.0015,3761,19887.42,21103.96,78.53,2605.4,7984.52,-3305.02
41820,3103,119,61.4959,-0.6243,0.0026,1.0477,3742,19892.74,21131.3,79.14,2627.9,7990.18,-3279.35
41830,3046,123,103.2872,-0.6395,0.4604,1.012,4089,19897.99,21158.58,80.17,2580.3,7995.35,-3254.08
41840,2987,92,123.6453,-0.0032,0.8024,0.9976,4001,19903.46,21185.77,81.41,2529.6,8000.2,-3229.26
41850,2987,29,94.5396,0.0276,0.7939,0.9892,4144,19907.47,21213.21,82.35,2528.9,8005.07,-3204.44
41860,2987,-21,98.7654,0.0217,0.8095,1.0015,3796,19909.84,21241.08,83.34,2529.8,8009.94,-3179.62
41870,3033,-60,71.9131,-0.1586,0.3384,0.9977,4055,19912.58,21268.63,84.05,2566.9,8014.8,-3154.39
41880,3018,-93,-1.6664,-0.6428,0.0123,1.01,4061,19915.47,21296.01,84.03,2554.3,8019.7,-3129.3
41890,2901,24,234.7618,-0.02,0.7827,1.0011,3966,19918.25,21323.42,86.38,2455.3,8023.2,-3104.98
41900,2897,93,296.9973,-0.0079,0.7858,0.9877,3726,19920.68,21350.96,89.34,2453.0,8025.05,-3080.53
41910,2897,149,311.0589,0.0199,0.7945,1.0175,4081,19919.45,21378.83,92.45,2452.4,8025.13,-3056.0
41920,2900,182,291.0618,0.4391,0.7892,0.9993,3985,19916.58,21407.04,95.36,2456.2,8023.63,-3031.48
41930,2943,133,111.5366,0.4461,0.2835,1.0154,3651,19913.44,21435.12,96.47,2492.0,8021.48,-3006.64
41940,3027,97,48.1164,0.4525,0.6704,1.0194,4076,19910.32,21463.09,96.95,2562.1,8019.19,-2981.11
41950,3066,66,81.238,0.4366,0.7034,1.0114,4144,19907.49,21491.06,97.76,2596.4,8016.87,-2955.25
41960,3107,2,59.382,0.4485,0.7038,1.0014,4229,19903.9,21519.01,98.35,2630.3,8014.72,-2929.03
41970,3186,-45,72.6242,0.4525,0.753,1.0106,4499,19898.63,21546.82,99.07,2696.8,8012.61,-2902.13
41980,3226,-71,77.0946,0.4557,0.7216,0.9918,4146,19893.75,21574.4,99.84,2729.5,8010.34,-2874.9
41990,3301,-76,46.0568,-0.1949,0.5038,1.0219,4027,19888.97,21601.91,100.3,2793.6,8007.71,-2847.07
42000,3279,27,229.0637,-0.018,0.7963,1.0169,3985,19883.99,21629.41,102.59,2779.4,8003.71,-2819.59
42010,3282,98,260.1756,-0.0026,0.8016,0.9839,4072,19878.46,21656.62,105.19,2777.9,7997.97,-2792.4
42020,3282,150,254.4083,0.0199,0.798,0.9869,4071,19869.59,21682.3,107.73,2778.2,7990.58,-2765.61
42030,3284,173,219.095,0.4562,0.7902,1.0091,3907,19860.54,21707.27,109.92,2780.0,7981.88,-2739.19
42040,3321,120,45.3622,-0.1909,0.3072,0.9998,3817,19851.53,21731.61,110.37,2811.7,7972.78,-2712.57
42050,3251,111,73.2591,-0.0284,0.7899,1.0112,4270,19842.79,21755.31,111.1,2753.7,7963.68,-2686.58
42060,3249,69,74.8685,-0.0186,0.7972,0.9932,4355,19834.49,21778.47,111.84,2751.6,7954.59,-2660.62
42070,3248,10,54.3497,0.0019,0.7814,1.0118,4082,19825.96,21800.87,112.38,2750.7,7945.67,-2634.61
42080,3249,-34,56.1097,0.0427,0.8132,1.0035,4132,19816.03,21822.06,112.94,2750.9,7936.85,-2608.55
42090,3251,-59,76.4048,0.443,0.7842,0.9823,3916,19806.62,21842.82,113.7,2752.4,7927.93,-2582.5
42100,3327,-99,17.8875,0.4591,0.0082,1.0047,3750,19797.6,21863.1,113.88,2816.0,7918.85,-2555.82
42110,3364,-76,58.1768,-0.4558,0.6362,0.9844,3954,19788.86,21882.81,114.46,2847.3,7909.32,-2528.96
42120,3325,-10,163.422,-0.0238,0.8095,0.9959,3973,19780.26,21901.93,116.09,2815.8,7898.95,-2502.79
42130,3326,35,180.9115,-0.009,0.8156,0.9947,4133,19771.73,21920.42,117.89,2814.5,7887.45,-2477.08
42140,3323,78,186.013,0.0232,0.7902,0.9983,3916,19762.27,21937.81,119.75,2814.2,7874.83,-2451.93
42150,3325,120,182.8433,0.0247,0.7834,0.9863,4088,19751.47,21954.44,121.58,2815.1,7861.08,-2427.36
42160,3327,147,171.2381,0.4476,0.8017,1.0154,4417,19740.24,21971.32,123.28,2817.0,7846.37,-2403.33
42170,3365,140,93.6945,-0.1528,0.1854,0.9897,3821,19728.71,21988.36,124.22,2848.3,7830.94,-2379.36
42180,3350,105,9.7239,-0.6377,0.3099,1.0149,4118,19717.27,22005.17,124.31,2836.9,7815.56,-2355.51
42190,3298,113,83.0723,-0.0391,0.7898,1.0174,3920,19706.16,22021.59,125.14,2792.8,7800.22,-2332.18
42200,3295,73,58.7549,-0.0152,0.8078,1.0008,4233,19695.18,22038.09,125.72,2791.0,7784.86,-2308.88
42210,3294,26,44.4954,0.0071,0.787,0.9706,4160,19684.0,22054.94,126.17,2790.3,7769.63,-2285.52
42220,3296,-18,42.0398,-0.0564,0.7862,0.9943,4005,19671.1,22070.79,126.58,2790.7,7754.52,-2262.05
42230,3292,-51,51.934,-0.6368,0.7942,0.9937,3978,19658.59,22086.56,127.1,2787.7,7739.48,-2238.58
42240,3240,-71,59.9127,-0.6332,0.4716,1.0135,4015,19646.6,22101.98,127.69,2742.8,7724.6,-2215.52
42250,3185,-104,-13.8882,-0.6303,-0.0006,0.989,3833,19634.98,22117.06,127.55,2697.2,7710.08,-2192.78
42260,3131,-62,77.7104,-0.6254,0.6589,1.0149,3817,19623.37,22132.14,128.33,2650.9,7695.46,-2170.66
42270,3075,-11,153.4468,-0.6348,0.6959,0.9975,4002,19611.4,22147.53,129.86,2603.7,7680.38,-2149.43
42280,3020,34,178.161,-0.6376,0.6735,0.9895,4085,19599.01,22163.16,131.64,2555.6,7664.7,-2129.23
42290,2961,79,191.5258,-0.6303,0.6583,0.9939,3815,19585.31,22177.99,133.55,2506.6,7648.42,-2110.16
42300,2900,113,186.8929,-0.6244,0.6157,1.0116,3985,19570.76,22191.68,135.41,2456.7,7631.65,-2092.23
42310,2842,132,167.592,-0.6528,0.6032,0.9977,3975,19556.47,22204.82,137.09,2405.7,7614.54,-2075.3
42320,2780,116,91.1271,-0.6325,0.0391,0.9836,4103,19542.14,22217.78,137.99,2353.5,7597.46,-2059.09
42330,2717,89,10.9317,-0.6299,0.3735,1.0025,3586,19527.45,22231.0,138.1,2300.3,7580.71,-2043.31
42340,2652,118,130.5107,-0.6381,0.6868,1.018,4520,19512.64,22244.36,139.4,2245.7,7564.09,-2028.19
42350,2587,82,103.3658,-0.642,0.6677,1.0015,4085,19498.16,22257.6,140.43,2189.8,7547.75,-2013.6
42360,2588,47,83.8201,-0.6549,0.6529,1.0183,4128,19484.3,22270.55,141.27,2189.8,7531.36,-1999.06
42370,2519,11,77.998,-0.6431,0.6249,1.0184,3909,19468.77,22281.29,142.04,2132.4,7515.39,-1984.92
42380,2450,-12,85.1891,-0.6166,0.601,1.0107,3935,19452.97,22292.36,142.89,2073.5,7499.8,-1971.23
42390,2378,-10,149.5775,-0.6432,0.5589,1.0023,3983,19436.92,22303.86,144.39,2012.8,7484.46,-1958.18
42400,2304,-7,172.6352,0.4442,0.8016,1.0117,4258,19420.74,22315.63,146.11,1950.2,7469.25,-1945.95
42410,2355,-4,181.3616,0.4575,0.6246,1.0009,4216,19404.76,22327.29,147.92,1995.1,7453.32,-1933.95
42420,2409,19,204.1478,0.3974,0.646,0.9993,3800,19388.83,22337.9,149.96,2039.0,7436.51,-1922.38
42430,2453,46,224.1757,-0.6406,0.6966,0.9879,3886,19371.6,22345.87,152.2,2076.8,7418.86,-1911.43
42440,2381,83,241.1774,-0.6653,0.6559,1.0199,3879,19353.97,22353.79,154.61,2016.2,7401.18,-1901.74
42450,2307,145,325.4004,0.4411,0.7936,1.0141,4239,19335.81,22361.67,157.86,1953.7,7383.43,-1893.59
42460,2360,145,253.3395,0.4359,0.7386,1.0047,4171,19317.25,22369.45,160.39,1998.5,7364.84,-1886.25
42470,2412,157,232.1342,0.2009,0.6978,0.9945,4342,19298.7,22377.02,162.71,2042.4,7345.5,-1879.68
42480,2436,150,202.5029,-0.6375,0.7106,0.9868,3773,19279.64,22382.54,164.73,2061.7,7325.73,-1873.77
42490,2362,132,173.5816,-0.6353,0.6759,1.0073,3987,19259.75,22386.28,166.46,2000.6,7306.41,-1868.58
42500,2288,100,146.3174,-0.6692,0.6169,0.9968,3544,19239.61,22390.19,167.92,1937.7,7287.61,-1863.87
42510,2213,91,192.4241,0.444,0.7949,1.0024,3910,19219.66,22394.27,169.84,1872.6,7269.34,-1859.72
42520,2267,32,112.0665,0.4513,0.5973,0.9957,3995,19200.27,22398.49,170.96,1919.3,7250.59,-1855.6
42530,2321,3,112.8507,0.4463,0.644,1.0039,3909,19181.53,22402.81,172.09,1964.9,7231.37,-1851.51
42540,2375,-13,126.101,0.2442,0.6899,1.0126,4125,19162.62,22404.01,173.34,2009.5,7211.64,-1847.6
42550,2400,-17,150.9441,-0.6669,0.6936,1.0081,4106,19143.38,22404.95,174.85,2032.2,7191.62,-1844.06
42560,2328,10,222.6999,-0.646,0.699,1.0124,3886,19123.66,22405.97,177.07,1970.2,7172.08,-1841.38
42570,2250,37,253.1241,0.4317,0.8117,0.9933,4224,19103.62,22406.96,-180.4,1906.3,7153.1,-1839.73
42580,2304,49,239.9694,0.4358,0.6238,0.9943,4185,19083.73,22407.8,-178.0,1952.2,7133.6,-1839.01
42590,2358,81,249.4085,0.0052,0.6656,0.9909,4450,19064.42,22407.73,-175.51,1997.0,7113.64,-1839.39
42600,2359,112,249.6049,-0.6259,0.678,0.9967,3925,19045.66,22404.38,-173.02,1997.4,7093.72,-1840.91
42610,2286,134,244.4932,-0.6648,0.6242,1.0084,4124,19026.75,22400.76,-170.57,1934.3,7074.53,-1843.4
42620,2209,172,300.8298,0.4512,0.7978,0.9919,3692,19007.51,22396.89,-167.57,1869.1,7056.15,-1846.94
42630,2265,146,201.7813,0.4577,0.5836,1.0032,4016,18988.29,22392.89,-165.55,1915.9,7037.47,-1851.3
42640,2317,132,169.1575,0.4436,0.639,0.9949,3817,18969.51,22388.96,-163.87,1961.6,7018.49,-1856.3
42650,2370,109,139.2327,-0.073,0.6556,1.012,4189,18951.47,22383.97,-162.48,2006.2,6999.18,-1861.77
42660,2361,79,118.6511,-0.652,0.6525,0.9841,3738,18933.97,22376.84,-161.29,2000.0,6980.01,-1867.44
42670,2289,45,107.689,-0.6312,0.5901,0.9895,4099,18916.0,22369.75,-160.22,1937.1,6961.46,-1873.05
42680,2211,43,179.7632,0.4448,0.7894,0.9902,4239,18897.59,22362.76,-158.43,1871.9,6943.64,-1878.8
42690,2267,-3,122.2567,0.4417,0.605,0.9917,3652,18878.93,22355.94,-157.21,1918.7,6925.43,-1884.89
42700,2320,-14,141.3978,0.4549,0.65,0.9916,3681,18860.5,22349.39,-155.79,1964.3,6906.91,-1891.44
42710,2373,-13,164.1851,0.206,0.6753,0.9968,4287,18843.42,22341.19,-154.16,2008.9,6888.14,-1898.64
42720,2395,1,192.0199,-0.6562,0.7017,0.9996,4233,18827.04,22331.55,-152.24,2028.7,6869.47,-1906.57
42730,2322,31,222.8045,0.4372,0.7927,0.9751,3847,18810.29,22321.58,-150.01,1966.7,6851.74,-1915.08
42740,2376,93,318.9816,0.4495,0.7629,1.0021,3787,18793.21,22311.21,-146.82,2011.2,6834.23,-1924.99
42750,2426,104,263.839,0.1337,0.7061,0.9985,3989,18775.94,22300.42,-144.19,2054.8,6816.98,-1936.14
42760,2442,133,261.0009,-0.6398,0.702,0.999,3667,18758.88,22289.45,-141.58,2066.4,6800.3,-1948.36
42770,2369,152,245.6884,-0.649,0.6621,0.9921,4080,18744.08,22275.58,-139.13,2005.5,6784.77,-1961.06
42780,2296,155,224.3431,-0.6408,0.6065,0.9902,3977,18729.39,22260.91,-136.89,1942.6,6770.28,-1974.04
42790,2218,164,260.931,0.4531,0.7836,0.9912,4048,18714.46,22245.91,-134.28,1877.7,6756.86,-1987.18
42800,2273,117,167.2101,0.4331,0.6163,0.9953,3869,18699.2,22230.69,-132.61,1924.3,6743.42,-2000.97
42810,2328,84,139.0182,0.4513,0.6419,0.9987,3976,18683.51,22215.31,-131.22,1969.8,6729.86,-2015.27
42820,2378,44,126.0913,-0.1434,0.6743,0.9966,4173,18669.24,22198.16,-129.96,2014.3,6716.11,-2029.98
42830,2363,10,130.1079,-0.6504,0.6652,1.0116,4138,18655.8,22179.69,-128.67,2001.4,6702.56,-2044.7
42840,2290,21,224.4818,-0.6303,0.6375,1.0053,4200,18641.84,22161.05,-126.42,1938.4,6689.82,-2059.33
42850,2267,3,200.2958,0.4412,0.595,0.9907,4393,18627.43,22142.11,-124.42,1920.1,6677.67,-2074.2
42860,2323,25,245.2955,0.1581,0.6551,0.9765,4290,18612.71,22122.8,-121.97,1965.7,6665.93,-2089.99
42870,2340,65,285.9176,-0.6527,0.6544,1.001,3830,18601.5,22101.43,-119.12,1981.9,6655.09,-2106.58
42880,2266,107,306.88,-0.6504,0.6025,0.9921,4046,18591.42,22079.77,-116.05,1918.3,6645.72,-2123.32
42890,2188,167,382.2788,0.4418,0.8014,0.9884,4003,18581.71,22058.06,-112.23,1852.6,6638.01,-2140.17
42900,2298,163,289.0209,0.4499,0.6411,0.9902,4086,18572.34,22036.27,-109.35,1945.8,6631.04,-2158.34
42910,2352,166,252.778,0.1089,0.6543,1.0109,4305,18563.81,22014.6,-106.82,1990.8,6624.86,-2177.28
42920,2364,147,207.5615,-0.6443,0.6406,0.998,3669,18559.22,21992.13,-104.75,2001.3,6619.32,-2196.52
42930,2289,115,168.5826,-0.6395,0.6111,1.0002,3975,18554.53,21969.64,-103.07,1938.3,6614.38,-2215.26
42940,2214,102,214.0178,0.4525,0.8107,1.0083,3809,18549.53,21946.83,-100.93,1873.3,6610.05,-2233.5
42950,2267,38,134.1029,0.4597,0.6125,0.9986,4110,18544.17,21923.95,-99.59,1920.0,6605.76,-2252.21
42960,2323,7,139.0924,0.4452,0.652,1.0029,4114,18539.76,21901.35,-98.2,1965.6,6601.57,-2271.43
42970,2426,-8,159.2271,-0.5855,0.688,0.9974,4305,18538.41,21878.93,-96.61,2053.7,6597.58,-2291.59
42980,2359,0,194.0274,0.4466,0.8074,0.9948,4053,18536.92,21856.47,-94.68,1998.0,6594.31,-2311.3
42990,2411,45,303.1023,0.4529,0.7878,1.0068,3770,18535.41,21833.53,-91.65,2041.5,6592.09,-2331.6
43000,2461,57,270.6936,0.4628,0.7094,1.0028,4102,18534.05,21810.3,-88.94,2084.4,6591.02,-2352.42
43010,2513,101,291.4179,0.4657,0.728,1.0098,3860,18534.51,21787.35,-86.03,2126.5,6591.32,-2373.69
43020,2560,140,292.685,0.4428,0.7586,0.9977,3800,18538.13,21764.79,-83.11,2167.7,6593.06,-2395.3
43030,2608,168,282.3874,0.4497,0.7741,0.9936,4055,18542.12,21741.97,-80.29,2208.2,6596.18,-2417.16
43040,2702,124,113.1879,0.4501,0.0823,0.9968,4096,18546.41,21718.77,-79.16,2287.0,6600.0,-2439.73
43050,2746,88,16.054,0.4531,0.0744,0.9998,3378,18550.79,21695.48,-79.0,2325.4,6603.93,-2462.65
43060,2791,53,-24.8817,0.4633,0.0847,1.0064,3966,18555.21,21672.61,-79.25,2363.2,6607.65,-2486.0
43070,2834,8,-54.0852,0.442,0.0788,1.003,4009,18559.5,21650.07,-79.8,2400.4,6610.91,-2509.77
43080,2879,-42,-72.9677,-0.1354,0.0935,1.0236,4319,18563.52,21627.23,-80.53,2437.0,6613.55,-2534.0
43090,2802,-152,-265.9109,-0.0358,0.8038,1.005,4028,18567.25,21603.95,-83.19,2373.1,6614.69,-2557.7
43100,2800,-171,-242.0617,0.0075,0.7931,1.0,3966,18570.71,21580.6,-85.62,2370.8,6614.59,-2581.42
43110,2799,-162,-199.7825,-0.0203,0.7801,0.9979,3806,18572.14,21557.52,-87.62,2370.2,6613.61,-2605.11
43120,2799,-134,-155.6383,-0.6271,0.799,1.004,3971,18571.58,21534.71,-89.18,2369.2,6612.08,-2628.77
43130,2737,-91,-121.4776,-0.6323,0.7556,1.0068,3961,18571.18,21511.78,-90.39,2316.2,6610.34,-2651.88
43140,2671,-48,-117.1274,0.4437,0.8054,0.9956,3662,18571.08,21488.44,-91.57,2262.1,6608.52,-2674.42
43150,2717,1,-96.1369,0.4454,0.7203,1.0063,3943,18571.34,21464.86,-92.53,2300.9,6606.63,-2697.35
43160,2806,27,-112.8243,-0.5095,0.7751,0.9913,4021,18570.37,21441.7,-93.66,2376.6,6604.48,-2721.01
43170,2757,34,-142.5918,-0.6526,0.7548,1.0061,3812,18567.46,21419.15,-95.09,2334.4,6601.95,-2744.23
43180,2695,13,-182.4473,-0.6574,0.7118,1.0079,3811,18564.58,21396.46,-96.92,2280.6,6598.72,-2766.83
43190,2629,-38,-252.791,0.4396,0.8071,0.9968,4039,18561.54,21373.33,-99.45,2225.6,6594.4,-2788.67
43200,2675,-77,-269.8864,0.4379,0.7316,1.0139,4363,18558.2,21349.95,-102.15,2265.0,6588.7,-2810.59
43210,2722,-121,-279.492,0.3031,0.7726,0.9996,4220,18553.28,21327.15,-104.95,2303.8,6581.48,-2832.48
43220,2731,-151,-264.0447,-0.624,0.781,0.9985,4121,18545.6,21305.63,-107.59,2312.4,6572.96,-2853.98
43230,2667,-165,-237.6961,0.4536,0.7907,0.9784,3840,18537.69,21284.25,-109.97,2258.2,6563.58,-2874.53
43240,2713,-164,-214.2797,0.4525,0.7488,1.0221,3967,18529.52,21262.54,-112.12,2297.0,6553.21,-2895.03
43250,2758,-128,-152.1752,0.437,0.7463,0.998,3770,18521.26,21240.52,-113.64,2335.3,6542.22,-2915.65
43260,2803,-87,-116.2329,0.0811,0.7859,0.9998,3986,18512.31,21218.86,-114.81,2372.9,6530.86,-2936.49
43270,2811,-37,-93.5049,-0.6403,0.7671,1.0195,3982,18501.31,21198.63,-115.75,2379.1,6519.42,-2957.36
43280,2686,4,-91.3035,0.4336,0.8063,1.0094,4355,18490.7,21178.42,-116.66,2272.5,6508.48,-2977.3
43290,2728,19,-136.457,0.4366,0.7547,1.0042,3672,18480.16,21157.67,-118.03,2311.1,6497.11,-2997.41
43300,2775,29,-156.0398,0.1913,0.7852,1.0014,3894,18469.63,21136.47,-119.59,2349.2,6485.11,-3017.62
43310,2793,6,-198.0856,-0.0558,0.7997,1.0014,3572,18458.47,21115.77,-121.58,2366.2,6472.28,-3037.5
43320,2791,-27,-232.544,-0.6376,0.7897,1.0058,4063,18444.89,21097.2,-123.91,2362.1,6458.53,-3056.72
43330,2728,-74,-256.0917,-0.6493,0.7728,0.9965,4404,18431.24,21078.97,-126.47,2309.0,6444.02,-3074.69
43340,2663,-126,-285.8895,0.4464,0.8039,0.9918,4426,18417.14,21060.67,-129.33,2254.6,6428.74,-3091.28
43350,2754,-155,-263.308,0.4422,0.7735,0.996,3970,18402.54,21042.3,-131.97,2331.9,6411.95,-3107.46
43360,2798,-172,-236.7112,-0.1163,0.7962,1.0096,3828,18387.32,21024.37,-134.34,2369.5,6394.08,-3123.03
43370,2789,-159,-197.2471,-0.6441,0.7961,0.9813,4442,18369.43,21008.79,-136.31,2360.4,6375.73,-3137.91
43380,2725,-128,-155.8746,-0.6229,0.7586,1.0121,3665,18351.36,20992.98,-137.87,2307.3,6357.49,-3152.05
43390,2661,-86,-140.5115,0.4515,0.7919,0.9966,3832,18333.16,20976.76,-139.28,2252.9,6339.52,-3165.64
43400,2752,-32,-107.2775,0.4079,0.7642,1.0014,4088,18314.86,20959.95,-140.36,2330.2,6320.89,-3179.64
43410,2792,10,-114.7726,-0.1008,0.7929,0.9994,4268,18295.71,20943.52,-141.51,2364.3,6301.94,-3193.77
43420,2782,27,-146.9859,-0.6509,0.805,0.9964,4038,18274.55,20928.92,-142.98,2355.8,6282.83,-3207.57
43430,2656,2,-211.2771,0.4524,0.8099,1.0182,4029,18253.1,20913.9,-145.1,2248.1,6264.13,-3220.07
43440,2701,-31,-257.4927,0.4457,0.7462,1.0032,4134,18231.16,20898.63,-147.68,2287.2,6244.49,-3231.8
43450,2748,-87,-300.2024,0.4505,0.7727,1.0116,3959,18208.68,20883.37,-150.68,2325.6,6223.75,-3242.35
43460,2801,-143,-321.5312,-0.6173,0.8142,1.0104,3803,18183.76,20871.64,-153.9,2371.5,6201.88,-3251.53
43470,2741,-182,-309.3944,-0.6316,0.7445,1.0071,3723,18157.87,20860.8,-157.0,2320.5,6179.9,-3258.99
43480,2677,-186,-279.6649,0.4458,0.7932,0.9981,4227,18131.51,20850.12,-159.8,2266.5,6158.06,-3265.09
43490,2765,-151,-200.9382,0.4377,0.7623,0.99,3903,18104.75,20839.34,-161.81,2343.3,6135.31,-3270.66
43500,2813,-92,-146.9309,-0.2532,0.7752,1.0019,4054,18076.69,20831.24,-163.28,2380.8,6112.12,-3276.06
43510,2725,-29,-119.3932,-0.6411,0.7246,0.9901,3989,18047.88,20823.96,-164.48,2307.0,6089.64,-3281.25
43520,2659,3,-158.3113,0.4342,0.7889,0.9923,3829,18018.8,20816.02,-166.06,2252.6,6067.64,-3286.1
43530,2750,14,-198.1736,0.2808,0.7828,1.0013,3770,17989.31,20807.54,-168.05,2329.9,6044.77,-3290.52
43540,2780,-27,-273.4916,0.0304,0.8185,1.0147,3940,17958.68,20802.87,-170.79,2354.0,6021.45,-3293.77
43550,2787,-96,-341.9773,0.4485,0.7963,1.0103,3956,17927.26,20799.61,-174.21,2358.8,5997.9,-3295.25
43560,2874,-127,-270.7961,0.4295,0.414,0.9904,4423,17895.38,20796.9,-176.92,2432.8,5973.57,-3295.13
43570,2915,-159,-225.8215,0.4247,0.4345,0.9707,3997,17863.0,20794.97,-179.18,2468.9,5948.92,-3293.63
43580,3000,-153,-162.0453,0.442,0.4673,0.9786,4542,17830.11,20795.95,-180.8,2539.6,5923.62,-3291.24
43590,3080,-86,-47.8598,0.4425,0.0568,1.0035,4221,17796.82,20796.88,178.72,2608.4,5897.65,-3288.8
43600,3119,30,100.4613,0.4373,0.0396,1.0081,4108,17763.07,20797.32,179.72,2642.2,5871.29,-3287.31
43610,3198,90,81.4216,0.4482,0.1444,0.9992,4264,17728.88,20797.04,180.53,2708.4,5844.21,-3286.74
43620,3276,112,29.2457,0.4533,0.1503,0.9882,3967,17694.26,20796.63,180.82,2773.0,5816.46,-3286.64
43630,3313,69,-60.4401,0.4628,0.1686,0.9997,4345,17659.18,20796.44,180.21,2804.8,5788.41,-3286.14
43640,3388,-8,-107.7907,0.4484,-0.0024,0.9851,3997,17623.65,20796.63,179.13,2867.2,5759.76,-3284.57
43650,3458,-95,-131.8506,0.4427,-0.0063,1.0106,4036,17587.7,20797.59,177.81,2928.4,5730.63,-3281.64
43660,3529,-137,-90.4864,0.4473,0.012,0.9976,3827,17551.33,20799.31,176.9,2988.3,5701.0,-3277.7
43670,3599,-102,3.247,0.461,-0.006,1.0053,4251,17514.53,20801.35,176.93,3047.0,5670.78,-3273.71
43680,3668,-7,98.3114,0.4649,0.0216,1.006,4018,17477.28,20803.07,177.91,3104.5,5639.87,-3270.71
43690,3700,98,138.8562,0.4694,-0.0041,1.0004,4005,17439.56,20803.99,179.3,3132.9,5608.57,-3269.19
43700,3766,147,97.1625,0.4349,0.0046,0.9926,4313,17401.37,20804.09,180.26,3189.0,5576.68,-3268.73
43710,3832,107,-5.4456,0.4511,0.0122,0.9928,3844,17362.73,20803.87,180.21,3244.1,5544.22,-3268.19
43720,3896,-4,-107.6135,0.4546,-0.0138,1.0068,4496,17323.67,20804.05,179.13,3298.2,5511.29,-3266.4
43730,3958,-135,-198.1228,0.4565,0.4509,1.0034,3916,17284.17,20805.16,177.14,3351.5,5477.99,-3262.59
43740,4021,-190,-176.0371,0.4449,0.4738,1.0087,4063,17244.27,20807.33,175.38,3403.9,5444.36,-3257.16
43750,4081,-127,-60.0208,0.4511,0.4746,1.0053,4066,17204.06,20811.43,174.78,3455.6,5410.27,-3251.48
43760,4142,25,95.7721,0.4453,0.0063,0.9937,3574,17163.39,20814.97,175.73,3506.5,5375.47,-3247.1
43770,4201,147,142.1179,0.4358,0.0021,1.002,4126,17122.19,20817.5,177.15,3556.6,5340.0,-3244.41
43780,4261,152,53.0332,0.4534,0.0019,1.0086,4124,17080.5,20819.31,177.68,3606.1,5303.96,-3242.33
43790,4316,47,-76.7121,0.4333,-0.0105,1.018,4052,17038.38,20821.23,176.91,3654.9,5267.55,-3239.24
43800,4403,-96,-152.8863,0.4451,0.0166,1.0033,4199,16995.93,20824.08,175.38,3726.9,5230.62,-3234.13
43810,4457,-172,-115.1476,0.4502,-0.0035,1.0166,4197,16953.51,20828.0,174.22,3774.1,5193.46,-3227.45
43820,4511,-121,8.5412,0.4541,0.0085,1.0189,3929,16911.13,20832.34,174.3,3820.7,5155.84,-3220.8
43830,4567,22,126.1621,0.4543,0.0103,0.9906,4217,16868.7,20836.15,175.56,3866.8,5117.5,-3215.75
43840,4621,134,106.987,0.4364,0.5233,0.9954,4001,16826.2,20838.87,176.63,3912.4,5078.51,-3212.38
43850,4674,132,-38.3483,0.4604,0.6541,1.0115,3970,16783.63,20840.78,176.24,3957.4,5039.06,-3209.13
43860,4727,26,-172.1921,0.4406,0.6717,0.9961,4207,16741.22,20844.8,174.52,4001.9,4999.34,-3204.16
43870,4805,-108,-191.2864,0.4437,0.0019,0.986,3933,16698.91,20849.71,172.6,4067.8,4959.34,-3196.7
43880,4856,-184,-119.2105,0.4497,0.0076,1.0005,4101,16656.73,20855.69,171.41,4111.1,4919.26,-3187.47
43890,4907,-135,2.4516,0.4464,0.0072,0.9912,3638,16614.61,20862.13,171.43,4153.9,4878.75,-3178.2
43900,4955,10,122.5394,0.4519,-0.0049,0.9957,4170,16572.43,20868.09,172.65,4196.4,4837.49,-3170.56
43910,5006,154,151.5327,0.4405,-0.0085,1.0075,3987,16530.12,20872.96,174.16,4238.4,4795.46,-3165.07
43920,5030,183,68.0563,-0.0089,-0.0133,0.9868,4604,16487.7,20876.96,174.84,4259.0,4753.09,-3160.56
43930,5031,75,-65.926,-0.0116,-0.0181,1.0133,3995,16445.29,20880.96,174.18,4259.0,4710.84,-3155.07
43940,5031,-88,-150.2009,-0.0005,-0.0068,0.9931,4315,16403.03,20885.8,172.67,4259.0,4668.94,-3147.37
43950,5030,-201,-168.1128,-0.0024,0.7306,0.9997,3883,16361.4,20891.66,170.99,4259.0,4627.48,-3137.57
43960,5029,-183,-101.3436,-0.0081,0.7217,0.9919,3897,16320.49,20898.0,169.97,4259.0,4586.22,-3126.99
43970,5032,-47,15.6466,0.0038,0.7394,1.0059,3837,16280.44,20905.71,170.13,4259.0,4544.74,-3117.27
43980,5030,116,106.8874,0.0108,-0.0031,0.9961,3782,16240.84,20912.36,171.19,4259.0,4502.88,-3109.41
43990,5031,185,87.8963,-0.0028,-0.0062,1.0026,4085,16201.69,20918.06,172.07,4259.0,4460.78,-3102.82
44000,5029,123,-24.1436,0.0035,0.0088,0.9987,4103,16163.12,20923.45,171.82,4259.0,4418.75,-3095.89
44010,5032,-13,-116.5189,0.0018,0.0022,1.0196,3992,16125.25,20929.25,170.65,4259.0,4377.03,-3087.25
44020,5030,-139,-135.1088,-0.0046,0.0123,0.9876,4144,16088.15,20935.82,169.3,4259.0,4335.77,-3076.66
44030,5032,-183,-74.5152,-0.007,0.0101,0.9982,3865,16051.78,20942.99,168.55,4259.0,4294.78,-3064.98
44040,5030,-123,25.2476,-0.0121,0.01,0.9912,3672,16016.05,20950.2,168.8,4259.0,4253.71,-3053.68
44050,5030,2,107.1315,-0.0058,-0.0068,0.9954,3985,15980.84,20956.87,169.87,4259.0,4212.25,-3043.93
44060,5029,120,129.213,0.0017,0.0046,1.0111,4299,15946.1,20962.66,171.16,4259.0,4170.41,-3036.02
44070,5031,169,60.1776,-0.6006,0.1544,0.9888,4337,15911.89,20967.69,171.76,4259.0,4128.34,-3029.18
44080,4964,117,-77.054,-0.6282,0.7048,0.9974,3906,15878.23,20972.38,170.98,4201.8,4086.94,-3021.87
44090,4893,19,-155.544,-0.6473,0.6993,0.9973,3613,15845.35,20978.07,169.42,4142.3,4046.46,-3013.02
44100,4856,-97,-193.8788,-0.6226,0.6788,1.0097,3803,15813.34,20984.94,167.48,4112.3,4006.84,-3002.05
44110,4785,-159,-125.0953,-0.6376,0.0161,1.0145,3745,15782.1,20992.32,166.23,4051.5,3968.25,-2989.67
44120,4711,-164,-45.5841,-0.6287,-0.0069,1.0046,4014,15751.52,20999.98,165.77,3989.9,3930.44,-2976.9
44130,4674,-112,28.4022,-0.6423,-0.0054,1.0029,3735,15721.61,21007.52,166.05,3958.7,3892.82,-2964.59
44140,4599,-20,87.3772,-0.628,-0.0197,0.9987,3685,15692.18,21014.62,166.92,3895.5,3855.46,-2953.61
44150,4563,76,109.9205,-0.6333,-0.0083,1.0012,3782,15663.29,21021.04,168.02,3863.5,3818.0,-2944.14
44160,4525,140,91.6381,-0.62,-0.0141,1.015,4103,15634.83,21026.83,168.93,3831.3,3780.57,-2935.93
44170,4446,155,42.4078,-0.6363,-0.0182,1.0001,4269,15606.97,21032.15,169.35,3766.0,3743.66,-2928.43
44180,4409,118,-17.7972,-0.6317,-0.0046,1.0083,4250,15579.66,21037.3,169.17,3733.0,3707.11,-2920.76
44190,4329,45,-68.6083,-0.6533,0.0107,1.0171,3819,15553.02,21042.55,168.48,3665.9,3671.43,-2912.38
44200,4290,-38,-95.0317,-0.6228,0.0035,0.9857,3885,15527.09,21048.05,167.53,3631.9,3636.37,-2902.89
44210,4249,-105,-92.1293,-0.6162,-0.0134,1.0018,3791,15501.83,21053.86,166.6,3597.6,3601.96,-2892.38
44220,4169,-139,-63.4653,-0.6341,0.0044,0.9784,4231,15477.24,21059.87,165.97,3528.0,3568.42,-2881.33
44230,4125,-150,-53.1142,-0.6341,0.4806,0.998,4187,15453.35,21065.91,165.43,3492.7,3535.38,-2869.95
44240,4084,-121,-29.5162,-0.6238,0.5073,0.992,4153,15430.05,21071.78,165.13,3457.0,3502.68,-2858.67
44250,4040,-61,8.1211,-0.633,0.4715,0.9935,3875,15407.32,21077.41,165.21,3421.0,3470.2,-2847.92
44260,3995,4,29.0893,-0.6593,0.459,1.0059,4136,15385.37,21083.6,165.5,3384.5,3437.89,-2837.92
44270,3952,63,30.9945,-0.644,0.4471,1.0066,3842,15363.76,21089.35,165.81,3347.7,3405.74,-2828.66
44280,3865,107,37.1379,-0.6449,0.0505,1.0015,3997,15342.19,21094.78,166.17,3272.8,3374.13,-2820.16
44290,3819,131,37.421,-0.6294,0.0021,0.9905,4031,15320.62,21100.0,166.55,3234.7,3342.78,-2812.17
44300,3776,115,0.5708,-0.6306,-0.0093,0.9907,3877,15299.35,21105.08,166.55,3196.1,3311.79,-2804.26
44310,3727,78,-34.1069,-0.6335,-0.0136,1.0197,3914,15278.68,21110.08,166.2,3157.1,3281.3,-2796.09
44320,3681,27,-60.082,-0.6398,0.0213,0.9809,3724,15258.5,21115.14,165.6,3117.5,3251.37,-2787.38
44330,3635,-25,-75.4978,-0.6482,0.013,0.9872,3914,15238.3,21120.47,164.84,3077.5,3222.05,-2778.03
44340,3587,-74,-77.5173,-0.6334,-0.0026,1.0018,3901,15217.84,21126.16,164.06,3037.0,3193.38,-2768.02
44350,3538,-108,-63.1834,-0.6338,0.0127,1.0006,4265,15197.54,21132.09,163.43,2995.8,3165.32,-2757.51
44360,3489,-119,-36.3063,-0.643,-0.0101,0.996,4141,15177.75,21138.05,163.06,2954.2,3137.77,-2746.8
44370,3440,-109,-4.5693,-0.6459,-0.0081,0.9951,4462,15158.32,21143.99,163.01,2911.9,3110.63,-2736.19
44380,3388,-80,27.3941,-0.6311,-0.0137,1.0094,3945,15138.69,21149.94,163.29,2869.0,3083.81,-2725.99
44390,3337,-34,56.3778,-0.6357,0.0119,1.007,4091,15118.59,21155.88,163.85,2825.4,3057.2,-2716.48
44400,3284,17,75.6314,-0.6294,-0.0014,0.9898,3993,15098.08,21161.68,164.6,2781.2,3030.78,-2707.81
44410,3231,63,79.3563,-0.6356,-0.0169,1.001,3731,15077.52,21167.18,165.39,2736.3,3004.56,-2700.0
44420,3178,93,66.2925,-0.6456,-0.0151,0.9983,3794,15057.39,21172.3,166.05,2690.6,2978.6,-2692.91
44430,3123,107,42.6085,-0.6456,-0.0035,0.9854,3952,15037.41,21177.18,166.47,2644.1,2952.98,-2686.33
44440,3069,100,13.8295,-0.6288,0.0129,0.9986,3957,15017.09,21182.04,166.61,2596.8,2927.78,-2679.96
44450,3010,100,49.4326,-0.6461,0.2705,1.0085,4217,14996.35,21187.01,167.1,2548.6,2903.03,-2673.83
44460,2952,58,18.8723,-0.6261,0.3773,0.9807,4335,14975.55,21192.16,167.29,2499.4,2878.8,-2667.67
44470,2832,17,-1.3689,-0.6469,0.3532,1.0121,3994,14955.17,21197.12,167.27,2398.2,2855.64,-2661.49
44480,2771,-25,-6.8272,-0.6398,0.3427,1.0134,4179,14935.16,21201.09,167.2,2345.9,2833.06,-2655.1
44490,2706,-56,1.5666,-0.6444,0.3102,0.9949,3960,14915.25,21205.31,167.21,2292.4,2811.09,-2648.58
44500,2643,-41,90.5414,-0.1356,0.7897,0.9972,4297,14894.95,21209.83,168.11,2237.7,2789.58,-2642.39
44510,2629,-17,174.7825,-0.0369,0.7976,1.009,3838,14874.22,21214.57,169.86,2224.8,2768.01,-2636.83
44520,2626,6,213.5635,-0.0007,0.7908,1.0116,3829,14853.15,21219.39,171.99,2222.3,2746.27,-2632.15
44530,2624,40,242.9059,-0.5894,0.7847,0.9911,3695,14832.03,21221.41,174.42,2222.0,2724.34,-2628.59
44540,2565,76,259.11,-0.6407,0.7802,1.0003,3797,14811.16,21221.8,177.01,2170.6,2702.74,-2626.33
44550,2496,116,267.9291,-0.6412,0.7459,0.9995,4153,14790.15,21221.92,179.68,2112.7,2681.62,-2625.43
44560,2425,160,309.0569,0.4504,0.7878,1.002,4399,14768.71,21221.75,-177.23,2053.2,2661.09,-2625.9
44570,2474,167,258.428,0.4489,0.7389,1.0053,4043,14747.06,21221.34,-174.65,2095.9,2640.2,-2627.53
44580,2525,161,223.8327,-0.1296,0.7843,1.0056,4168,14725.8,21220.06,-172.42,2137.7,2618.96,-2630.08
44590,2510,140,183.6566,-0.6318,0.7659,1.002,3986,14705.49,21215.42,-170.58,2125.5,2597.94,-2633.24
44600,2441,107,150.5418,-0.6372,0.7329,0.9913,4081,14685.47,21210.94,-169.08,2066.3,2577.56,-2636.69
44610,2369,81,159.9202,0.4491,0.803,0.9814,3846,14665.17,21206.62,-167.48,2005.4,2557.84,-2640.36
44620,2420,29,110.2527,0.4402,0.6745,0.9882,3978,14644.42,21202.49,-166.38,2049.1,2537.71,-2644.21
44630,2471,0,116.1679,0.4464,0.6957,1.0274,4142,14623.6,21198.64,-165.22,2091.9,2517.19,-2648.3
44640,2519,-17,132.237,0.1957,0.7342,1.0026,4057,14603.89,21192.82,-163.9,2133.8,2496.33,-2652.77
44650,2540,-19,159.1105,-0.6315,0.7217,1.0115,3871,14584.67,21185.77,-162.32,2151.0,2475.4,-2657.76
44660,2471,-2,194.8301,-0.6464,0.6966,1.0014,4117,14565.05,21178.59,-160.37,2092.6,2455.23,-2663.33
44670,2449,48,275.1748,0.4491,0.7081,1.0097,3866,14545.0,21171.16,-157.62,2075.6,2435.57,-2669.95
44680,2502,73,267.767,0.4366,0.7254,1.0028,3981,14524.92,21163.5,-154.95,2117.8,2415.93,-2677.87
44690,2551,109,274.5895,-0.3111,0.7737,1.0042,3930,14505.53,21155.42,-152.21,2159.2,2396.43,-2687.16
44700,2518,137,264.7893,-0.6233,0.7597,1.0106,3956,14488.44,21144.07,-149.56,2131.4,2377.75,-2697.44
44710,2448,154,248.3706,-0.6423,0.7169,1.0057,4116,14471.47,21132.52,-147.08,2072.4,2360.15,-2708.4
44720,2375,169,261.2961,0.4508,0.801,0.9951,4025,14454.25,21120.59,-144.47,2011.7,2343.62,-2719.88
44730,2427,146,194.6935,0.4364,0.6965,1.0067,4174,14436.79,21108.44,-142.53,2055.2,2327.15,-2732.17
44740,2478,119,161.6061,0.4484,0.7355,1.0025,3845,14419.28,21096.34,-140.91,2097.9,2310.61,-2745.09
44750,2528,82,132.3691,0.3845,0.7596,1.0072,3880,14403.39,21082.98,-139.59,2139.7,2293.9,-2758.47
44760,2567,42,115.9658,-0.6503,0.7721,1.0008,4222,14388.82,21068.62,-138.44,2175.0,2277.03,-2772.17
44770,2501,10,116.2606,-0.6342,0.7529,1.0083,4106,14373.96,21054.36,-137.28,2117.2,2260.69,-2785.64
44780,2430,1,159.3828,0.422,0.7853,1.0134,3872,14358.6,21039.98,-135.69,2057.8,2245.04,-2799.01
44790,2481,-19,155.1928,0.4404,0.6925,0.984,3940,14342.8,21025.46,-134.14,2100.4,2229.33,-2812.97
44800,2528,-7,189.883,0.4396,0.7259,1.0006,3844,14326.96,21010.97,-132.24,2142.2,2213.81,-2827.72
44810,2579,17,219.2222,-0.4084,0.7572,0.9987,4199,14314.42,20994.26,-130.05,2183.1,2198.66,-2843.46
44820,2537,52,243.0307,-0.6545,0.7248,0.985,3901,14302.18,20977.58,-127.62,2146.7,2184.59,-2859.69
44830,2467,106,298.7377,-0.6379,0.6781,0.9962,4152,14289.94,20960.49,-124.64,2088.1,2171.96,-2876.32
44840,2395,133,278.575,0.4546,0.8008,1.0093,3901,14277.7,20942.87,-121.86,2027.8,2160.74,-2893.22
44850,2447,156,267.1127,0.4475,0.7217,0.9975,3815,14265.64,20925.04,-119.19,2071.1,2150.29,-2911.11
44860,2497,163,235.9201,0.3673,0.7531,0.9806,4251,14255.73,20906.52,-116.83,2113.4,2140.51,-2929.87
44870,2467,151,197.2606,-0.6548,0.7298,1.0106,4279,14248.0,20887.53,-114.86,2089.0,2131.52,-2948.73
44880,2396,124,163.9934,0.4502,0.801,0.9917,3914,14240.29,20868.66,-113.23,2028.8,2123.22,-2967.25
44890,2446,103,168.2465,0.4536,0.678,1.0123,3866,14232.29,20849.48,-111.55,2072.0,2115.12,-2986.31
44900,2497,52,119.5929,0.4531,0.7187,0.9976,4151,14223.92,20830.05,-110.35,2114.3,2106.99,-3005.83
44910,2546,18,115.14,-0.2241,0.7512,0.9983,3477,14215.34,20810.85,-109.21,2155.8,2098.86,-3025.79
44920,2522,-8,123.0093,-0.6446,0.753,1.0032,3757,14209.98,20791.05,-107.98,2136.2,2090.99,-3045.65
44930,2454,-17,145.5193,-0.6406,0.6958,0.9992,3924,14204.86,20771.09,-106.53,2077.4,2083.68,-3065.11
44940,2380,5,216.7717,0.4567,0.8105,1.0024,4130,14199.51,20750.69,-104.36,2016.8,2077.25,-3084.22
44950,2434,14,218.4396,0.4439,0.674,1.0182,3824,14194.07,20729.88,-102.18,2060.2,2071.51,-3104.02
44960,2481,47,250.2186,0.4528,0.7249,0.9906,3799,14188.77,20708.98,-99.68,2102.8,2066.74,-3124.48
44970,2535,84,265.3921,-0.0144,0.7489,1.0007,4028,14185.34,20688.25,-97.03,2144.5,2063.1,-3145.63
44980,2530,118,266.8873,-0.6342,0.7445,0.9892,3678,14184.64,20667.5,-94.36,2142.5,2060.74,-3166.92
44990,2460,147,260.2108,-0.6226,0.7016,0.9903,3706,14184.21,20646.55,-91.76,2083.8,2059.65,-3187.72
45000,2390,171,280.6314,0.4422,0.808,0.9877,4269,14184.0,20625.2,-88.96,2023.4,2059.74,-3207.97
45010,2442,158,220.4693,0.4539,0.71,1.0074,4066,14183.91,20603.75,-86.76,2066.7,2060.7,-3228.63
45020,2490,139,182.7405,0.4516,0.7599,1.002,4201,14183.82,20582.66,-84.93,2109.1,2062.28,-3249.66
45030,2540,104,148.04,0.102,0.8003,0.9925,3734,14187.14,20562.41,-83.46,2150.7,2064.26,-3271.08
45040,2553,68,125.764,-0.6547,0.8037,1.0076,3699,14190.75,20542.4,-82.2,2161.0,2066.48,-3292.58
45050,2482,39,143.3167,-0.6307,0.7538,0.9869,4129,14194.15,20522.03,-80.77,2102.8,2068.87,-3313.46
45060,2411,1,123.0865,0.449,0.7904,1.0004,3889,14197.35,20501.16,-79.54,2043.0,2071.36,-3333.72
45070,2462,-16,136.3899,0.435,0.652,1.0023,3897,14200.36,20479.89,-78.18,2085.9,2074.23,-3354.38
45080,2563,-17,166.2247,-0.4136,0.7325,1.0055,4340,14204.41,20459.08,-76.52,2169.2,2077.75,-3375.8
45090,2522,-2,195.3988,-0.6361,0.6971,1.0028,3732,14210.87,20439.43,-74.57,2133.8,2081.97,-3396.74
45100,2451,30,225.5431,-0.6331,0.6711,0.9794,3965,14217.43,20419.81,-72.32,2074.9,2087.01,-3416.88
45110,2378,86,294.2223,0.4504,0.8008,1.0122,4210,14224.34,20399.79,-69.38,2014.2,2093.13,-3436.06
45120,2431,117,285.1415,0.4454,0.7112,0.994,4457,14231.64,20379.52,-66.53,2057.7,2100.63,-3455.23
45130,2479,145,279.8964,0.4422,0.7436,0.9906,3956,14239.19,20359.44,-63.73,2100.3,2109.46,-3474.27
45140,2529,162,254.3846,-0.5377,0.7825,1.0021,4117,14249.75,20341.4,-61.19,2142.1,2119.51,-3493.19
45150,2472,157,220.9518,-0.6529,0.7501,1.0108,4293,14260.97,20324.18,-58.99,2093.4,2130.11,-3511.25
45160,2402,146,203.7469,0.4531,0.8007,1.0089,3940,14272.27,20306.9,-56.95,2033.3,2141.0,-3528.43
45170,2454,119,166.8284,0.44,0.7097,0.9957,4180,14283.71,20289.24,-55.29,2076.4,2152.53,-3545.72
45180,2504,73,123.3103,0.4358,0.7061,1.0089,3898,14295.19,20271.15,-54.06,2118.6,2164.46,-3563.25
45190,2551,35,111.3198,0.026,0.7187,1.0074,3959,14307.34,20253.46,-52.95,2160.0,2176.72,-3581.03
45200,2555,0,112.8555,-0.6443,0.7441,0.9894,3952,14321.42,20237.53,-51.82,2163.1,2189.1,-3598.78
45210,2485,-16,130.5912,-0.6384,0.7,0.9963,3961,14335.32,20221.39,-50.52,2105.0,2201.37,-3615.88
45220,2415,0,206.1298,0.4667,0.8006,0.9875,3947,14349.37,20204.85,-48.46,2045.2,2213.79,-3632.13
45230,2467,6,215.7567,0.4477,0.7265,0.9895,4474,14363.42,20188.23,-46.31,2088.1,2227.13,-3648.22
45240,2550,31,244.2359,-0.3004,0.8046,1.004,4092,14377.21,20172.06,-43.87,2160.2,2241.71,-3664.15
45250,2519,69,261.3053,-0.6448,0.7848,0.9846,3995,14393.1,20159.08,-41.26,2132.8,2257.0,-3679.02
45260,2450,104,272.2215,-0.6255,0.7485,1.0204,4151,14409.53,20146.78,-38.54,2073.8,2272.7,-3692.57
45270,2376,146,300.3044,0.4517,0.8095,1.0067,3827,14426.5,20134.43,-35.54,2013.1,2288.77,-3704.68
45280,2430,159,261.8104,0.4416,0.6734,1.0044,3591,14443.96,20122.04,-32.92,2056.7,2305.87,-3716.12
45290,2480,158,227.4594,0.4513,0.6904,0.9954,4180,14461.85,20109.57,-30.65,2099.3,2323.83,-3727.02
45300,2528,150,194.6791,0.1925,0.7284,1.0178,4295,14480.85,20098.24,-28.71,2141.1,2342.52,-3737.49
45310,2551,117,160.5269,-0.6572,0.7441,0.9862,4045,14501.51,20088.93,-27.1,2159.3,2361.57,-3747.67
45320,2483,76,133.3965,-0.6229,0.7206,1.0002,4072,14522.41,20079.25,-25.77,2101.1,2380.23,-3757.36
45330,2412,46,161.5291,0.4287,0.7819,0.9956,3893,14543.54,20069.1,-24.16,2041.2,2398.46,-3766.57
45340,2513,3,141.4654,0.4417,0.7256,1.0079,4042,14564.93,20058.42,-22.75,2126.2,2417.55,-3775.95
45350,2559,-10,173.2295,-0.2725,0.7841,0.9803,4001,14587.31,20048.94,-21.02,2167.5,2437.2,-3785.1
45360,2531,3,219.7053,-0.6393,0.7698,0.9986,4223,14611.11,20041.92,-18.83,2142.2,2456.96,-3793.44
45370,2461,52,302.3274,-0.6368,0.7081,0.9954,4185,14635.4,20034.82,-15.81,2083.5,2476.6,-3800.39
45380,2443,91,316.1939,0.4423,0.6909,1.0064,3759,14660.21,20027.84,-12.65,2066.4,2496.53,-3805.94
45390,2491,140,337.5426,0.4462,0.7251,1.0022,3929,14685.61,20021.12,-9.27,2108.8,2517.22,-3810.04
45400,2540,177,333.2225,0.3514,0.7737,0.9884,4144,14712.14,20018.9,-5.95,2150.4,2538.57,-3812.67
45410,2509,187,300.1758,-0.0599,0.7825,1.0031,4020,14739.23,20017.86,-2.95,2124.0,2559.78,-3813.96
45420,2501,177,282.5784,0.4424,0.8096,1.0042,4014,14766.74,20016.95,-0.12,2119.0,2580.96,-3814.23
45430,2552,125,200.2079,0.4209,0.785,1.0054,4063,14794.59,20015.87,1.88,2160.4,2602.57,-3813.95
45440,2531,67,165.5989,-0.6493,0.7495,1.0058,4264,14822.75,20017.53,3.53,2143.6,2624.0,-3813.43
45450,2461,22,162.4016,-0.6274,0.7233,1.0066,3913,14851.3,20021.05,5.15,2084.9,2644.82,-3812.7
45460,2444,14,227.8218,0.4506,0.6882,0.9948,3745,14880.31,20024.15,7.43,2067.8,2665.49,-3811.43
45470,2493,16,251.9028,0.4598,0.7085,1.0092,3826,14909.59,20027.05,9.94,2110.2,2686.49,-3809.26
45480,2590,60,317.3285,0.3658,0.7626,0.9961,3965,14938.23,20033.2,13.11,2192.6,2708.12,-3805.61
45490,2630,122,366.4902,0.4563,0.8132,1.0093,3783,14966.55,20042.11,16.77,2226.6,2729.7,-3800.14
45500,2723,139,276.0074,0.4383,0.206,1.0049,4018,14995.09,20051.67,19.53,2304.8,2751.63,-3792.99
45510,2769,133,146.4136,0.4628,0.2099,0.9895,4158,15023.83,20061.86,20.99,2342.9,2773.61,-3784.83
45520,2856,120,83.0818,0.4399,0.2397,1.0179,4176,15052.22,20073.27,21.82,2417.3,2796.14,-3776.01
45530,2899,67,12.849,0.4526,0.2306,0.9913,3839,15080.49,20084.94,21.95,2453.7,2819.07,-3767.24
45540,2983,-23,-86.4782,0.4403,0.0097,0.9975,3890,15108.93,20096.21,21.08,2524.8,2842.95,-3759.01
45550,3024,-89,-110.9528,0.4254,0.0054,0.9939,3912,15137.7,20106.97,19.96,2559.7,2867.46,-3751.59
45560,3105,-164,-197.2608,0.4607,0.6171,1.0062,4296,15166.31,20117.13,17.99,2628.0,2892.97,-3745.19
45570,3140,-156,-157.1271,0.455,0.6236,1.0029,4079,15194.38,20126.86,16.42,2661.4,2918.94,-3739.48
45580,3219,-101,-90.5153,0.4508,0.6541,1.005,4162,15222.76,20134.19,15.51,2727.2,2945.6,-3733.77
45590,3260,-31,-45.9934,0.4544,0.6664,1.0031,4138,15251.13,20141.36,15.04,2759.5,2972.54,-3727.76
45600,3334,78,73.7025,0.4636,0.0161,0.9842,3623,15279.39,20149.07,15.78,2822.9,2999.88,-3720.72
45610,3371,123,76.7639,0.4498,0.0174,1.0055,4006,15307.78,20157.32,16.54,2854.1,3027.33,-3712.88
45620,3445,68,-104.2114,0.3159,0.7852,1.0105,4112,15336.52,20165.93,15.5,2915.5,3055.51,-3705.3
45630,3469,-2,-209.133,-0.004,0.7834,0.9983,3712,15365.6,20174.54,13.4,2937.3,3084.2,-3698.96
45640,3468,-81,-256.0289,0.0163,0.7831,0.9831,3821,15395.13,20180.18,10.84,2937.5,3113.21,-3694.44
45650,3471,-149,-264.921,0.4293,0.7922,1.0076,3827,15424.86,20184.57,8.19,2939.0,3142.48,-3691.8
45660,3542,-141,-109.9151,0.4441,-0.004,1.0147,4374,15454.65,20188.46,7.09,2998.7,3172.44,-3690.09
45670,3576,-118,-14.9841,0.4466,0.0028,0.993,3661,15484.73,20192.13,6.93,3028.1,3202.69,-3688.54
45680,3610,-105,-68.713,-0.0171,0.7948,1.0109,4181,15515.16,20195.94,6.24,3058.2,3233.22,-3687.05
45690,3611,-27,-43.3373,0.0033,0.7901,1.0112,3444,15545.54,20200.2,5.81,3057.0,3263.74,-3685.21
45700,3611,46,-35.3926,0.0538,0.7824,1.0064,4006,15575.82,20202.31,5.45,3057.3,3294.24,-3682.97
45710,3612,78,-70.9357,0.4543,0.8088,1.0101,4153,15606.05,20204.57,4.74,3058.7,3324.75,-3680.72
45720,3605,110,-2.8355,-0.6271,0.0053,1.0139,4190,15636.05,20207.05,4.71,3053.5,3355.2,-3678.44
45730,3557,53,-55.4847,-0.6158,0.0028,0.9998,3944,15665.46,20209.35,4.15,3012.6,3385.28,-3676.78
45740,3461,-77,-238.5284,-0.001,0.7982,0.9928,3731,15694.33,20211.21,1.76,2929.1,3414.58,-3676.9
45750,3458,-143,-250.5667,0.005,0.8022,0.9943,3939,15722.57,20212.51,-0.75,2927.9,3443.8,-3678.81
45760,3458,-176,-218.7705,0.026,0.7954,0.9909,4227,15750.21,20210.84,-2.94,2927.6,3472.89,-3682.21
45770,3461,-170,-164.4195,0.448,0.7973,0.9791,3839,15777.13,20208.47,-4.59,2930.0,3501.88,-3686.58
45780,3495,-100,-21.1735,0.4377,0.2383,0.9903,4044,15803.43,20206.17,-4.8,2960.0,3531.16,-3690.94
45790,3530,-19,73.5137,0.4345,0.0087,1.0018,4465,15829.16,20204.16,-4.07,2989.8,3560.83,-3694.57
45800,3592,29,53.4354,-0.6256,0.6125,0.9886,3990,15854.25,20202.57,-3.54,3042.7,3591.1,-3697.51
45810,3546,52,-35.7675,-0.0253,0.7926,1.0064,4364,15878.71,20201.42,-3.9,3001.7,3621.01,-3700.12
45820,3544,77,-60.353,-0.0003,0.7935,1.0127,4079,15902.62,20200.6,-4.5,3000.5,3650.91,-3702.77
45830,3545,76,-96.7573,0.0143,0.795,0.9904,3867,15925.74,20197.92,-5.47,3000.3,3680.79,-3705.81
45840,3546,49,-134.6279,0.0215,0.788,1.0044,3833,15948.24,20194.94,-6.82,3001.0,3710.57,-3709.66
45850,3547,10,-142.4851,0.4528,0.7978,1.0016,4412,15970.12,20191.88,-8.25,3002.5,3740.21,-3714.55
45860,3615,-10,-73.958,0.4597,-0.0057,0.9816,4051,15991.31,20188.67,-9.0,3061.0,3770.27,-3720.32
45870,3650,-60,-77.4353,-0.1993,-0.0201,1.0028,3891,16011.84,20185.28,-9.77,3089.8,3800.45,-3726.95
45880,3634,-113,-106.8157,-0.633,0.6832,1.0069,3725,16031.73,20181.73,-10.84,3077.4,3830.29,-3734.47
45890,3587,-155,-140.0625,-0.028,0.8129,0.9925,3708,16050.98,20178.1,-12.25,3036.9,3859.5,-3742.85
45900,3585,-152,-110.2952,0.0117,0.8025,1.0025,3998,16069.6,20174.48,-13.35,3035.8,3888.5,-3751.86
45910,3584,-136,-80.1562,-0.0209,0.7974,1.0077,4073,16087.46,20170.45,-14.16,3035.8,3917.37,-3761.23
45920,3585,-106,-53.5719,-0.0699,0.8094,1.0013,3558,16104.41,20165.37,-14.69,3035.7,3946.22,-3770.71
45930,3581,-68,-34.4579,-0.6345,0.777,0.9932,3925,16121.26,20160.46,-15.04,3031.2,3975.05,-3780.1
45940,3531,-23,-22.974,-0.6478,0.7702,0.9999,3954,16138.45,20155.63,-15.28,2990.0,4003.54,-3789.15
45950,3484,48,60.1989,-0.6464,0.1182,1.0081,4170,16156.03,20150.91,-14.68,2948.2,4031.84,-3797.47
45960,3434,86,62.2141,-0.6361,0.0116,1.0034,4070,16173.69,20146.4,-14.06,2905.9,4059.92,-3805.05
45970,3381,105,46.267,-0.6536,0.0059,1.0061,4315,16191.0,20142.14,-13.6,2862.9,4087.67,-3812.08
45980,3331,88,-31.5014,-0.634,0.6473,1.001,4157,16207.88,20138.1,-13.92,2819.2,4115.02,-3819.05
45990,3277,68,-86.9392,-0.6378,0.7215,0.9982,4098,16224.73,20134.11,-14.79,2774.9,4141.81,-3826.3
46000,3278,48,-113.4155,-0.6503,0.7027,1.0096,4258,16242.06,20129.97,-15.92,2774.9,4168.44,-3834.16
46010,3225,11,-138.5025,-0.642,0.691,0.9996,3740,16259.67,20125.18,-17.31,2729.9,4194.37,-3842.74
46020,3171,-32,-158.2623,-0.6735,0.6585,0.9952,4057,16277.17,20118.64,-18.9,2684.1,4219.51,-3852.14
46030,3113,-73,-167.0725,-0.6396,0.6325,1.0084,4099,16294.77,20111.83,-20.57,2637.5,4243.8,-3862.38
46040,3058,-106,-159.1985,-0.6508,0.6153,0.9762,3702,16312.04,20104.91,-22.17,2590.0,4267.24,-3873.38
46050,3004,-94,-52.2166,-0.6495,0.0776,0.9911,4073,16329.04,20097.89,-22.69,2541.7,4290.07,-3884.61
46060,2944,-101,-31.7689,-0.6376,0.0034,0.9868,4459,16346.18,20090.66,-23.02,2492.4,4312.33,-3895.87
46070,2885,-91,-5.7822,-0.6426,-0.0045,0.998,4224,16363.52,20083.27,-23.08,2442.2,4334.12,-3906.93
46080,2824,-58,57.201,-0.6436,0.2118,0.9898,3625,16380.66,20076.0,-22.51,2390.9,4355.58,-3917.48
46090,2761,-25,84.7997,-0.636,0.2173,1.0096,4166,16397.35,20069.03,-21.66,2338.4,4376.79,-3927.33
46100,2697,11,98.1646,-0.642,0.2164,0.9841,4271,16413.63,20062.4,-20.68,2284.8,4397.76,-3936.36
46110,2634,42,105.5151,-0.6488,0.2042,0.9968,4114,16430.07,20056.36,-19.63,2229.8,4418.49,-3944.58
46120,2633,72,107.195,-0.6422,0.1949,0.9864,4420,16447.18,20050.76,-18.56,2229.8,4439.45,-3952.18
46130,2568,94,99.2192,-0.6391,0.18,0.9858,4096,16464.77,20045.21,-17.57,2173.5,4460.1,-3959.02
46140,2499,155,223.5503,-0.6346,0.5666,0.9826,4548,16482.84,20039.68,-15.34,2115.7,4480.47,-3964.77
46150,2428,148,200.7077,-0.6332,0.7621,0.9859,4075,16501.08,20034.19,-13.34,2056.3,4500.45,-3969.62
46160,2358,130,171.8711,-0.6297,0.696,1.0074,4033,16519.15,20028.73,-11.62,1995.0,4519.99,-3973.79
46170,2281,105,146.6715,-0.6264,0.6621,1.0137,3847,16537.72,20025.67,-10.16,1931.9,4538.95,-3977.46
46180,2204,71,128.4093,-0.6549,0.5875,0.9957,3652,16556.7,20023.76,-8.88,1866.6,4557.31,-3980.8
46190,2123,44,130.8061,-0.6268,0.6028,1.0179,4280,16575.53,20021.65,-7.57,1799.0,4575.03,-3983.83
46200,2041,52,209.5879,0.4563,0.799,0.9991,4006,16593.82,20019.37,-5.48,1728.7,4592.13,-3986.31
46210,2101,-3,122.4425,0.4497,0.5606,0.9875,4175,16611.53,20016.97,-4.26,1779.1,4609.77,-3988.67
46220,2160,-13,137.287,0.1066,0.5843,1.0235,4304,16628.83,20014.48,-2.89,1828.3,4627.94,-3990.77
46230,2175,-8,159.2534,-0.6561,0.5987,0.9996,4159,16646.18,20014.54,-1.3,1841.8,4646.29,-3992.41
46240,2094,7,187.6997,-0.627,0.5558,0.9992,3987,16664.01,20015.6,0.58,1773.2,4664.0,-3993.39
46250,2094,32,219.1371,-0.64,0.5529,0.9831,4079,16682.36,20016.76,2.76,1773.2,4681.74,-3993.57
46260,2011,103,351.4465,0.4454,0.7953,1.0081,4010,16701.08,20018.1,6.28,1701.9,4698.73,-3992.54
46270,2071,91,253.439,0.4376,0.5548,0.9695,3884,16719.62,20019.63,8.81,1753.1,4716.15,-3990.49
46280,2128,115,254.1803,0.4637,0.5738,0.9849,3957,16738.02,20021.38,11.35,1802.9,4733.9,-3987.4
46290,2187,137,249.6059,0.4637,0.6113,0.9874,4095,16756.07,20026.38,13.84,1851.4,4751.94,-3983.23
46300,2240,150,234.9714,-0.2013,0.6473,0.995,3841,16774.19,20032.47,16.19,1898.6,4770.2,-3978.07
46310,2218,159,242.748,-0.6375,0.7071,1.0088,4116,16792.19,20038.64,18.61,1878.2,4788.03,-3972.14
46320,2139,153,240.866,0.4638,0.8106,0.9928,4036,16809.68,20044.65,21.01,1811.0,4804.98,-3965.73
46330,2196,104,139.3276,0.443,0.5951,1.0014,3938,16826.59,20050.39,22.41,1859.2,4822.25,-3958.83
46340,2252,78,117.935,-0.4399,0.6229,0.9943,4276,16843.12,20055.86,23.58,1906.3,4839.87,-3951.55
46350,2199,49,106.4456,-0.6337,0.5705,0.9974,3873,16858.52,20063.93,24.64,1861.8,4857.02,-3944.3
46360,2119,23,105.7343,-0.6493,0.564,1.013,3986,16874.18,20072.48,25.7,1794.0,4873.5,-3937.21
46370,2120,13,136.5209,-0.633,0.5424,1.0015,4005,16890.37,20081.08,27.06,1794.0,4889.9,-3929.89
46380,2037,28,222.6516,0.4394,0.7991,0.9908,4054,16906.97,20089.69,29.28,1723.5,4905.43,-3922.39
46390,2095,-6,161.6017,0.4389,0.5499,1.0131,3872,16923.54,20098.16,30.9,1774.1,4921.23,-3914.3
46400,2153,3,187.5744,0.4506,0.5911,1.0054,4015,16940.08,20106.57,32.77,1823.4,4937.18,-3905.46
46410,2210,24,217.2288,0.44,0.6099,0.9885,3782,16954.89,20118.07,34.94,1871.3,4953.13,-3895.68
46420,2267,52,245.1033,-0.1782,0.635,0.9959,3935,16969.76,20130.32,37.39,1918.1,4968.97,-3884.82
46430,2243,111,334.7073,-0.2692,0.8215,0.9958,4060,16984.86,20143.03,40.73,1899.0,4983.85,-3873.02
46440,2211,134,311.9474,0.4442,0.7831,0.9881,3711,17000.13,20156.23,43.85,1872.3,4997.68,-3860.4
46450,2267,146,267.5493,-0.0075,0.6484,0.9844,3794,17015.54,20169.89,46.52,1919.0,5011.08,-3846.65
46460,2265,160,251.2679,-0.6482,0.6226,0.9852,4114,17029.8,20185.22,49.03,1917.8,5023.72,-3832.23
46470,2186,154,224.0522,-0.6469,0.5935,0.9852,4005,17042.42,20202.64,51.27,1852.0,5035.33,-3817.8
46480,2108,144,228.1174,-0.6565,0.5524,0.9912,4088,17055.27,20220.37,53.54,1783.8,5046.03,-3803.5
46490,2024,123,235.9624,0.4418,0.8124,0.9885,4011,17068.47,20238.31,55.9,1712.9,5055.87,-3789.47
46500,2144,61,142.5007,0.4424,0.5668,0.9986,3675,17082.15,20256.46,57.32,1813.4,5066.13,-3774.49
46510,2199,28,140.2659,0.2012,0.5914,1.0088,3909,17094.29,20276.07,58.72,1861.6,5076.49,-3759.03
46520,2226,6,157.4225,-0.6545,0.6199,0.9831,3732,17105.01,20297.1,60.29,1884.7,5086.76,-3743.22
46530,2147,45,302.5861,0.4256,0.7889,1.0096,3783,17116.17,20318.43,63.32,1817.8,5095.97,-3727.53
46540,2205,26,248.9489,0.4475,0.7155,0.9982,4104,17127.63,20340.18,65.8,1865.8,5104.69,-3711.02
46550,2266,62,300.1786,-0.6396,0.6666,1.0089,4117,17139.11,20362.48,68.8,1918.6,5112.61,-3693.54
46560,2187,112,339.1398,-0.6584,0.6206,1.011,4000,17145.65,20387.11,72.19,1852.8,5118.98,-3676.15
46570,2107,162,381.6954,-0.6351,0.5768,1.0037,3942,17151.91,20412.3,76.01,1784.6,5123.7,-3658.95
46580,2084,206,421.6594,0.4293,0.5524,1.0094,3915,17157.85,20437.99,80.22,1764.7,5126.87,-3641.58
46590,2142,179,307.1283,0.439,0.5794,0.9921,3822,17163.61,20464.14,83.29,1814.2,5129.05,-3623.57
46600,2199,159,256.0016,0.2595,0.6095,0.9974,4187,17164.64,20491.3,85.85,1862.4,5130.48,-3605.0
46610,2154,116,219.5528,0.4565,0.7902,0.9986,3822,17165.02,20518.92,88.04,1823.4,5131.42,-3586.79
46620,2209,71,198.7311,0.4365,0.4879,0.9866,3957,17165.84,20546.95,90.02,1871.3,5132.06,-3568.09
46630,2266,1,110.9227,0.4443,0.4723,1.0106,3785,17167.18,20575.41,91.13,1918.0,5132.66,-3548.91
46640,2371,-15,150.8265,0.4483,0.5331,1.0193,4147,17164.74,20604.23,92.64,2008.3,5133.0,-3528.83
46650,2424,6,214.4669,0.4565,0.5505,0.9973,3910,17162.2,20633.53,94.78,2051.9,5132.59,-3508.31
46660,2524,-16,85.6639,0.4432,0.0145,1.0028,4160,17159.45,20663.29,95.63,2136.5,5131.61,-3486.95
46670,2573,37,105.992,0.4445,0.0031,0.9931,3954,17156.21,20693.42,96.69,2177.6,5129.81,-3465.24
46680,2667,100,139.4389,0.4477,0.1898,1.0152,4216,17152.32,20723.95,98.08,2257.4,5126.97,-3442.84
46690,2713,160,210.225,0.4388,0.4153,0.995,4159,17147.89,20754.83,100.18,2296.3,5122.97,-3420.21
46700,2800,137,141.0111,0.4445,0.4351,1.0082,3800,17142.34,20785.91,101.59,2372.2,5118.27,-3396.96
46710,2889,74,69.7288,0.452,0.5001,1.0034,4326,17134.94,20816.55,102.28,2445.8,5113.45,-3372.98
46720,2928,-20,-24.5042,0.4526,0.2928,1.008,4266,17128.18,20846.78,102.03,2481.7,5109.18,-3348.56
46730,3014,-104,-103.993,0.4705,0.0121,1.0011,4021,17122.03,20877.03,100.99,2552.1,5105.68,-3323.27
46740,3056,-115,-54.7125,0.4447,0.0049,1.0132,3995,17116.32,20907.37,100.44,2586.6,5102.62,-3297.57
46750,3132,-42,125.484,0.4327,0.5776,1.0225,3918,17110.68,20937.93,101.69,2654.2,5098.84,-3271.31
46760,3176,45,230.8051,0.4577,0.5955,1.0007,4124,17104.68,20968.86,103.99,2687.3,5093.53,-3244.95
46770,3250,121,266.3324,0.4589,0.6342,1.0179,4069,17095.53,20999.39,106.65,2752.4,5086.32,-3218.39
46780,3326,172,247.679,0.4356,0.4061,1.004,4077,17085.33,21029.44,109.13,2816.1,5077.32,-3191.7
46790,3364,124,48.712,0.4575,0.0227,1.0154,3882,17074.86,21059.04,109.61,2847.3,5067.78,-3164.85
46800,3436,75,-34.6522,0.4483,-0.0055,0.9861,4273,17064.38,21088.64,109.26,2908.9,5058.36,-3137.31
46810,3472,11,-47.2362,0.439,0.1889,1.0,3996,17054.24,21118.4,108.79,2939.2,5049.57,-3109.26
46820,3542,-33,21.5445,0.4517,0.6781,1.0028,4095,17044.58,21148.65,109.0,2998.8,5041.06,-3080.5
46830,3575,-80,50.6281,0.4481,0.7184,0.9882,3837,17034.23,21178.62,109.5,3028.2,5032.68,-3051.41
46840,3646,-70,114.1988,0.4511,0.7471,1.0041,3748,17022.92,21207.62,110.64,3086.2,5023.63,-3021.88
46850,3711,-43,112.6017,0.4541,-0.0016,0.9887,4270,17011.67,21236.22,111.77,3143.1,5013.6,-2992.1
46860,3746,22,101.4113,-0.0552,-0.0034,0.9994,3986,17000.08,21264.58,112.78,3171.1,5002.39,-2962.43
46870,3693,95,112.2284,-0.6376,0.1723,1.0156,3909,16987.93,21292.72,113.9,3128.2,4990.22,-2933.62
46880,3648,182,206.3515,-0.0218,0.7897,0.9926,3858,16975.19,21320.9,115.96,3088.3,4976.78,-2905.79
46890,3645,170,159.7386,-0.001,0.7888,1.0133,3985,16962.05,21349.32,117.55,3086.1,4962.55,-2878.4
46900,3645,104,87.5616,0.0231,0.8022,0.9906,4162,16946.24,21376.8,118.42,3086.3,4948.19,-2851.07
46910,3679,13,31.1674,0.4537,0.6449,0.9918,4078,16930.84,21404.23,118.73,3115.9,4934.08,-2823.3
46920,3713,-110,-110.3002,0.4441,-0.0094,1.0244,4038,16916.07,21431.82,117.63,3144.2,4920.92,-2794.75
46930,3780,-140,-66.1788,-0.3129,0.0071,0.9994,4202,16901.74,21459.65,116.96,3200.0,4908.21,-2765.36
46940,3710,-83,69.7204,-0.0171,0.7914,1.0194,4272,16887.51,21487.67,117.66,3140.1,4895.35,-2736.69
46950,3708,24,221.4407,0.003,0.7896,1.0083,3858,16872.86,21515.99,119.87,3138.7,4881.01,-2708.75
46960,3706,115,263.7641,0.0065,0.8046,0.9927,3622,16856.07,21543.47,122.5,3138.1,4864.87,-2681.84
46970,3709,177,250.8391,0.4611,0.7931,0.9869,4091,16837.71,21569.73,125.01,3139.0,4847.08,-2655.96
46980,3773,151,93.2802,-0.1542,-0.0132,1.0055,4163,16819.22,21595.42,125.94,3194.9,4828.34,-2630.07
46990,3716,89,-27.1336,-0.6349,0.0131,0.9795,3901,16800.68,21621.06,125.66,3145.6,4810.11,-2604.41
47000,3670,12,-72.1964,-0.6335,0.0492,0.9907,4253,16782.4,21646.93,124.94,3105.9,4792.85,-2578.57
47010,3618,-23,34.6074,-0.0178,0.7964,1.0223,3649,16764.45,21673.4,125.28,3064.1,4776.2,-2552.86
47020,3618,-73,61.0207,0.0021,0.7941,1.0111,3832,16746.14,21700.0,125.89,3063.3,4759.7,-2527.04
47030,3620,-66,126.1432,0.4399,0.8004,0.9744,3720,16726.41,21725.12,127.15,3064.3,4742.74,-2501.49
47040,3686,-30,143.3436,0.4519,0.017,0.9968,4287,16706.88,21749.87,128.57,3121.6,4724.62,-2476.07
47050,3721,21,103.8087,0.4741,-0.0075,1.0008,3902,16687.07,21774.29,129.61,3149.8,4705.41,-2451.1
47060,3746,103,114.736,-0.6378,0.2432,1.0062,4343,16666.76,21798.33,130.76,3170.0,4685.06,-2426.77
47070,3696,189,218.5337,-0.0374,0.789,1.0055,4096,16645.85,21822.22,132.94,3130.6,4663.78,-2403.81
47080,3695,169,153.8933,-0.0059,0.8096,1.0005,3999,16624.33,21846.02,134.47,3128.7,4641.86,-2381.46
47090,3697,95,78.3443,0.0191,0.7907,0.9982,3950,16601.04,21867.89,135.25,3128.9,4619.92,-2359.14
47100,3730,-2,4.084,0.4449,0.5853,0.9754,4088,16578.46,21889.79,135.29,3158.1,4598.19,-2336.22
47110,3795,-117,-108.2748,0.4262,-0.001,1.0073,3939,16556.36,21912.1,134.21,3213.7,4576.99,-2312.07
47120,3826,-139,-60.0657,-0.6513,0.006,0.9826,4231,16534.6,21934.76,133.6,3240.4,4556.11,-2287.28
47130,3736,-59,128.063,-0.0418,0.7973,1.0066,4094,16512.8,21957.65,134.88,3162.9,4535.15,-2263.57
47140,3736,33,226.7209,-0.0051,0.7948,1.0132,3963,16490.5,21980.66,137.14,3161.8,4512.93,-2241.05
47150,3737,122,261.809,0.0171,0.8068,0.9864,4112,16465.87,22001.24,139.76,3161.9,4489.28,-2220.04
47160,3767,178,236.3551,0.4575,0.3685,0.9898,4307,16440.94,22020.96,142.12,3190.9,4464.22,-2200.29
47170,3803,134,41.4638,0.4554,-0.018,0.9995,3847,16415.85,22040.29,142.53,3218.6,4438.64,-2180.71
47180,3808,82,-34.763,-0.6306,-0.0031,1.012,3926,16390.72,22059.63,142.18,3223.1,4413.27,-2160.79
47190,3762,31,-1.5682,-0.6255,0.6126,0.9999,4321,16365.65,22079.4,142.16,3184.4,4388.55,-2140.71
47200,3713,-36,27.2529,0.003,0.7965,1.013,4103,16340.87,22099.76,142.43,3144.2,4364.47,-2120.49
47210,3714,-81,57.2187,0.0226,0.7833,0.981,3943,16315.33,22118.43,143.0,3144.0,4340.49,-2100.14
47220,3716,-71,121.0021,0.4486,0.7791,1.0045,4126,16290.05,22136.51,144.21,3146.0,4316.13,-2080.2
47230,3782,-57,70.7631,0.4447,-0.0238,0.9991,4347,16264.82,22154.44,144.91,3201.8,4290.92,-2060.45
47240,3815,22,103.4526,-0.5012,0.0037,0.9931,3978,16239.35,22172.01,145.95,3229.4,4264.79,-2041.45
47250,3732,123,174.4149,-0.3108,0.8071,0.9939,3924,16213.41,22189.17,147.69,3159.9,4238.33,-2024.18
47260,3710,189,219.8123,-0.0278,0.7871,1.0106,3649,16186.81,22206.11,149.88,3140.8,4211.17,-2008.38
47270,3708,167,151.3823,0.0217,0.7758,1.0065,3709,16158.92,22221.67,151.39,3140.0,4183.59,-1993.34
47280,3711,94,77.33,0.0264,0.7923,0.998,3673,16130.06,22236.35,152.16,3140.7,4155.99,-1978.33
47290,3744,-34,-68.705,0.4421,0.0045,1.0167,3689,16101.03,22251.73,151.47,3170.4,4128.64,-1962.3
47300,3810,-126,-111.3918,-0.2934,-0.0122,0.9985,3804,16071.97,22267.92,150.36,3225.8,4101.46,-1944.9
47310,3789,-115,10.3766,-0.6383,0.2018,1.0053,4183,16042.78,22284.75,150.46,3207.1,4074.56,-1927.4
47320,3739,-29,182.7262,-0.0191,0.7866,0.9916,3660,16013.66,22301.62,152.28,3166.8,4047.39,-1911.14
47330,3740,63,248.1503,0.0171,0.7893,1.0166,4135,15983.96,22316.12,154.76,3166.4,4019.27,-1896.58
47340,3742,148,267.7241,0.4478,0.8029,1.0014,4103,15953.69,22328.89,157.44,3167.4,3990.21,-1883.93
47350,3807,150,115.9071,-0.1718,-0.0392,1.0032,3867,15923.22,22341.08,158.59,3222.8,3960.21,-1872.12
47360,3747,120,14.2099,-0.6329,0.0053,0.9943,4185,15892.5,22353.03,158.73,3174.4,3930.62,-1860.64
47370,3702,74,11.9101,-0.6447,0.3641,1.0055,4122,15861.48,22365.28,158.85,3135.1,3901.51,-1849.01
47380,3655,6,38.8095,-0.0005,0.7877,1.0058,3996,15830.33,22378.2,159.23,3094.0,3872.93,-1837.13
47390,3655,-64,44.6945,0.0287,0.802,0.9887,3891,15798.55,22389.56,159.67,3093.9,3844.5,-1824.9
47400,3655,-74,104.8902,0.4428,0.7847,1.0232,4425,15766.62,22400.56,160.72,3095.1,3815.94,-1812.94
47410,3721,-79,40.9746,0.4457,-0.0056,1.0085,3735,15734.62,22411.64,161.13,3151.8,3786.72,-1801.14
47420,3788,16,118.9661,0.4388,0.2244,1.0112,3893,15702.16,22422.43,162.31,3207.5,3756.54,-1790.28
47430,3854,155,266.0036,0.4545,0.7622,0.9901,3826,15669.05,22432.67,164.97,3262.3,3725.15,-1781.36
47440,3886,198,225.8727,0.4444,0.7886,0.9821,3922,15635.05,22441.31,167.23,3289.3,3693.05,-1774.1
47450,3945,165,139.5783,0.4556,0.8141,0.995,3773,15600.11,22448.0,168.62,3339.9,3660.29,-1767.49
47460,4008,33,-47.2004,-0.6105,0.0108,0.9977,3764,15564.84,22455.07,168.14,3392.5,3627.2,-1759.98
47470,3922,-93,-133.5197,-0.6181,0.161,1.0146,4007,15529.3,22462.96,166.81,3319.9,3595.19,-1751.11
47480,3874,-91,47.8519,-0.022,0.8135,1.0063,3714,15493.52,22471.72,167.28,3281.0,3563.65,-1742.08
47490,3874,-63,146.6363,0.0056,0.7916,1.0106,3939,15457.13,22479.86,168.74,3280.5,3531.9,-1733.78
47500,3876,39,248.8426,0.4318,0.7886,0.9901,3715,15419.83,22485.71,171.23,3281.4,3499.7,-1727.41
47510,3939,107,178.7388,0.4581,-0.0163,0.9983,3796,15381.98,22490.82,173.01,3335.0,3466.68,-1722.74
47520,4001,159,121.781,-0.1029,0.0373,1.0173,3534,15343.58,22495.12,174.23,3387.7,3432.96,-1719.33
47530,3992,174,154.4455,-0.0143,0.8129,0.9934,4118,15304.72,22499.1,175.77,3380.1,3399.24,-1716.86
47540,3991,60,49.9593,0.0186,0.7917,0.9932,4252,15265.34,22501.61,176.27,3379.5,3365.57,-1714.04
47550,4022,-61,-1.0195,0.4398,0.7561,1.0192,4155,15225.48,22503.71,176.26,3406.3,3331.71,-1710.34
47560,4084,-158,-89.4323,0.4487,-0.0003,1.0017,4259,15185.18,22506.73,175.36,3457.9,3297.46,-1705.51
47570,4144,-76,81.5335,0.4512,0.4799,0.9795,3761,15144.45,22510.0,176.17,3508.7,3262.61,-1701.28
47580,4203,76,231.011,0.4511,0.5656,1.0006,4013,15103.22,22512.56,178.48,3558.9,3227.09,-1699.25
47590,4261,185,243.5185,0.4604,0.5651,1.0008,4177,15061.47,22512.11,180.91,3608.3,3191.0,-1699.6
47600,4317,169,88.1097,0.4646,0.0406,1.0023,3814,15019.3,22510.9,181.79,3657.1,3154.46,-1700.86
47610,4404,46,-80.843,0.44,0.0041,0.9929,4021,14976.76,22509.8,180.98,3729.0,3117.16,-1701.09
47620,4461,-100,-153.5144,0.457,0.0179,1.0126,3922,14934.23,22509.64,179.44,3776.2,3079.44,-1699.29
47630,4516,-174,-111.2565,0.4536,0.0168,0.9998,3896,14892.16,22510.52,178.32,3822.8,3041.33,-1695.98
47640,4571,-122,9.5112,0.4518,0.0032,1.0015,3915,14850.7,22511.78,178.42,3868.9,3002.75,-1692.76
47650,4623,14,119.2793,0.4416,-0.0098,0.9896,4087,14809.86,22512.53,179.61,3914.4,2963.64,-1691.14
47660,4675,138,144.5517,0.4366,-0.0211,0.9994,4086,14769.64,22512.28,181.05,3959.4,2924.05,-1691.48
47670,4729,177,74.0346,0.4329,-0.0075,0.9891,3836,14730.03,22511.24,181.79,4003.9,2884.02,-1692.87
47680,4781,101,-40.3282,0.459,0.0065,1.0087,3791,14691.05,22510.1,181.38,4047.9,2843.53,-1693.7
47690,4833,-37,-125.1743,0.4481,-0.0037,0.9985,4122,14652.67,22509.57,180.13,4091.4,2802.62,-1692.73
47700,4883,-151,-132.1107,0.4479,0.0084,1.017,3893,14614.53,22509.94,178.8,4134.5,2761.37,-1689.86
47710,4933,-178,-59.6972,0.451,0.0005,0.9988,4150,14576.39,22511.0,178.2,4177.1,2719.76,-1686.08
47720,4960,-95,49.6317,0.4555,0.0015,1.0057,4063,14538.02,22512.1,178.7,4198.3,2677.86,-1683.0
47730,5008,49,131.1302,0.4143,0.0122,1.0156,3962,14499.19,22512.56,180.01,4240.3,2635.48,-1681.84
47740,5029,186,188.0961,0.0182,0.5203,0.9974,3825,14460.29,22512.09,-178.12,4259.0,2592.91,-1683.04
47750,5013,198,109.3841,-0.6492,0.4917,1.0198,3783,14421.98,22510.51,-177.03,4244.6,2550.51,-1685.41
47760,4945,106,0.4452,-0.6265,0.4995,1.0154,4006,14384.33,22508.22,-177.02,4185.7,2508.68,-1687.33
47770,4871,-51,-115.7901,-0.6378,-0.006,1.009,3972,14347.23,22506.61,-178.18,4126.1,2467.43,-1687.44
47780,4801,-154,-122.9956,-0.6405,0.0061,0.9946,3859,14310.28,22505.86,-179.42,4065.5,2426.81,-1685.82
47790,4728,-166,-47.9493,-0.6385,0.0104,1.0081,4028,14273.3,22505.69,-179.9,4004.1,2386.82,-1683.54
47800,4654,-81,55.2594,-0.619,0.004,0.9915,4081,14236.05,22505.5,-179.35,3941.6,2347.44,-1682.05
47810,4616,52,129.0549,-0.6386,0.0181,1.0077,4066,14198.39,22504.67,-178.06,3910.0,2308.36,-1682.35
47820,4543,179,200.0393,-0.6287,0.6416,1.0257,4014,14160.29,22502.93,-176.06,3846.1,2269.96,-1684.83
47830,4503,203,167.0956,-0.006,0.7662,0.9881,4182,14121.8,22500.42,-174.4,3813.2,2232.02,-1688.71
47840,4505,111,56.2731,0.0254,0.7923,1.0091,4443,14083.14,22495.56,-173.84,3813.4,2194.06,-1692.54
47850,4534,-46,-76.8326,0.451,0.1826,0.9998,3885,14044.65,22491.45,-174.61,3837.4,2155.75,-1694.96
47860,4586,-160,-122.2236,0.4577,0.0008,1.001,4285,14006.43,22488.29,-175.83,3883.3,2116.92,-1695.77
47870,4598,-156,-34.8379,-0.6355,0.0093,1.0123,3861,13968.18,22485.68,-176.18,3892.4,2077.97,-1696.1
47880,4521,-55,74.1013,-0.6403,-0.0024,1.0018,4100,13929.8,22482.93,-175.45,3828.2,2039.71,-1697.42
47890,4444,79,139.7253,-0.6271,0.0178,1.0038,4023,13891.08,22479.38,-174.05,3762.9,2002.21,-1700.54
47900,4365,185,183.8557,-0.02,0.8144,1.0018,3783,13852.03,22474.87,-172.22,3696.4,1965.58,-1705.54
47910,4363,190,149.0965,0.0033,0.8025,0.9925,3881,13813.14,22469.87,-170.73,3695.0,1929.13,-1711.65
47920,4367,78,38.7008,0.4297,0.7777,0.9912,3958,13775.19,22462.62,-170.35,3695.7,1892.6,-1717.41
47930,4422,-68,-65.7924,0.441,-0.0158,1.0011,4063,13737.74,22456.22,-171.01,3743.3,1855.43,-1721.91
47940,4476,-163,-105.316,0.4855,-0.0032,1.0113,3731,13700.65,22450.74,-172.06,3790.3,1817.66,-1725.1
47950,4507,-139,-11.9468,0.4414,-0.0003,0.9774,4332,13663.57,22445.67,-172.19,3813.6,1779.6,-1728.15
47960,4559,-35,88.3395,0.4461,-0.0004,0.9991,4277,13626.47,22440.33,-171.31,3859.8,1741.23,-1732.41
47970,4613,96,138.653,-0.1619,0.0127,0.99,4254,13589.15,22434.17,-169.92,3905.4,1702.67,-1738.6
47980,4565,182,141.3118,-0.6187,0.3823,1.0057,4051,13551.53,22427.08,-168.51,3864.9,1664.79,-1746.38
47990,4524,180,126.2024,0.001,0.8186,1.0068,4170,13513.57,22419.51,-167.25,3832.0,1627.45,-1754.95
48000,4525,64,21.1108,0.0063,0.802,0.9909,3693,13475.83,22410.43,-167.04,3832.0,1589.99,-1763.02
48010,4554,-73,-45.2456,0.4643,0.4194,0.9936,4026,13438.58,22401.69,-167.5,3855.7,1552.05,-1769.91
48020,4607,-172,-97.3949,0.4346,0.0103,0.9986,4147,13401.57,22393.86,-168.48,3901.4,1513.44,-1775.57
48030,4662,-134,1.8476,-0.2271,-0.0098,0.9732,3838,13364.55,22386.37,-168.46,3946.5,1474.38,-1781.33
48040,4610,-17,100.196,-0.6348,0.0008,0.9835,3833,13327.53,22378.52,-167.46,3903.7,1435.98,-1788.36
48050,4574,111,140.4222,-0.6217,0.0234,0.977,3648,13290.32,22369.76,-166.06,3871.8,1398.27,-1797.2
48060,4496,174,110.4582,-0.6509,-0.0129,0.9823,3846,13252.86,22360.08,-164.96,3807.2,1361.53,-1807.22
48070,4418,166,114.4469,-0.014,0.7992,0.996,3862,13215.07,22350.0,-163.82,3741.5,1325.61,-1817.72
48080,4416,41,13.6034,0.022,0.8056,0.9908,3903,13177.52,22338.85,-163.69,3740.9,1289.55,-1827.59
48090,4419,-81,-21.4312,0.437,0.7997,1.0048,3729,13140.55,22327.7,-163.9,3742.1,1253.19,-1836.43
48100,4475,-166,-81.4734,0.4471,0.0031,0.9862,3721,13103.86,22317.45,-164.72,3789.1,1216.12,-1844.36
48110,4532,-110,23.8749,0.4627,0.0193,1.0097,4034,13067.26,22307.43,-164.48,3835.6,1178.65,-1852.69
48120,4585,13,114.9164,0.4511,0.0075,1.0108,3909,13030.78,22296.95,-163.34,3881.5,1141.13,-1862.63
48130,4576,131,138.1094,-0.6281,-0.0126,0.9941,3723,12994.27,22285.53,-161.96,3874.2,1104.19,-1874.33
48140,4500,168,77.1208,-0.6361,0.1699,1.0006,4193,12957.56,22273.24,-161.19,3809.6,1068.17,-1886.81
48150,4459,144,88.713,-0.0037,0.7916,0.9989,4031,12920.51,22260.68,-160.31,3776.1,1032.61,-1899.52
48160,4459,13,-1.875,0.0012,0.7905,0.9924,3728,12883.78,22247.57,-160.33,3775.9,996.78,-1911.43
48170,4488,-96,-13.6257,0.4605,0.6394,1.0166,3996,12847.74,22234.25,-160.47,3799.8,960.42,-1922.49
48180,4542,-163,-51.8247,0.4712,0.0039,1.0164,4361,12812.0,22221.78,-160.99,3846.2,923.39,-1932.93
48190,4569,-93,43.4919,0.454,0.0196,1.0097,3877,12776.53,22209.47,-160.56,3869.1,886.31,-1944.01
48200,4624,35,123.4308,0.4615,-0.0045,1.002,3727,12741.27,22196.63,-159.33,3914.6,849.32,-1956.81
48210,4633,143,131.6799,-0.6397,0.0016,1.0166,4404,12706.15,22182.89,-158.01,3921.8,812.87,-1971.33
48220,4556,167,61.7661,-0.6301,-0.009,0.9865,3606,12670.87,22168.37,-157.4,3858.1,777.33,-1986.39
48230,4479,120,48.4767,-0.0156,0.8126,0.996,3903,12635.21,22153.63,-156.92,3793.2,742.41,-2001.19
48240,4480,-3,-9.2841,0.0036,0.7876,1.0096,3970,12599.31,22138.8,-157.01,3792.4,707.13,-2015.13
48250,4480,-106,-9.8582,0.4605,0.8096,0.9907,4254,12564.07,22123.21,-157.12,3793.4,671.51,-2028.19
48260,4536,-148,-14.0452,0.4476,0.0036,1.006,4182,12529.09,22108.43,-157.26,3839.8,635.29,-2041.03
48270,4589,-77,57.2207,0.4288,-0.004,1.0046,4410,12494.36,22093.73,-156.69,3885.6,598.93,-2054.74
48280,4643,53,129.431,-0.3403,-0.0046,1.0016,4193,12460.03,22078.5,-155.4,3931.0,562.81,-2070.26
48290,4621,151,124.1803,-0.6505,-0.0038,1.0011,3994,12426.59,22062.72,-154.16,3914.2,527.56,-2087.25
48300,4548,159,50.0369,-0.6356,0.0003,0.9894,4003,12393.94,22046.68,-153.66,3850.3,493.14,-2104.55
48310,4472,107,7.8245,-0.6382,0.7466,1.0084,3552,12361.86,22030.91,-153.59,3785.4,459.2,-2121.36
48320,4433,10,-4.1581,0.0138,0.7929,1.0051,3874,12330.13,22015.91,-153.63,3752.0,425.21,-2137.28
48330,4433,-87,-12.4034,0.0167,0.7986,0.9948,4221,12299.43,22000.22,-153.76,3751.9,390.86,-2152.42
48340,4433,-123,36.403,0.4723,0.7903,1.0024,3849,12269.23,21984.91,-153.4,3753.2,356.41,-2167.35
48350,4487,-120,15.3305,0.4488,-0.0127,0.995,3341,12239.48,21970.01,-153.25,3800.1,321.62,-2182.66
48360,4515,-26,87.9509,0.4342,-0.0064,1.0101,3862,12210.4,21955.1,-152.37,3823.4,287.11,-2199.11
48370,4571,80,118.3826,0.4532,0.0052,0.9821,3561,12182.2,21939.97,-151.19,3869.4,252.9,-2217.21
48380,4608,149,97.3517,-0.6385,0.0113,1.0103,4088,12154.8,21924.57,-150.22,3900.4,219.03,-2236.6
48390,4569,158,37.8228,-0.6244,0.0157,0.9996,4210,12128.16,21909.17,-149.84,3868.5,185.71,-2256.29
48400,4494,105,-32.9762,-0.6307,0.2109,0.9946,4025,12102.02,21894.05,-150.18,3803.8,152.73,-2275.28
48410,4454,46,1.0517,-0.0307,0.8002,0.9964,4485,12076.31,21879.56,-150.17,3771.1,119.75,-2293.59
48420,4451,-45,-15.8398,-0.1287,0.7959,1.0092,4081,12050.87,21865.79,-150.33,3769.9,86.41,-2311.16
48430,4443,-106,0.8875,-0.6403,0.7979,0.9967,3901,12026.61,21851.34,-150.32,3763.1,52.87,-2328.2
48440,4405,-120,46.1038,-0.6444,0.7788,0.9981,3835,12002.74,21837.27,-149.87,3730.0,19.61,-2345.13
48450,4327,-109,38.1013,-0.6229,-0.0013,0.9804,3793,11979.39,21823.58,-149.49,3662.9,-12.89,-2362.06
48460,4287,-48,65.0218,-0.6504,-0.0052,1.0088,4057,11956.68,21810.04,-148.84,3628.9,-44.69,-2379.57
48470,4244,30,92.0291,-0.6429,-0.0046,0.9989,4200,11934.67,21796.5,-147.92,3594.5,-75.6,-2397.89
48480,4163,94,91.8436,-0.6425,-0.0081,1.0027,4381,11913.42,21782.93,-147.01,3524.9,-105.35,-2416.81
48490,4122,133,67.3126,-0.6337,-0.005,1.0039,4111,11892.9,21769.43,-146.34,3489.5,-134.35,-2436.23
48500,4079,138,27.8474,-0.6295,-0.0194,1.006,3728,11872.99,21756.08,-146.06,3453.8,-162.87,-2455.74
48510,4036,110,-15.7443,-0.6272,0.0111,0.9919,4212,11853.47,21742.97,-146.23,3417.7,-191.19,-2474.9
48520,3992,55,-53.7893,-0.6374,0.002,0.9908,3877,11833.96,21730.04,-146.77,3381.2,-219.55,-2493.29
48530,3905,17,-5.8256,-0.6547,0.6012,1.0035,4313,11814.32,21717.36,-146.83,3307.1,-247.55,-2510.87
48540,3859,-45,-12.6137,-0.64,0.6048,0.9986,4059,11794.43,21704.94,-146.96,3269.4,-275.53,-2527.75
48550,3815,-88,1.3815,-0.6312,0.6017,0.9832,3940,11774.59,21692.12,-146.94,3231.2,-303.4,-2544.09
48560,3772,-102,33.2707,-0.6276,0.5685,0.9963,3967,11755.07,21678.76,-146.61,3192.6,-330.98,-2560.22
48570,3724,-86,74.9638,-0.6357,0.5646,0.9989,3794,11735.52,21665.5,-145.87,3153.5,-358.01,-2576.49
48580,3678,-66,48.4671,-0.6381,0.1879,1.0243,4022,11716.01,21652.16,-145.39,3114.0,-384.43,-2592.98
48590,3583,-9,74.0995,-0.6408,0.0037,1.0062,3836,11696.61,21638.59,-144.65,3033.3,-409.74,-2609.7
48600,3535,52,88.9417,-0.6336,0.0032,0.9969,3894,11677.27,21624.65,-143.76,2992.1,-434.19,-2626.97
48610,3487,95,81.2912,-0.6276,0.0182,1.0015,4119,11658.26,21610.49,-142.95,2950.4,-457.84,-2644.65
48620,3434,119,54.3862,-0.6303,-0.0017,1.0019,3970,11639.53,21596.2,-142.41,2908.0,-480.78,-2662.53
48630,3384,111,15.1426,-0.6247,-0.008,0.9972,4149,11620.88,21581.79,-142.26,2865.1,-503.31,-2680.26
48640,3281,77,-27.7327,-0.6319,-0.0012,1.013,3931,11602.19,21567.38,-142.54,2777.2,-525.3,-2697.24
48650,3226,25,-64.0964,-0.6369,-0.0041,0.985,3894,11583.33,21553.09,-143.19,2732.2,-547.3,-2713.44
48660,3174,-47,-128.7481,-0.6305,0.3243,1.0061,4051,11564.43,21539.16,-144.48,2686.4,-569.52,-2728.56
48670,3119,-98,-142.884,-0.6375,0.2967,1.0035,4135,11545.44,21525.6,-145.91,2639.8,-591.92,-2742.54
48680,3062,-126,-123.6176,-0.6446,0.2928,1.0027,3977,11526.15,21512.48,-147.15,2592.4,-614.37,-2755.53
48690,3004,-128,-89.1212,-0.6497,0.2868,1.0012,3742,11506.18,21500.35,-148.04,2544.2,-636.66,-2767.81
48700,2888,-101,-47.4197,-0.6385,0.2695,0.9928,4288,11486.02,21488.16,-148.52,2444.7,-658.15,-2779.49
48710,2827,-90,-85.1058,-0.6426,0.8114,1.0067,4273,11465.91,21475.85,-149.38,2393.5,-679.26,-2790.79
48720,2766,-62,-112.9551,-0.0195,0.8013,1.0078,4026,11446.06,21463.37,-150.51,2341.1,-699.97,-2801.71
48730,2763,-15,-104.4655,-0.0014,0.825,1.0061,3917,11426.3,21450.76,-151.56,2339.1,-720.69,-2812.57
48740,2763,18,-116.6086,0.0128,0.8005,1.0059,4352,11404.88,21441.21,-152.72,2339.0,-741.49,-2823.29
48750,2765,29,-147.2703,0.0353,0.8024,0.9989,3734,11383.38,21431.34,-154.2,2340.8,-762.5,-2833.65
48760,2810,18,-184.7128,-0.1948,0.7829,1.0086,4233,11361.88,21421.36,-156.05,2378.7,-784.17,-2843.5
48770,2792,-17,-225.918,-0.0215,0.7943,1.0115,3860,11340.47,21411.5,-158.31,2363.6,-806.12,-2852.28
48780,2789,-64,-259.2454,0.0075,0.8017,0.9936,4228,11318.95,21401.84,-160.91,2361.7,-828.52,-2859.76
48790,2791,-110,-275.6381,0.0187,0.8021,1.0041,3996,11296.12,21396.05,-163.67,2361.5,-851.36,-2865.84
48800,2792,-151,-272.4441,0.0368,0.8031,0.9994,4250,11272.97,21390.75,-166.4,2363.3,-874.54,-2870.49
48810,2837,-168,-242.3452,-0.5578,0.7735,0.9969,3926,11249.68,21385.72,-168.82,2404.0,-898.31,-2873.97
48820,2785,-165,-209.8122,-0.0298,0.7934,0.988,4034,11226.52,21380.9,-170.92,2357.1,-921.77,-2876.45
48830,2781,-138,-167.0245,-0.0123,0.8064,0.9831,3609,11203.41,21376.07,-172.6,2355.1,-945.25,-2878.34
48840,2781,-94,-129.6667,0.0209,0.801,1.0017,4056,11179.86,21374.41,-173.9,2354.9,-968.75,-2879.94
48850,2782,-44,-106.3147,0.0446,0.8085,1.0004,4385,11156.29,21373.06,-174.96,2356.6,-992.25,-2881.46
48860,2787,1,-98.2396,0.1947,0.8047,1.0137,4181,11132.95,21371.36,-175.95,2360.1,-1015.8,-2882.94
48870,2756,22,-122.9609,-0.0345,0.7995,0.9895,4039,11109.81,21369.36,-177.18,2333.7,-1039.11,-2884.15
48880,2752,27,-156.4517,-0.0161,0.8006,1.0063,3875,11086.66,21367.14,181.25,2331.5,-1062.41,-2884.88
48890,2752,8,-197.9085,0.0099,0.7898,1.0049,3827,11063.49,21367.66,179.27,2331.3,-1085.72,-2884.77
48900,2756,-29,-238.7357,0.0383,0.7924,1.0051,3958,11040.19,21369.5,176.88,2332.9,-1109.03,-2883.5
48910,2760,-76,-266.4389,0.4441,0.8161,0.9754,3770,11016.61,21371.63,174.21,2336.5,-1132.25,-2880.84
48920,2806,-125,-280.6979,-0.2921,0.7772,0.9967,3814,10992.91,21374.13,171.4,2374.2,-1155.63,-2876.62
48930,2776,-159,-271.2353,0.0103,0.7984,1.0021,4166,10969.28,21376.97,168.69,2349.5,-1178.46,-2871.03
48940,2775,-171,-242.4179,0.0203,0.8072,0.9852,4073,10946.17,21382.43,166.26,2349.2,-1200.98,-2864.31
48950,2776,-160,-201.0161,0.0366,0.7888,1.0043,3861,10923.42,21389.62,164.25,2350.8,-1223.25,-2856.75
48960,2781,-125,-149.2843,0.4287,0.7924,1.0069,3431,10900.86,21396.69,162.75,2354.3,-1245.4,-2848.74
48970,2824,-82,-120.0564,-0.4694,0.7899,1.0044,4134,10878.57,21403.44,161.55,2391.6,-1267.81,-2840.4
48980,2779,-33,-102.7078,-0.0285,0.7881,1.0163,3965,10856.28,21409.87,160.52,2351.4,-1289.84,-2832.13
48990,2776,5,-105.3379,0.0198,0.7862,1.0034,4402,10834.5,21417.65,159.46,2351.0,-1311.81,-2823.77
49000,2780,28,-127.2296,0.0317,0.8022,0.9972,4108,10813.26,21427.19,158.19,2352.5,-1333.72,-2815.15
49010,2782,28,-164.5263,0.44,0.7945,0.9871,4069,10791.71,21436.68,156.54,2355.9,-1355.44,-2806.01
49020,2826,4,-202.38,-0.3182,0.7953,1.0051,3669,10770.0,21446.22,154.51,2393.2,-1377.12,-2795.86
49030,2797,-41,-246.1045,-0.0429,0.7906,1.0089,3992,10748.31,21455.92,152.05,2367.1,-1398.01,-2784.7
49040,2794,-90,-271.7784,0.0219,0.8143,0.9825,3940,10727.42,21467.05,149.33,2364.4,-1418.15,-2772.29
49050,2795,-134,-277.539,0.0317,0.7963,0.9968,4026,10708.01,21480.78,146.55,2365.8,-1437.47,-2758.63
49060,2799,-164,-260.3049,-0.1657,0.801,1.004,3839,10688.87,21494.73,143.94,2369.1,-1455.99,-2743.83
49070,2783,-170,-227.4784,-0.3608,0.7885,0.9982,3871,10670.14,21508.66,141.66,2355.5,-1473.71,-2728.28
49080,2746,-154,-189.7199,-0.0233,0.8015,1.0069,4095,10651.6,21522.55,139.76,2325.8,-1490.68,-2712.37
49090,2744,-118,-150.0079,-0.0071,0.809,1.0064,4155,10633.58,21536.98,138.26,2323.3,-1507.33,-2696.16
49100,2746,-73,-119.7563,0.0428,0.7872,0.9929,4041,10617.44,21553.67,137.06,2324.4,-1523.86,-2679.81
49110,2750,-25,-106.8462,0.4398,0.8082,1.0071,3744,10600.89,21570.31,135.99,2327.8,-1540.36,-2663.38
49120,2794,17,-105.3941,0.1879,0.7775,1.0017,4147,10583.83,21586.95,134.93,2365.5,-1557.06,-2646.62
49130,2812,31,-134.7704,-0.0194,0.7812,1.0014,4235,10566.46,21603.49,133.58,2379.9,-1573.63,-2629.51
49140,2809,22,-175.9884,-0.0073,0.7813,1.0087,3733,10549.3,21620.27,131.82,2377.6,-1589.69,-2611.95
49150,2809,-10,-220.2336,0.042,0.795,0.9875,4045,10534.81,21639.38,129.61,2378.5,-1604.96,-2593.71
49160,2813,-54,-254.3566,-0.0141,0.7978,1.0103,3950,10520.57,21658.49,127.07,2381.6,-1619.2,-2574.62
49170,2810,-99,-266.5127,-0.6368,0.7713,1.0055,3855,10506.82,21677.48,124.4,2380.6,-1632.25,-2554.72
49180,2749,-144,-275.4984,-0.0237,0.7946,0.9977,4000,10493.46,21696.52,121.64,2327.9,-1643.75,-2534.49
49190,2747,-166,-255.6922,-0.0023,0.7913,0.9897,4254,10480.37,21715.71,119.08,2325.3,-1654.12,-2513.66
49200,2747,-167,-221.0708,0.0267,0.7885,0.9957,4005,10470.86,21736.98,116.86,2324.7,-1663.56,-2492.39
49210,2750,-148,-180.5349,0.3926,0.8042,0.9882,3664,10461.38,21758.45,115.06,2329.4,-1672.38,-2470.83
49220,2791,-106,-137.6518,0.1131,0.7922,0.9928,4000,10451.8,21779.82,113.68,2362.2,-1681.01,-2448.83
49230,2802,-57,-106.6491,-0.0237,0.7977,1.0005,3968,10442.04,21800.93,112.61,2371.7,-1689.56,-2426.7
49240,2799,-13,-98.8668,0.0269,0.7969,0.9916,4090,10431.96,21821.88,111.62,2369.3,-1698.04,-2404.57
49250,2799,22,-111.0431,0.0239,0.7912,0.9936,4561,10424.61,21843.9,110.5,2368.7,-1706.41,-2382.39
49260,2798,32,-141.4115,0.0491,0.8038,0.9887,4000,10417.55,21866.26,109.09,2370.0,-1714.4,-2360.08
49270,2804,21,-179.4386,-0.6444,0.7885,1.003,4105,10410.23,21889.05,107.29,2374.1,-1721.72,-2337.48
49280,2742,-24,-242.2147,-0.0556,0.7903,0.9997,3906,10402.84,21912.33,104.86,2321.3,-1727.78,-2315.06
49290,2738,-76,-282.7123,-0.011,0.8263,0.9803,3846,10395.56,21936.11,102.03,2318.6,-1732.41,-2292.35
49300,2737,-129,-303.8646,-0.0095,0.7929,1.0129,4187,10392.01,21961.08,98.99,2317.9,-1735.45,-2269.37
49310,2743,-170,-299.2875,0.4621,0.8035,0.9925,3913,10389.65,21986.73,96.0,2322.4,-1736.94,-2246.19
49320,2786,-180,-258.9365,0.456,0.7704,1.0088,4019,10387.58,22012.83,93.4,2360.2,-1737.17,-2222.59
49330,2832,-163,-207.7849,0.0188,0.8003,1.0114,4339,10385.61,22039.31,91.32,2397.4,-1736.54,-2198.61
49340,2832,-120,-158.0877,0.0136,0.7964,1.021,4055,10384.36,22066.19,89.74,2398.8,-1735.45,-2174.66
49350,2833,-60,-121.8929,0.0285,0.7814,1.0108,4214,10386.31,22093.57,88.52,2399.9,-1734.25,-2150.7
49360,2840,-5,-109.1215,-0.323,0.7974,0.9895,4178,10387.8,22121.36,87.42,2402.7,-1733.01,-2126.68
49370,2746,16,-154.6755,-0.0244,0.8057,1.0176,4062,10388.85,22149.67,85.87,2324.7,-1731.51,-2103.47
49380,2743,6,-211.3404,-0.0078,0.8027,0.9897,3952,10389.64,22178.5,83.76,2322.0,-1729.26,-2080.35
49390,2744,-35,-279.4127,0.0307,0.8008,0.9951,4316,10395.04,22207.18,80.96,2322.3,-1725.75,-2057.38
49400,2746,-100,-335.9608,0.4439,0.8041,0.9939,3945,10401.34,22236.22,77.6,2325.5,-1720.53,-2034.72
49410,2755,-158,-353.2022,-0.0364,0.7817,0.9966,3884,10408.26,22265.56,74.06,2332.9,-1713.49,-2012.48
49420,2753,-198,-337.1907,-0.0012,0.7746,0.9997,4292,10415.72,22294.77,70.68,2330.1,-1704.79,-1990.85
49430,2751,-189,-277.9995,0.0239,0.7956,0.9905,4269,10427.58,22322.16,67.9,2330.3,-1694.96,-1969.72
49440,2756,-146,-208.9745,0.4349,0.8063,1.0051,3755,10440.08,22349.21,65.81,2333.3,-1684.48,-1948.86
49450,2844,-68,-111.4309,0.4496,0.7014,1.0005,4151,10452.27,22376.38,64.69,2408.1,-1673.58,-1927.39
49460,2887,-2,-86.2383,0.4423,0.6982,0.9953,4117,10464.05,22404.01,63.83,2444.6,-1662.62,-1905.54
49470,2971,35,-108.9116,0.4503,0.7462,1.0192,3744,10478.5,22430.41,62.73,2516.0,-1651.25,-1883.09
49480,3013,34,-162.0844,0.4461,0.7777,1.0176,3867,10493.02,22456.27,61.11,2550.9,-1639.21,-1860.59
49490,3092,54,-66.0301,0.4585,-0.008,1.0013,3592,10507.28,22481.64,60.45,2619.5,-1626.45,-1837.72
49500,3133,1,-84.8124,0.4465,0.0066,0.9876,4327,10521.66,22506.6,59.6,2653.1,-1612.85,-1814.95
49510,3212,-64,-106.4917,0.4502,0.076,0.9968,4002,10536.46,22531.3,58.53,2719.0,-1598.05,-1792.13
49520,3249,-150,-200.8525,0.4275,0.692,1.0084,3926,10551.74,22555.8,56.52,2751.4,-1581.94,-1769.82
49530,3287,-173,-191.6927,0.4539,0.7031,0.9974,4260,10567.47,22580.35,54.6,2783.4,-1564.71,-1747.95
49540,3362,-140,-128.6612,0.4495,0.7483,1.0086,3787,10585.28,22604.01,53.31,2846.3,-1546.68,-1725.91
49550,3397,-70,-70.9239,0.4483,0.7516,0.9853,3956,10603.91,22627.57,52.6,2877.3,-1528.51,-1703.61
49560,3471,45,62.0892,0.4519,0.0036,1.0097,3870,10622.14,22651.46,53.21,2938.2,-1510.63,-1680.29
49570,3505,116,95.9986,0.4396,0.0028,0.9993,3881,10639.7,22675.38,54.17,2968.2,-1493.38,-1656.13
49580,3575,130,46.2671,-0.0867,0.0139,0.9869,3966,10656.91,22699.47,54.63,3027.3,-1476.19,-1631.2
49590,3568,51,-123.6902,-0.6198,0.5427,0.9956,4227,10674.08,22723.61,53.39,3021.2,-1458.39,-1606.78
49600,3517,-38,-230.2281,-0.014,0.797,0.9911,3942,10691.61,22747.79,51.09,2978.6,-1439.59,-1583.68
49610,3517,-117,-263.4326,0.0183,0.8051,1.0,3968,10711.45,22770.59,48.45,2978.3,-1419.33,-1561.86
49620,3523,-172,-250.4471,0.4496,0.8064,0.9883,3967,10732.49,22792.34,45.94,2980.5,-1397.73,-1541.27
49630,3555,-146,-93.3363,0.4516,0.2784,0.9886,4385,10753.42,22813.4,45.01,3010.0,-1375.43,-1521.04
49640,3552,-92,19.2214,-0.6407,0.0107,0.995,4202,10774.14,22834.15,45.19,3008.0,-1353.28,-1500.69
49650,3502,-23,77.2803,-0.634,0.0096,0.9946,4095,10794.65,22855.05,45.96,2966.5,-1331.99,-1480.04
49660,3402,15,0.5944,-0.0207,0.8039,1.0034,3667,10814.81,22876.29,45.97,2881.7,-1311.7,-1459.6
49670,3401,50,-60.5193,-0.0048,0.7976,0.9945,3749,10834.76,22898.11,45.36,2879.9,-1291.54,-1439.03
49680,3399,62,-108.7278,0.0009,0.8041,1.0014,3882,10856.26,22918.98,44.27,2879.4,-1271.18,-1418.67
49690,3402,28,-179.2,0.4543,0.8013,0.996,3682,10878.87,22939.39,42.47,2880.6,-1250.13,-1398.99
49700,3475,2,-132.8138,0.4465,-0.0043,1.0014,3958,10901.66,22959.6,41.14,2941.5,-1227.92,-1379.69
49710,3510,-59,-109.3799,0.4492,0.0096,0.9873,3998,10924.43,22979.12,40.05,2971.4,-1204.75,-1361.08
49720,3579,-116,-98.9661,-0.4628,-0.0039,1.0072,4101,10947.48,22998.14,39.05,3030.5,-1180.48,-1342.93
49730,3545,-169,-158.2892,-0.6474,0.6489,0.9904,3862,10970.81,23016.86,37.47,3001.6,-1155.79,-1325.83
49740,3495,-148,-137.7173,-0.015,0.8017,1.0023,3816,10994.32,23035.6,36.09,2958.8,-1131.11,-1309.48
49750,3493,-78,-76.2868,0.0114,0.8132,0.9922,4101,11019.26,23052.88,35.32,2958.6,-1106.46,-1293.14
49760,3498,-3,-43.454,0.4475,0.8122,0.996,4066,11044.2,23069.64,34.89,2961.0,-1081.94,-1276.53
49770,3533,96,54.7362,0.4405,0.1695,0.9831,3858,11068.37,23086.54,35.43,2990.8,-1057.64,-1259.07
49780,3600,129,51.5197,-0.5716,-0.0015,1.0173,4144,11092.01,23103.55,35.94,3049.4,-1033.2,-1240.84
49790,3559,96,-12.0967,-0.6412,0.0104,1.0037,3809,11115.56,23120.61,35.82,3013.0,-1008.96,-1222.92
49800,3461,-10,-176.7105,-0.0112,0.8022,0.9924,3815,11139.27,23137.53,34.05,2929.5,-984.66,-1206.53
49810,3460,-105,-259.0601,-0.0127,0.7844,1.0081,4102,11163.48,23154.22,31.45,2927.9,-959.38,-1191.73
49820,3459,-166,-257.7312,0.0222,0.8093,0.9957,3809,11189.42,23168.85,28.87,2927.7,-933.23,-1178.54
49830,3460,-188,-216.1881,0.4498,0.7803,0.9987,4023,11216.44,23182.27,26.71,2929.0,-906.44,-1166.63
49840,3531,-119,-46.8902,0.4566,0.0096,1.0019,3836,11243.23,23195.42,26.24,2988.9,-879.05,-1154.64
49850,3565,-34,70.0501,0.4371,-0.0024,1.0107,3994,11269.63,23208.61,26.93,3018.3,-851.69,-1141.87
49860,3627,46,106.0423,-0.6486,0.0141,0.993,3761,11295.81,23222.2,27.99,3071.2,-824.37,-1127.86
49870,3580,73,9.3748,-0.6356,0.7347,0.9825,4173,11321.77,23236.31,28.08,3030.5,-797.66,-1113.51
49880,3530,74,-87.7479,0.0004,0.7928,0.9943,4036,11347.8,23250.96,27.2,2988.3,-771.26,-1099.47
49890,3530,46,-156.0253,0.0124,0.7973,0.9917,3797,11375.01,23264.19,25.64,2988.2,-744.48,-1086.18
49900,3532,-21,-220.7387,0.4417,0.8037,0.982,4151,11402.76,23276.13,23.43,2990.8,-717.05,-1074.26
49910,3567,-64,-160.2311,0.448,0.0883,1.0023,4142,11430.13,23287.39,21.82,3020.3,-688.82,-1063.52
49920,3603,-104,-101.7074,-0.2406,0.0079,0.9997,3775,11457.29,23297.98,20.8,3049.5,-659.94,-1053.68
49930,3533,-129,-62.2679,-0.6356,0.0147,1.0004,3759,11484.55,23308.14,20.18,2992.8,-631.41,-1044.66
49940,3486,-139,-93.1698,-0.6344,0.4021,1.0043,4351,11511.86,23318.15,19.24,2951.1,-603.11,-1036.22
49950,3432,-100,-93.5178,-0.002,0.8029,0.9881,4006,11539.3,23328.37,18.31,2907.3,-575.21,-1028.07
49960,3433,-25,-53.778,0.0101,0.8015,1.0004,3973,11567.52,23337.4,17.77,2906.8,-547.38,-1019.68
49970,3435,42,-51.9133,0.4493,0.7955,1.022,4071,11596.48,23345.72,17.24,2908.7,-519.62,-1011.0
49980,3469,103,-1.0469,0.4442,0.3916,0.9972,3990,11625.75,23354.63,17.23,2939.0,-491.68,-1001.91
49990,3542,106,1.8161,0.445,0.0109,1.0004,45506,11655.43,23363.87,17.24,2998.7,0.0,0.0
50000,3576,75,-31.8646,-0.5261,-0.0037,0.9971,45480,11672.52,23369.13,16.92,3028.1,28.9,9.06
50010,3537,-154,-272.6374,-0.63,0.0531,1.0196,45800,11703.22,23378.05,14.19,2994.1,58.14,15.51
50020,3485,-193,-247.1967,-0.0255,0.7883,0.987,3953,11734.62,23386.01,11.72,2950.6,87.29,20.21
50030,3486,-169,-175.9429,0.0115,0.7916,0.9949,4134,11766.81,23392.26,9.96,2949.7,116.57,23.99
50040,3484,-97,-98.3123,0.4605,0.803,1.0024,3744,11799.77,23396.86,8.97,2950.7,145.85,27.63
50050,3555,34,59.8778,0.4483,-0.0071,1.001,3851,11833.05,23402.1,9.57,3010.2,175.59,32.27
50060,3584,124,112.3607,-0.6308,0.0016,0.9978,3747,11866.67,23408.12,10.69,3034.4,205.37,38.13
50070,3536,124,38.6933,-0.6167,-0.0081,1.0111,3639,11900.66,23414.72,11.07,2993.2,234.67,44.34
50080,3434,-3,-229.6368,-0.0197,0.7765,0.9826,3766,11935.1,23421.42,8.77,2909.2,263.38,49.02
50090,3434,-100,-303.6061,0.0079,0.7954,1.0054,4077,11970.23,23426.36,5.73,2907.4,292.34,51.59
50100,3438,-183,-317.4327,0.4463,0.7863,0.9894,3976,12006.17,23427.96,2.56,2909.7,321.45,51.89
50110,3507,-157,-132.414,0.4287,-0.0013,0.9909,4032,12042.56,23428.91,1.23,2969.9,351.15,51.16
50120,3543,-81,29.8278,0.4555,0.0021,0.9958,4091,12079.38,23429.74,1.52,2999.6,381.15,50.73
50130,3613,13,90.647,0.4311,0.081,0.9866,4011,12116.61,23431.08,2.43,3058.1,411.74,51.39
50140,3680,81,41.4039,0.4376,0.4191,0.9894,4049,12154.22,23433.29,2.84,3115.5,442.85,53.02
50150,3781,112,-20.0965,0.4583,0.4556,0.9976,4019,12192.3,23434.93,2.64,3199.6,474.82,55.02
50160,3844,53,-119.027,0.4634,0.2462,1.0008,3834,12230.88,23436.08,1.44,3254.5,507.36,56.17
50170,3906,-32,-123.6598,0.4447,-0.0062,0.9879,3832,12269.9,23436.67,0.2,3308.5,540.43,55.92
50180,3971,-133,-137.7771,0.4385,0.0038,1.0095,3817,12309.37,23436.31,-1.18,3361.6,574.0,54.03
50190,4034,-150,-61.8147,0.4634,0.0093,0.9956,4200,12349.28,23435.21,-1.8,3413.9,608.07,51.38
50200,4092,-66,57.9376,0.4235,-0.0053,1.0175,4109,12389.63,23434.08,-1.22,3465.4,642.67,49.39
50210,4154,66,141.837,0.4471,-0.0143,1.0124,3917,12430.43,23433.69,0.19,3516.1,677.84,49.11
50220,4212,155,129.5783,0.4467,0.0003,0.9953,4248,12471.67,23434.33,1.49,3566.2,713.49,50.41
50230,4270,138,25.0274,0.4521,0.0199,1.0099,4100,12513.36,23435.59,1.73,3615.5,749.62,52.07
50240,4329,19,-100.4018,0.4493,0.0096,1.0038,4402,12555.48,23436.55,0.73,3664.2,786.27,52.48
50250,4386,-120,-154.7148,0.4548,0.0156,1.0198,3982,12597.98,23436.51,-0.82,3712.2,823.37,50.88
50260,4442,-172,-93.5788,0.444,-0.0119,1.0011,3864,12640.57,23435.48,-1.76,3759.6,860.89,48.02
50270,4495,-96,37.5539,0.4579,-0.0057,0.9926,3637,12683.16,23434.23,-1.39,3806.4,898.88,45.62
50280,4549,54,141.0166,0.4641,0.0041,0.9964,4026,12725.75,23433.68,0.02,3852.7,937.4,45.09
50290,4631,167,139.6706,0.4568,-0.0062,0.9879,4045,12768.34,23434.25,1.41,3921.0,976.59,46.47
50300,4684,157,34.6799,0.4619,0.003,0.994,4079,12810.93,23435.51,1.75,3966.0,1016.23,48.34
50310,4736,28,-95.8974,0.4528,0.0034,1.0094,4155,12853.52,23436.53,0.79,4010.4,1056.32,48.86
50320,4787,-121,-155.0134,0.4353,0.0082,0.9947,4463,12896.11,23436.54,-0.76,4054.3,1096.82,47.22
50330,4840,-183,-98.408,0.4587,-0.0232,1.0141,3996,12938.7,23435.54,-1.75,4097.8,1137.71,44.15
50340,4891,-113,31.6845,0.4766,-0.0165,1.0032,4004,12981.29,23434.27,-1.43,4140.8,1179.04,41.48
50350,4941,47,138.2469,0.4568,-0.0004,1.0098,4191,13023.88,23433.68,-0.05,4183.3,1220.87,40.82
50360,4992,171,142.3243,0.4672,-0.0014,0.994,4138,13066.47,23434.2,1.37,4225.5,1263.13,42.24
50370,5029,170,40.546,0.0114,-0.0126,1.0039,3899,13109.06,23435.45,1.77,4259.0,1305.68,44.28
50380,5032,41,-91.0825,-0.0033,-0.008,0.9999,3951,13151.65,23436.5,0.86,4259.0,1348.28,44.96
50390,5030,-119,-154.7788,-0.0119,-0.003,1.0065,3931,13194.24,23436.56,-0.7,4259.0,1390.84,43.33
50400,5030,-189,-102.9782,-0.0059,0.0011,1.0067,4204,13236.83,23435.6,-1.73,4259.0,1433.33,40.19
50410,5030,-120,25.6033,-0.01,-0.0176,1.0287,4032,13279.42,23434.32,-1.48,4259.0,1475.84,37.42
50420,5030,40,135.3573,-0.0029,0.0152,1.0111,3684,13322.01,23433.68,-0.12,4259.0,1518.42,36.66
50430,5030,169,144.6475,0.0098,0.0131,0.9918,4181,13364.6,23434.16,1.32,4259.0,1561.0,38.04
50440,5031,174,46.4219,-0.0048,-0.0037,1.0135,3942,13407.19,23435.4,1.78,4259.0,1603.56,40.11
50450,5030,47,-86.0541,0.0087,-0.0089,1.0032,4254,13449.78,23436.47,0.92,4259.0,1646.15,40.89
50460,5029,-112,-154.3364,0.0121,-0.0048,0.9933,3601,13492.37,23436.59,-0.63,4259.0,1688.7,39.39
50470,5030,-189,-107.4182,-0.006,0.0045,1.005,3867,13534.96,23435.65,-1.71,4259.0,1731.2,36.29
50480,5031,-126,19.6733,-0.0262,0.0099,1.014,4012,13577.55,23434.37,-1.51,4259.0,1773.72,33.47
50490,5031,31,132.3644,0.0178,0.0057,0.9956,4407,13620.14,23433.69,-0.19,4259.0,1816.3,32.61
50500,5030,165,146.7159,-0.0078,0.0077,0.9999,3919,13662.73,23434.12,1.27,4259.0,1858.88,33.93
50510,5031,176,52.1319,0.0033,-0.0012,1.0043,3973,13705.32,23435.34,1.79,4259.0,1901.44,36.02
50520,5031,53,-81.0568,0.0121,0.012,0.9978,3887,13747.91,23436.44,0.98,4259.0,1944.04,36.9
50530,5032,-106,-153.684,-0.0088,-0.0019,0.9829,3698,13790.5,23436.61,-0.56,4259.0,1986.62,35.51
50540,5030,-189,-111.7083,-0.0057,0.0004,0.9953,4173,13833.09,23435.71,-1.68,4259.0,2029.12,32.46
50550,5030,-131,13.5754,-0.002,-0.0171,0.9997,3672,13875.68,23434.42,-1.55,4259.0,2071.62,29.6
50560,5030,25,129.0354,0.0007,-0.0016,1.0009,4123,13918.27,23433.7,-0.26,4259.0,2114.2,28.66
50570,5030,162,148.7113,0.0067,-0.0123,1.0134,3828,13960.86,23434.08,1.22,4259.0,2156.78,29.93
50580,5030,179,57.8704,0.0036,0.0098,1.0015,3750,14003.45,23435.28,1.8,4259.0,2199.34,32.05
50590,5030,64,-75.7391,0.0176,-0.0083,1.0024,4063,14046.04,23436.41,1.04,4259.0,2241.92,33.06
50600,5032,-100,-152.8838,-0.0042,0.0138,0.9896,3835,14088.63,23436.62,-0.5,4259.0,2284.5,31.79
50610,5030,-191,-115.8807,0.004,0.0003,1.0207,4187,14131.22,23435.76,-1.66,4259.0,2327.0,28.77
50620,5029,-137,7.4782,-0.0065,0.0072,1.0128,4181,14173.81,23434.47,-1.59,4259.0,2369.5,25.87
50630,5031,17,125.5344,-0.0097,0.0049,0.9999,4182,14216.4,23433.71,-0.33,4259.0,2412.08,24.84
50640,5030,158,150.4326,-0.0116,0.0096,1.0053,4012,14258.99,23434.04,1.17,4259.0,2454.66,26.04
50650,5030,181,63.4036,-0.0165,-0.0069,0.9943,3962,14301.58,23435.22,1.8,4259.0,2497.22,28.18
50660,5029,71,-70.3829,0.0154,0.0107,1.0228,4062,14344.17,23436.37,1.09,4259.0,2539.79,29.29
50670,5030,-95,-151.7075,-0.0198,-0.0011,0.9977,3902,14386.76,23436.64,-0.43,4259.0,2582.36,28.12
50680,5029,-188,-119.7503,-0.0015,0.0041,0.9905,3837,14429.35,23435.82,-1.63,4259.0,2624.86,25.17
50690,5031,-141,1.4544,0.0153,0.0057,1.0054,3992,14471.94,23434.52,-1.62,4259.0,2667.37,22.26
50700,5029,10,121.8346,0.0135,0.0005,1.0075,4324,14514.53,23433.72,-0.4,4259.0,2709.93,21.14
50710,5029,155,151.7961,0.0037,0.0066,0.9954,4068,14557.12,23434.0,1.11,4259.0,2752.51,22.29
50720,5030,183,69.018,-0.0003,0.0211,1.0065,4501,14599.71,23435.16,1.8,4259.0,2795.06,24.45
50730,5031,76,-64.9601,-0.006,0.0048,0.989,3848,14642.3,23436.34,1.15,4259.0,2837.65,25.64
50740,5032,-87,-150.2887,-0.0163,0.0071,1.0009,4202,14684.89,23436.65,-0.36,4259.0,2880.24,24.6
50750,5030,-186,-123.5615,-0.0137,-0.0051,1.0064,3766,14727.48,23435.87,-1.6,4259.0,2922.75,21.72
50760,5031,-144,-4.5999,0.0035,0.0002,0.992,3813,14770.07,23434.58,-1.65,4259.0,2965.26,18.79
50770,5030,2,117.8696,0.0086,0.0015,0.9794,3846,14812.66,23433.73,-0.47,4259.0,3007.83,17.59
50780,5030,150,153.0004,0.0012,-0.0002,1.0077,3870,14855.25,23433.97,1.06,4259.0,3050.41,18.66
50790,5031,186,74.3381,0.0168,0.0167,1.0009,3978,14897.84,23435.1,1.8,4259.0,3092.97,20.84
50800,5031,82,-59.3408,0.0093,-0.0081,0.9998,4190,14940.43,23436.3,1.2,4259.0,3135.56,22.12
50810,5030,-82,-148.7576,0.0022,0.0081,0.9983,4191,14983.02,23436.66,-0.29,4259.0,3178.14,21.18
50820,5030,-184,-127.1462,0.0075,-0.0022,0.9831,4211,15025.61,23435.92,-1.56,4259.0,3220.65,18.37
50830,5030,-151,-10.783,-0.0117,-0.0045,1.0042,4225,15068.2,23434.63,-1.67,4259.0,3263.15,15.4
50840,5032,-6,113.9145,0.0156,0.0038,0.9854,3861,15110.79,23433.75,-0.54,4259.0,3305.73,14.1
50850,5030,146,153.9905,0.0007,-0.0049,1.01,4022,15153.38,23433.93,1.0,4259.0,3348.32,15.11
50860,5029,188,79.6468,-0.0016,-0.0039,0.9901,3550,15195.97,23435.05,1.79,4259.0,3390.86,17.3
50870,5031,90,-53.7408,-0.0006,-0.0105,0.9901,4142,15238.56,23436.26,1.25,4259.0,3433.44,18.69
50880,5030,-73,-146.9472,-0.011,0.0001,1.0075,3882,15281.15,23436.67,-0.22,4259.0,3476.02,17.89
50890,5029,-184,-130.494,-0.0167,-0.0016,1.0013,4134,15323.74,23435.97,-1.53,4259.0,3518.53,15.13
50900,5028,-155,-16.8624,0.0095,-0.0012,0.9793,3807,15366.33,23434.69,-1.7,4259.0,3561.01,12.14
50910,5029,-13,109.7005,0.0076,0.0164,1.0107,3648,15408.92,23433.77,-0.61,4259.0,3603.57,10.76
50920,5032,140,154.7311,0.0042,0.0042,0.9892,3959,15451.51,23433.9,0.94,4259.0,3646.17,11.69
50930,5030,189,84.7506,0.006,0.0193,0.9894,4069,15494.1,23434.99,1.78,4259.0,3688.72,13.88
50940,5032,95,-47.9668,-0.0087,-0.0107,1.0062,3849,15536.69,23436.22,1.3,4259.0,3731.31,15.34
50950,5031,-70,-144.9005,-0.0059,0.0098,0.9869,4083,15579.28,23436.68,-0.15,4259.0,3773.9,14.62
50960,5032,-181,-133.6011,-0.0147,-0.0,1.0092,4117,15621.87,23436.02,-1.49,4259.0,3816.44,11.94
50970,5028,-160,-22.6883,-0.0198,-0.011,0.9836,3961,15664.46,23434.74,-1.72,4259.0,3858.92,8.93
50980,5031,-21,105.2569,-0.0232,-0.0055,1.0129,3976,15707.05,23433.79,-0.67,4259.0,3901.49,7.46
50990,5029,135,155.298,0.0025,0.004,0.9941,3731,15749.64,23433.87,0.88,4259.0,3944.07,8.32
51000,5030,189,89.7666,-0.0143,-0.0201,1.0104,3832,15792.23,23434.93,1.77,4259.0,3986.62,10.5
51010,5030,103,-42.169,-0.0073,0.0046,1.0023,4021,15834.82,23436.17,1.35,4259.0,4029.19,12.06
51020,5030,-58,-142.6445,-0.0005,-0.0203,1.0113,4086,15877.41,23436.68,-0.08,4259.0,4071.77,11.51
51030,5030,-177,-136.6499,0.0101,0.0159,0.9947,3964,15920.0,23436.07,-1.45,4259.0,4114.3,8.92
51040,5028,-163,-28.7701,0.01,-0.0132,0.9945,3814,15962.59,23434.8,-1.74,4259.0,4156.78,5.9
51050,5030,-28,100.6919,0.0127,-0.0037,0.9928,3857,16005.18,23433.81,-0.74,4259.0,4199.34,4.36
51060,5030,129,155.5063,-0.0091,0.0174,0.9999,4093,16047.77,23433.84,0.82,4259.0,4241.93,5.13
51070,5030,189,94.7154,0.0019,-0.0067,1.0054,3921,16090.36,23434.87,1.76,4259.0,4284.48,7.3
51080,5030,108,-36.312,0.0066,-0.0051,1.0002,4003,16132.95,23436.13,1.39,4259.0,4327.05,8.93
51090,5030,-51,-140.2056,0.0046,-0.0065,0.9997,4018,16175.54,23436.68,-0.01,4259.0,4369.63,8.5
51100,5030,-175,-139.4297,-0.0094,0.0071,1.0021,4066,16218.13,23436.12,-1.41,4259.0,4412.16,5.98
51110,5030,-168,-34.7488,0.0017,-0.0107,1.0115,3989,16260.72,23434.86,-1.76,4259.0,4454.66,2.94
51120,5030,-34,95.9344,0.0138,-0.0214,0.9996,4000,16303.31,23433.84,-0.8,4259.0,4497.22,1.33
51130,5030,124,155.5215,-0.0035,0.0323,0.9968,3746,16345.9,23433.82,0.75,4259.0,4539.8,2.02
51140,5030,190,99.4906,-0.0037,0.0135,0.9821,3870,16388.49,23434.81,1.74,4259.0,4582.35,4.19
51150,5029,116,-30.3269,0.0222,-0.0216,0.9777,4159,16431.08,23436.08,1.44,4259.0,4624.91,5.92
51160,5030,-45,-137.5,-0.0133,0.0243,0.9904,4012,16473.67,23436.68,0.06,4259.0,4667.5,5.6
51170,5032,-174,-141.9012,0.0047,-0.0075,1.0163,3947,16516.26,23436.16,-1.36,4259.0,4710.04,3.14
51180,5031,-172,-40.5776,-0.0096,-0.0041,0.989,4128,16558.85,23434.91,-1.77,4259.0,4752.55,0.09
51190,5030,-42,91.1558,-0.0075,-0.0085,1.014,3865,16601.44,23433.86,-0.86,4259.0,4795.11,-1.61
51200,5033,118,155.3508,0.0081,0.0008,0.997,4311,16644.03,23433.79,0.69,4259.0,4837.72,-0.99
51210,5029,191,104.1682,-0.0093,0.0003,0.9603,4098,16686.62,23434.76,1.73,4259.0,4880.26,1.17
51220,5031,122,-24.4915,-0.0089,-0.0041,0.9853,4169,16729.21,23436.03,1.48,4259.0,4922.84,2.98
51230,5030,-39,-134.4562,-0.0151,0.0095,0.9888,4756,16771.8,23436.68,0.13,4259.0,4965.42,2.76
51240,5031,-169,-144.3661,-0.0014,-0.0033,1.0115,3841,16814.39,23436.21,-1.31,4259.0,5007.96,0.41
51250,5030,-175,-46.4954,0.0132,0.015,1.0062,3825,16856.98,23434.97,-1.78,4259.0,5050.46,-2.65
51260,5031,-49,86.1535,0.0039,-0.0196,0.9762,3844,16899.57,23433.89,-0.92,4259.0,5093.03,-4.42
51270,5030,113,154.891,0.0039,-0.0034,0.9837,4183,16942.16,23433.77,0.62,4259.0,5135.61,-3.88
51280,5031,190,108.4953,-0.0037,-0.0086,0.9876,3962,16984.75,23434.7,1.7,4259.0,5178.17,-1.74
51290,5030,126,-18.3278,-0.0039,-0.0151,1.0179,4074,17027.34,23435.99,1.52,4259.0,5220.74,0.13
51300,5031,-31,-131.3786,0.0155,0.0078,0.9918,4089,17069.93,23436.67,0.2,4259.0,5263.33,0.04
51310,5031,-167,-146.3946,0.0063,-0.0145,0.992,4142,17112.52,23436.25,-1.27,4259.0,5305.88,-2.24
51320,5030,-176,-52.1726,0.0002,-0.0053,0.994,3798,17155.11,23435.03,-1.79,4259.0,5348.38,-5.28
51330,5030,-57,80.941,-0.0065,-0.0028,1.001,4119,17197.7,23433.92,-0.98,4259.0,5390.93,-7.13
51340,5030,107,154.3083,-0.0058,-0.0048,0.9918,4113,17240.29,23433.75,0.56,4259.0,5433.52,-6.67
51350,5031,189,112.7907,-0.0035,0.0062,1.0073,4129,17282.88,23434.65,1.68,4259.0,5476.08,-4.55
51360,5028,132,-12.2507,-0.0221,-0.0078,0.9969,3905,17325.47,23435.94,1.56,4259.0,5518.62,-2.61
51370,5030,-23,-127.9967,0.0015,0.0003,0.9986,3706,17368.06,23436.66,0.27,4259.0,5561.21,-2.58
51380,5030,-161,-148.2839,-0.0013,0.0026,0.9991,3813,17410.65,23436.29,-1.21,4259.0,5603.75,-4.74
51390,5031,-180,-57.8575,0.0046,0.0047,1.012,3885,17453.24,23435.09,-1.8,4259.0,5646.26,-7.79
51400,5028,-64,75.806,-0.0031,0.0108,1.0206,3751,17495.83,23433.96,-1.04,4259.0,5688.79,-9.7
51410,5031,99,153.2823,-0.0024,0.0011,0.9946,3856,17538.42,23433.74,0.49,4259.0,5731.39,-9.35
51420,5031,187,116.8921,0.0019,-0.0143,0.9912,3936,17581.01,23434.59,1.65,4259.0,5773.95,-7.26
51430,5031,137,-6.2636,0.0055,-0.0053,0.9981,4064,17623.6,23435.88,1.59,4259.0,5816.52,-5.26
51440,5030,-16,-124.4615,0.0161,-0.0001,1.0201,3961,17666.19,23436.65,0.34,4259.0,5859.1,-5.1
51450,5033,-156,-149.9377,-0.0052,0.0027,1.0026,4149,17708.77,23436.33,-1.16,4259.0,5901.67,-7.17
51460,5029,-182,-63.5007,-0.0037,0.0092,1.0125,4296,17751.17,23435.15,-1.8,4259.0,5944.17,-10.2
51470,5030,-72,67.456,0.0104,0.0108,0.9985,4409,17792.98,23434.01,-1.13,4259.0,5986.72,-12.2
51480,5031,81,146.2363,-0.0018,0.0079,1.0001,3957,17834.18,23433.71,0.33,4259.0,6029.31,-12.08
51490,5030,181,121.7941,-0.0074,-0.0029,1.0019,3749,17874.76,23434.42,1.55,4259.0,6071.87,-10.12
51500,5029,157,17.3279,0.0171,0.012,0.996,4035,17914.72,23435.63,1.72,4259.0,6114.41,-7.91
51510,5030,31,-94.1488,0.004,0.0037,0.9961,4055,17954.06,23436.53,0.77,4259.0,6156.99,-7.12
51520,5029,-109,-141.5855,0.0001,0.0053,0.9929,3742,17992.78,23436.58,-0.64,4259.0,6199.56,-8.42
51530,5031,-183,-100.5555,-0.017,-0.0248,1.0049,4026,18030.88,23435.77,-1.65,4259.0,6242.08,-11.21
51540,5030,-148,-1.6051,-0.0022,0.0127,0.9995,3983,18068.36,23434.63,-1.67,4259.0,6284.59,-14.04
51550,5031,-30,93.9881,0.0156,-0.0019,0.9922,4240,18105.22,23433.81,-0.73,4259.0,6327.16,-15.47
51560,5029,102,133.4884,-0.0124,0.0062,1.0015,4115,18141.45,23433.77,0.6,4259.0,6369.74,-14.91
51570,5031,177,99.6422,-0.0073,0.0043,1.0054,4014,18177.06,23434.48,1.59,4259.0,6412.31,-12.87
51580,5030,160,15.7104,-0.224,-0.0099,1.0046,3864,18212.07,23435.55,1.75,4259.0,6454.85,-10.59
51590,5018,63,-71.998,-0.6405,-0.0148,0.9817,3840,18246.47,23436.42,1.02,4248.8,6497.33,-9.4
51600,4949,-62,-120.3785,-0.6294,-0.0134,0.9871,4032,18280.2,23436.67,-0.18,4190.0,6539.23,-10.0
51610,4880,-151,-109.9724,-0.6501,-0.0113,0.9848,4256,18313.34,23436.23,-1.29,4130.4,6580.5,-12.17
51620,4843,-169,-50.1467,-0.6252,-0.0003,0.9904,4183,18345.88,23435.32,-1.79,4100.3,6621.42,-15.03
51630,4770,-117,29.1117,-0.6339,-0.0099,0.9802,4022,18378.07,23434.36,-1.5,4039.3,6661.75,-17.47
51640,4698,-8,94.8843,-0.6305,-0.0139,0.9864,3850,18410.26,23433.75,-0.56,3977.5,6701.51,-18.51
51650,4659,95,119.7125,-0.6357,0.0045,0.9996,4056,18442.53,23433.78,0.64,3946.2,6740.96,-17.93
51660,4587,158,92.2818,-0.647,-0.0079,1.0159,4071,18475.17,23434.43,1.56,3882.8,6779.76,-16.11
51670,4510,149,22.1596,-0.6299,0.0064,0.996,3439,18508.24,23435.43,1.77,3818.4,6817.91,-14.01
51680,4471,69,-60.1749,-0.6312,0.0057,1.0041,4127,18541.53,23436.32,1.17,3785.8,6855.75,-12.74
51690,4394,-43,-114.8364,-0.6436,0.0006,0.9906,4142,18574.81,23436.68,0.02,3719.7,6892.95,-12.99
51700,4314,-130,-115.6441,-0.6353,-0.0099,1.0239,3810,18608.1,23436.34,-1.14,3652.4,6929.44,-14.71
51710,4272,-162,-76.408,-0.6269,0.0324,0.9879,4040,18641.54,23435.45,-1.91,3618.3,6965.54,-17.3
51720,4191,-133,-48.6176,-0.6308,0.456,1.004,3904,18674.67,23434.45,-2.4,3549.1,7000.93,-20.0
51730,4107,-37,23.3111,-0.64,0.4495,0.9852,4078,18707.2,23433.25,-2.17,3478.5,7035.65,-21.94
51740,4067,57,52.5731,-0.6173,0.4304,1.0014,3994,18739.38,23431.81,-1.64,3442.7,7070.08,-22.85
51750,3979,126,64.4795,-0.6353,-0.0092,0.9838,4514,18771.59,23431.0,-1.0,3369.9,7103.78,-22.8
51760,3935,135,31.1077,-0.6381,0.0145,0.9902,4168,18803.9,23430.55,-0.7,3332.9,7137.11,-22.38
51770,3848,43,-119.4628,-0.6282,0.6553,0.999,3959,18836.63,23430.05,-1.89,3257.7,7169.69,-22.93
51780,3802,-79,-251.5584,-0.0036,0.797,0.9853,3858,18869.67,23429.07,-4.41,3218.5,7201.78,-25.5
51790,3801,-160,-259.328,0.0108,0.8015,1.0105,3804,18902.22,23425.43,-7.01,3218.4,7233.62,-30.17
51800,3802,-192,-213.5034,0.4509,0.8126,0.9949,4174,18934.28,23420.31,-9.15,3220.3,7265.21,-36.44
51810,3869,-123,-21.5305,0.4689,-0.0041,0.9864,3683,18966.25,23415.0,-9.36,3274.8,7297.33,-42.93
51820,3900,-34,77.139,0.4383,-0.0033,0.9957,4433,18998.32,23409.9,-8.59,3301.8,7329.87,-48.6
51830,3934,23,11.0506,-0.0199,0.8093,0.9925,3992,19030.69,23405.34,-8.49,3329.2,7362.8,-53.57
51840,3931,80,-25.1824,0.0058,0.7903,0.9915,3917,19062.92,23401.47,-8.74,3328.2,7395.79,-58.09
51850,3931,91,-82.0565,0.0262,0.8187,1.0051,3955,19094.2,23395.52,-9.56,3328.3,7428.75,-62.81
51860,3965,49,-146.6979,-0.3175,0.365,1.0094,4020,19125.36,23389.56,-11.03,3355.8,7461.83,-68.58
51870,3942,3,-93.3319,-0.6357,0.0109,0.9968,4101,19156.45,23383.26,-11.97,3337.3,7494.51,-75.39
51880,3854,-87,-120.0891,-0.6372,0.2302,1.013,3966,19187.57,23376.32,-13.17,3262.2,7526.15,-83.37
51890,3809,-188,-230.8321,-0.0298,0.8056,0.9913,3901,19218.96,23368.7,-15.49,3224.0,7556.94,-93.01
51900,3805,-178,-162.8896,-0.0146,0.8049,1.0157,4018,19250.03,23360.33,-17.12,3222.1,7587.37,-103.62
51910,3807,-114,-84.0288,0.4437,0.7829,0.9891,3866,19279.92,23349.87,-17.96,3223.3,7617.75,-114.41
51920,3840,-14,4.3657,0.4435,0.5805,1.0032,3563,19309.62,23339.95,-17.92,3250.6,7648.58,-124.72
51930,3904,103,113.7214,0.1064,0.0082,1.0097,4209,19339.52,23330.62,-16.78,3304.7,7680.33,-133.96
51940,3913,134,53.5807,-0.6263,0.0095,0.9874,3936,19369.66,23321.77,-16.25,3310.7,7712.35,-142.49
51950,3828,67,-130.1546,0.0022,0.796,0.9825,3944,19400.25,23313.03,-17.56,3240.0,7743.5,-151.52
51960,3826,-8,-205.6767,-0.0014,0.7938,0.9838,4125,19430.77,23303.28,-19.62,3239.3,7774.14,-162.02
51970,3825,-98,-246.3084,0.0199,0.8109,1.0132,3964,19459.95,23291.3,-22.08,3239.9,7804.06,-174.42
51980,3860,-149,-189.9503,0.3044,0.0089,1.0027,3657,19488.51,23278.9,-23.98,3268.6,7833.57,-188.48
51990,3884,-141,-59.4221,-0.647,0.0029,0.9951,3954,19516.8,23266.1,-24.58,3287.4,7862.98,-203.24
52000,3792,-117,-24.2609,-0.6454,0.5786,0.9927,4464,19545.07,23253.17,-24.83,3211.1,7891.65,-217.71
52010,3748,-78,-59.4941,-0.0303,0.7904,0.9867,3906,19573.64,23240.38,-25.42,3172.2,7920.03,-231.91
52020,3744,13,-25.0171,0.0103,0.7958,0.9983,4323,19602.39,23226.98,-25.68,3171.0,7948.61,-245.63
52030,3747,76,-39.3303,0.0145,0.7854,0.9931,4107,19630.81,23212.31,-26.07,3171.5,7977.37,-259.04
52040,3781,107,-29.5198,0.4559,0.2253,0.9917,4298,19659.08,23198.2,-26.37,3200.6,8006.42,-272.52
52050,3837,88,-30.9828,-0.6292,-0.0299,1.0119,4021,19687.25,23184.17,-26.68,3250.1,8035.75,-286.51
52060,3793,3,-93.0376,-0.6403,-0.0063,1.0006,4068,19715.25,23169.84,-27.62,3211.7,8064.28,-301.27
52070,3702,-131,-239.8604,-0.0253,0.8234,0.991,3529,19743.14,23154.88,-30.02,3133.6,8091.16,-317.4
52080,3700,-187,-237.1523,0.0007,0.7776,0.998,4175,19771.02,23139.24,-32.39,3132.4,8117.07,-335.02
52090,3699,-178,-170.0278,0.0251,0.8046,1.003,4126,19797.02,23120.91,-34.1,3132.6,8142.37,-353.51
52100,3734,-115,-83.711,0.4463,0.3505,0.9962,3864,19822.51,23102.89,-34.94,3161.9,8167.78,-372.33
52110,3767,19,101.7077,0.4639,-0.01,1.0123,4261,19847.96,23085.43,-33.92,3189.8,8194.07,-390.39
52120,3760,97,112.9945,-0.6356,-0.0007,0.9988,3932,19873.74,23068.47,-32.8,3184.7,8221.0,-407.37
52130,3715,114,23.4139,-0.6472,0.3682,0.9896,3779,19899.86,23051.92,-32.56,3145.5,8247.91,-423.68
52140,3668,64,-132.8443,-0.01,0.8258,0.9887,3812,19926.43,23035.39,-33.9,3104.6,8274.14,-440.33
52150,3666,-4,-208.9601,0.027,0.779,0.9907,3858,19952.48,23017.31,-35.99,3104.1,8299.54,-458.19
52160,3667,-94,-259.1737,0.4288,0.7971,0.9889,4000,19977.46,22997.36,-38.58,3105.7,8323.73,-477.65
52170,3702,-135,-172.2528,0.4365,0.4543,1.001,4603,20001.83,22977.07,-40.31,3134.1,8347.14,-498.49
52180,3768,-139,-64.8167,0.4396,0.0223,0.9984,3923,20025.81,22956.45,-40.96,3190.1,8370.5,-520.25
52190,3762,-105,8.6526,-0.6388,0.2573,0.9912,4011,20049.7,22935.7,-40.88,3185.5,8393.88,-541.89
52200,3716,-79,-62.9894,-0.0375,0.7938,0.9947,3891,20073.91,22915.0,-41.51,3146.3,8417.04,-563.2
52210,3714,11,-28.2045,-0.014,0.8131,0.987,4153,20098.54,22894.23,-41.79,3144.5,8440.51,-584.13
52220,3714,71,-41.6987,0.0223,0.7914,0.9833,4057,20121.73,22872.0,-42.22,3144.7,8464.2,-604.82
52230,3749,93,-63.9545,0.4439,0.5318,1.0105,3950,20144.78,22850.49,-42.86,3173.8,8488.05,-625.79
52240,3787,88,-29.857,-0.616,0.0085,1.0021,3739,20167.57,22829.27,-43.16,3205.5,8511.92,-647.21
52250,3738,6,-90.9684,-0.6356,0.0018,0.9961,3891,20190.08,22807.86,-44.07,3166.6,8534.8,-669.08
52260,3648,-111,-201.2775,-0.0265,0.7928,0.9911,4224,20212.21,22786.0,-46.09,3087.3,8555.91,-691.63
52270,3646,-186,-239.6511,-0.0031,0.7791,1.0079,4057,20234.12,22763.53,-48.49,3085.8,8575.65,-715.37
52280,3644,-180,-179.4484,0.03,0.7991,0.979,4156,20254.47,22739.12,-50.29,3085.3,8594.53,-739.8
52290,3645,-125,-102.7679,0.4635,0.7966,0.9924,3884,20274.11,22714.05,-51.32,3086.3,8613.14,-764.42
52300,3714,7,70.8195,0.4383,-0.0109,0.9925,3793,20293.75,22689.66,-50.61,3143.2,8632.88,-788.9
52310,3778,97,114.3669,0.0399,0.0093,0.9852,3826,20313.77,22665.78,-49.47,3199.1,8653.92,-813.0
52320,3782,129,61.3429,-0.6569,0.0549,1.0113,4160,20334.21,22642.24,-48.86,3202.0,8675.57,-836.61
52330,3734,67,-127.0184,-0.0065,0.7869,1.005,4032,20354.96,22618.75,-50.13,3161.5,8696.49,-860.33
52340,3735,0,-203.1312,-0.0051,0.8054,1.0086,4124,20375.36,22594.41,-52.17,3160.8,8716.3,-884.99
52350,3734,-90,-251.7635,0.4495,0.814,1.0046,3864,20393.55,22568.39,-54.69,3161.7,8734.5,-910.84
52360,3768,-146,-204.0612,0.4341,0.7555,0.9993,4130,20410.91,22542.46,-56.73,3189.6,8751.41,-937.9
52370,3831,-139,-66.0734,-0.3461,0.0082,1.0092,4108,20427.65,22516.57,-57.4,3244.7,8767.97,-965.81
52380,3762,-111,3.0763,-0.638,0.0018,1.0094,4227,20444.23,22490.59,-57.37,3185.5,8784.25,-993.2
52390,3716,-72,-23.8279,-0.6066,0.8002,0.999,4008,20461.01,22464.69,-57.61,3146.3,8800.56,-1020.11
52400,3667,-5,-32.6952,-0.0062,0.8072,1.0206,4055,20478.38,22438.84,-57.94,3105.8,8817.0,-1046.45
52410,3669,64,-39.2081,0.001,0.7951,0.9851,4300,20494.61,22411.73,-58.33,3105.8,8833.78,-1072.59
52420,3673,79,-92.0291,0.4426,0.8068,0.9964,3800,20510.77,22384.08,-59.26,3108.2,8850.42,-1098.89
52430,3704,86,-41.8572,0.4455,0.0134,0.9945,4032,20527.07,22356.4,-59.68,3136.5,8866.9,-1125.58
52440,3771,14,-88.6198,0.0505,0.0244,0.9998,3991,20543.07,22328.6,-60.57,3192.5,8882.85,-1153.24
52450,3726,-94,-161.4509,-0.6461,0.7034,0.9913,4434,20558.56,22300.48,-62.18,3156.5,8897.23,-1181.32
52460,3682,-186,-245.0781,-0.0259,0.792,0.9929,4010,20573.56,22271.94,-64.64,3116.9,8909.76,-1209.88
52470,3681,-183,-178.9519,0.0066,0.7877,0.985,3799,20586.86,22243.04,-66.43,3115.9,8921.23,-1238.87
52480,3682,-125,-100.6612,0.0272,0.7803,0.9966,3799,20598.36,22213.97,-67.44,3116.6,8932.42,-1267.98
52490,3717,-15,27.0059,0.4428,0.1063,0.9886,4410,20609.99,22185.63,-67.17,3146.4,8944.34,-1297.1
52500,3751,88,112.6085,0.4227,-0.006,1.0039,4250,20622.08,22157.68,-66.05,3174.4,8957.51,-1326.01
52510,3734,133,83.809,-0.6258,-0.0115,1.0054,3942,20634.67,22129.95,-65.21,3161.2,8971.46,-1354.39
52520,3689,81,-89.7678,-0.6308,0.5734,1.0006,4177,20647.56,22102.23,-66.12,3121.7,8984.91,-1382.59
52530,3638,10,-195.8453,-0.0065,0.8025,0.9989,3985,20660.59,22074.05,-68.08,3080.7,8996.99,-1410.94
52540,3639,-79,-251.6302,0.0253,0.8084,1.0019,4216,20670.97,22044.42,-70.6,3081.0,9007.26,-1439.99
52550,3641,-156,-265.6728,0.4412,0.8076,0.9739,4166,20680.41,22013.95,-73.26,3082.4,9015.59,-1469.67
52560,3708,-143,-86.3723,0.4461,-0.002,1.0045,3799,20689.43,21982.93,-74.12,3139.4,9023.2,-1500.15
52570,3740,-110,-2.5768,0.4507,0.0106,1.003,4207,20698.34,21951.42,-74.15,3167.5,9030.88,-1530.88
52580,3806,-58,15.5042,-0.2373,0.4776,0.9848,3835,20707.59,21919.54,-74.0,3222.9,9039.17,-1562.02
52590,3788,9,-24.4779,0.0058,0.8064,0.9753,3889,20717.52,21887.47,-74.25,3207.3,9047.95,-1592.87
52600,3790,75,-38.041,0.0013,0.8036,0.9964,3884,20726.37,21854.65,-74.63,3207.0,9057.1,-1623.63
52610,3789,80,-106.5295,0.4422,0.7979,0.9974,3938,20734.71,21821.17,-75.7,3208.6,9065.94,-1654.49
52620,3786,63,-64.2359,-0.6332,0.0032,0.9978,4173,20743.15,21787.23,-76.34,3204.9,9074.15,-1685.49
52630,3694,-34,-116.8459,-0.6305,-0.0098,0.9906,4191,20751.18,21752.76,-77.51,3126.6,9080.92,-1716.02
52640,3596,-152,-223.2468,-0.0044,0.7983,0.9974,4081,20758.53,21717.67,-79.75,3046.2,9085.69,-1746.1
52650,3596,-202,-242.0258,-0.0106,0.8131,0.991,4074,20765.34,21682.03,-82.17,3044.9,9088.83,-1776.39
52660,3596,-146,-145.1899,0.0316,0.7899,0.9965,4147,20768.8,21645.44,-83.63,3044.9,9091.37,-1806.74
52670,3633,-24,-13.9796,0.4525,0.4131,1.0091,4205,20772.41,21608.62,-83.77,3075.1,9094.49,-1837.35
52680,3702,117,132.0402,0.4589,-0.0061,1.0041,3755,20776.82,21572.24,-82.45,3132.2,9099.11,-1868.35
52690,3766,142,72.7778,0.4576,0.2466,1.0111,3854,20781.83,21536.55,-81.73,3188.3,9104.6,-1899.78
52700,3798,48,-150.1814,0.4494,0.6859,1.0144,3631,20786.93,21501.47,-83.23,3215.9,9109.2,-1931.61
52710,3862,-46,-227.5406,0.4503,0.6948,0.9857,4053,20790.74,21466.9,-85.51,3270.5,9112.02,-1964.19
52720,3926,-140,-252.0065,0.4216,0.7034,1.0052,4004,20791.95,21432.73,-88.03,3324.3,9112.71,-1997.43
52730,3988,-166,-146.3247,0.4421,0.1029,1.0002,4214,20792.48,21399.15,-89.5,3377.1,9112.0,-2031.2
52740,4020,-150,-68.2801,0.4498,0.343,1.0002,4494,20792.69,21366.23,-90.18,3403.2,9110.78,-2065.23
52750,4081,-80,6.4337,0.4465,0.3647,1.0147,3993,20792.93,21333.94,-90.12,3454.9,9109.95,-2099.78
52760,4111,17,55.031,0.464,0.3906,0.9901,4322,20792.6,21302.25,-89.57,3480.4,9110.12,-2134.58
52770,4170,101,64.5623,0.4431,0.2687,1.0101,4444,20792.9,21271.22,-88.93,3531.0,9111.37,-2169.87
52780,4200,149,65.4905,0.4489,-0.0013,1.0012,3785,20793.66,21240.74,-88.28,3556.0,9113.44,-2205.39
52790,4258,125,-1.4168,0.4579,0.0076,0.9944,4240,20794.58,21210.95,-88.3,3605.4,9115.52,-2241.4
52800,4285,57,-63.7788,0.4463,-0.0025,1.014,3701,20795.31,21181.72,-88.94,3629.9,9116.82,-2277.66
52810,4343,-34,-99.9712,0.4359,-0.0049,1.0148,3967,20795.6,21153.16,-89.94,3678.4,9116.84,-2314.43
52820,4374,-110,-100.1714,0.1805,-0.0066,0.9831,3784,20795.38,21125.2,-90.94,3702.4,9115.56,-2351.45
52830,4345,-147,-67.5907,-0.6273,0.0094,1.0166,3650,20794.75,21097.84,-91.62,3679.3,9113.44,-2388.19
52840,4306,-141,-16.0391,-0.6371,0.0056,1.0032,4261,20793.93,21071.14,-91.79,3645.4,9111.11,-2424.59
52850,4265,-92,36.9945,-0.6317,0.0034,0.9943,4096,20793.18,21045.03,-91.42,3611.3,9109.28,-2460.66
52860,4183,-19,76.3164,-0.64,0.0221,0.9919,4041,20792.71,21019.52,-90.66,3541.9,9108.43,-2496.07
52870,4142,51,92.2914,-0.614,0.0179,0.999,3880,20792.62,20994.69,-89.74,3506.7,9108.69,-2531.14
52880,4100,109,83.6489,-0.6352,0.0115,0.99,3657,20792.91,20970.46,-88.91,3471.2,9109.98,-2565.83
52890,4056,136,55.1035,-0.6228,0.0027,0.9952,3785,20793.48,20946.83,-88.36,3435.3,9111.91,-2600.14
52900,4014,133,16.0017,-0.6403,0.0077,1.0076,4063,20794.19,20923.81,-88.2,3399.0,9114.02,-2634.07
52910,3971,100,-23.755,-0.6251,-0.0046,0.9839,4337,20794.86,20901.41,-88.44,3362.3,9115.82,-2667.66
52920,3883,47,-55.8029,-0.6135,0.0021,0.992,4065,20795.35,20879.53,-89.01,3287.7,9116.94,-2700.52
52930,3838,-12,-74.3584,-0.627,-0.0074,0.9949,3843,20795.59,20858.19,-89.75,3249.8,9117.19,-2733.01
52940,3793,-64,-77.0141,-0.6194,-0.0001,0.9855,3981,20795.54,20837.45,-90.52,3211.4,9116.57,-2765.12
52950,3748,-102,-65.6011,-0.6397,0.008,0.9935,4044,20795.23,20817.32,-91.18,3172.6,9115.24,-2796.83
52960,3701,-122,-43.8773,-0.6273,0.0072,1.0098,4272,20794.75,20797.81,-91.62,3133.3,9113.44,-2828.13
52970,3654,-121,-16.9001,-0.6482,0.0129,0.9978,3533,20794.17,20778.87,-91.8,3093.4,9111.48,-2859.02
52980,3607,-103,10.7877,-0.6353,-0.005,0.9907,3959,20793.59,20760.01,-91.69,3053.1,9109.66,-2889.52
52990,3605,-68,38.0108,-0.6442,0.0072,1.001,4162,20793.08,20740.69,-91.31,3053.1,9108.25,-2920.02
53000,3557,-22,60.7566,-0.6389,0.0182,1.0048,3914,20792.72,20720.94,-90.71,3012.2,9107.49,-2950.13
53010,3510,27,72.4819,-0.6274,0.0107,1.0201,4058,20792.6,20701.27,-89.99,2970.7,9107.48,-2979.84
53020,3458,70,70.0853,-0.641,-0.0067,0.9947,4010,20792.72,20682.22,-89.29,2928.7,9108.21,-3009.12
53030,3408,100,58.7274,-0.622,-0.0114,1.0212,3849,20793.06,20663.28,-88.71,2886.1,9109.52,-3037.95
53040,3359,113,39.1022,-0.6301,-0.0015,1.0053,4096,20793.57,20643.96,-88.32,2842.8,9111.18,-3066.35
53050,3306,106,11.9261,-0.6348,0.0016,0.9991,3855,20794.18,20624.21,-88.2,2798.8,9112.92,-3094.3
53060,3254,84,-18.5932,-0.6235,0.0032,1.0073,3771,20794.78,20604.31,-88.39,2754.2,9114.46,-3121.82
53070,3198,46,-45.228,-0.6436,0.0044,0.9866,3786,20795.25,20584.76,-88.85,2708.8,9115.53,-3148.88
53080,3144,6,-62.0949,-0.6164,-0.0005,0.9981,3879,20795.54,20565.81,-89.47,2662.6,9116.03,-3175.5
53090,3089,-37,-69.6067,-0.6536,-0.0044,0.994,4003,20795.6,20547.08,-90.17,2615.6,9115.86,-3201.65
53100,3034,-71,-67.8405,-0.647,-0.0002,0.9968,3577,20795.42,20528.07,-90.85,2567.8,9115.09,-3227.33
53110,2975,-102,-79.7664,-0.625,0.0971,1.0205,3919,20795.04,20508.63,-91.65,2519.0,9113.76,-3252.49
53120,2916,-135,-125.4487,-0.641,0.511,0.9955,3884,20794.48,20488.74,-92.91,2469.3,9111.76,-3277.11
53130,2855,-125,-96.9479,-0.6479,0.4823,1.0061,4090,20793.85,20468.62,-93.88,2418.5,9109.38,-3301.17
53140,2796,-97,-65.8098,-0.6394,0.4655,1.0058,3878,20792.75,20448.57,-94.54,2366.7,9106.9,-3324.72
53150,2733,-60,-39.6867,-0.6495,0.4442,1.0008,3883,20790.35,20428.53,-94.94,2313.7,9104.53,-3347.75
53160,2667,-21,-22.9701,-0.6306,0.423,0.9868,3942,20788.15,20408.3,-95.18,2259.5,9102.4,-3370.23
53170,2603,-22,-121.3199,-0.4095,0.7925,1.0011,3902,20786.24,20388.26,-96.39,2204.0,9100.15,-3392.15
53180,2560,7,-122.2347,-0.6219,0.7739,1.0006,4157,20784.62,20368.71,-97.62,2168.5,9097.73,-3413.69
53190,2492,20,-137.3173,-0.6246,0.7678,1.0014,3784,20783.22,20349.72,-98.99,2111.8,9095.04,-3434.63
53200,2423,17,-159.6324,-0.6479,0.722,1.0039,3963,20779.76,20331.43,-100.59,2052.2,9091.92,-3454.92
53210,2351,-1,-188.3109,-0.6513,0.6638,1.0042,3684,20774.8,20313.24,-102.48,1990.9,9088.2,-3474.48
53220,2280,-28,-219.6033,-0.6282,0.639,0.9849,4105,20769.64,20294.61,-104.68,1927.6,9083.76,-3493.27
53230,2199,-89,-315.1918,0.4587,0.8008,0.9895,4019,20764.2,20275.6,-107.84,1862.1,9078.3,-3511.07
53240,2255,-93,-253.2216,0.4441,0.594,1.01,3946,20758.51,20256.57,-110.37,1909.1,9071.68,-3528.98
53250,2310,-121,-249.5463,0.425,0.6234,1.0026,3846,20752.7,20237.98,-112.87,1955.0,9063.87,-3546.91
53260,2359,-139,-233.4579,-0.6252,0.6493,1.0177,3906,20744.1,20221.04,-115.21,1997.6,9054.98,-3564.81
53270,2284,-145,-213.9314,-0.647,0.618,1.0057,4068,20734.69,20204.4,-117.35,1934.6,9045.63,-3581.74
53280,2207,-148,-212.8007,0.4494,0.774,0.9951,4123,20725.01,20187.48,-119.48,1869.4,9035.94,-3597.73
53290,2263,-148,-224.014,0.4421,0.6265,1.0176,4387,20715.28,20170.46,-121.72,1916.2,9025.42,-3613.75
53300,2318,-101,-139.4913,0.4465,0.6376,1.0072,3847,20705.81,20153.7,-123.12,1961.8,9014.36,-3629.97
53310,2370,-67,-117.1505,-0.2905,0.6713,0.9895,4084,20696.77,20137.35,-124.3,2006.5,9002.91,-3646.45
53320,2335,-37,-107.4474,-0.628,0.6635,1.0127,3532,20684.88,20122.98,-125.37,1976.7,8991.51,-3662.6
53330,2335,-10,-111.0915,-0.6472,0.6612,1.0001,4115,20672.89,20108.14,-126.49,1976.7,8979.99,-3678.67
53340,2260,-12,-178.5132,-0.6484,0.609,1.02,3879,20660.78,20092.79,-128.27,1913.0,8968.52,-3693.99
53350,2181,2,-170.9417,0.4402,0.7909,0.9802,4349,20648.6,20077.08,-129.99,1847.0,8957.1,-3708.51
53360,2237,4,-174.6866,0.4606,0.5971,0.9987,3898,20636.59,20061.47,-131.74,1894.4,8944.95,-3723.05
53370,2293,-10,-197.9296,0.4344,0.6366,1.0111,4334,20624.32,20046.92,-133.72,1940.6,8931.94,-3737.48
53380,2343,-38,-221.0699,0.4507,0.6592,0.9763,4304,20610.01,20034.52,-135.93,1985.7,8917.97,-3751.56
53390,2398,-70,-242.7032,-0.2343,0.6683,1.0016,4124,20595.28,20021.99,-138.36,2029.8,8902.93,-3765.21
53400,2370,-133,-329.8599,-0.0157,0.7984,1.0046,3968,20580.02,20009.34,-141.66,2006.0,8887.16,-3777.61
53410,2369,-137,-260.0445,0.4506,0.8117,1.0012,4131,20564.29,19996.63,-144.27,2005.4,8870.7,-3789.07
53420,2419,-156,-243.7825,-0.1653,0.7058,1.001,3871,20548.4,19984.08,-146.71,2049.1,8853.29,-3799.88
53430,2404,-155,-215.1791,-0.6528,0.7016,1.0137,3703,20531.43,19973.54,-148.86,2035.0,8835.56,-3809.9
53440,2332,-140,-185.7026,-0.6632,0.648,0.9925,4033,20513.28,19964.49,-150.72,1973.1,8818.06,-3819.06
53450,2255,-110,-155.831,-0.633,0.6027,0.9957,3976,20495.02,19955.3,-152.28,1909.2,8800.97,-3827.59
53460,2177,-105,-205.0016,0.4502,0.7978,0.998,3849,20477.12,19946.1,-154.34,1843.1,8784.27,-3835.38
53470,2231,-44,-112.025,0.4468,0.6051,1.0094,4073,20459.85,19936.97,-155.46,1890.6,8767.1,-3843.24
53480,2287,-14,-107.7416,0.4458,0.6391,1.0156,3715,20443.23,19927.92,-156.54,1936.9,8749.44,-3851.19
53490,2343,9,-116.6735,0.1682,0.6557,1.0063,3382,20425.55,19921.84,-157.71,1982.1,8731.27,-3859.17
53500,2362,15,-137.6987,-0.6357,0.683,0.9939,3740,20407.48,19915.79,-159.09,1998.3,8712.8,-3866.87
53510,2286,-3,-201.6711,-0.6438,0.6368,1.0129,3713,20388.99,19909.5,-161.11,1935.2,8694.7,-3873.75
53520,2208,-25,-237.6068,0.4377,0.7918,0.9799,4237,20370.18,19903.1,-163.49,1870.0,8676.95,-3879.62
53530,2263,-36,-225.282,0.4562,0.6292,0.9898,3960,20351.43,19896.84,-165.75,1916.8,8658.49,-3884.77
53540,2320,-64,-239.5854,0.1178,0.6379,0.9873,4169,20333.01,19891.37,-168.15,1962.5,8639.32,-3889.06
53550,2331,-95,-245.5279,-0.6316,0.6404,1.0041,4230,20314.18,19889.33,-170.6,1973.0,8619.85,-3892.3
53560,2255,-123,-246.1914,-0.6366,0.6152,1.0016,3604,20295.11,19887.5,-173.07,1909.1,8600.87,-3894.39
53570,2177,-169,-316.4665,0.4549,0.7836,0.9922,4127,20275.63,19885.86,-176.24,1843.1,8582.45,-3895.21
53580,2233,-149,-222.4423,0.459,0.6072,1.008,4192,20256.12,19884.37,-178.46,1890.5,8563.54,-3895.21
53590,2286,-142,-190.9671,0.4342,0.6388,1.0034,4127,20237.04,19882.99,-180.38,1936.8,8544.18,-3894.53
53600,2341,-122,-159.7072,0.1364,0.6826,1.0143,4028,20218.4,19882.77,178.03,1982.0,8524.39,-3893.37
53610,2357,-97,-135.961,-0.6334,0.6801,1.0082,4038,20199.69,19885.06,176.66,1997.0,8504.49,-3891.87
53620,2283,-67,-120.7167,-0.6505,0.6467,0.9928,4123,20180.55,19887.21,175.45,1933.9,8485.23,-3890.21
53630,2206,-60,-182.4154,0.4388,0.8021,0.9911,3871,20161.05,19889.17,173.63,1868.7,8466.65,-3888.26
53640,2263,-5,-108.8633,0.4324,0.605,1.0252,4003,20141.4,19890.88,172.53,1915.5,8447.61,-3886.12
53650,2315,14,-122.5694,0.4351,0.6203,0.9837,4446,20122.09,19892.36,171.31,1961.2,8428.15,-3883.71
53660,2368,19,-142.2043,0.4685,0.6388,0.9966,3979,20103.59,19895.39,169.88,2005.8,8408.3,-3880.85
53670,2421,11,-168.597,-0.5563,0.6757,1.0061,4043,20085.43,19900.15,168.19,2049.5,8388.1,-3877.33
53680,2356,-12,-200.274,0.1186,0.7985,1.0094,3800,20066.81,19905.07,166.19,1995.0,8368.59,-3873.14
53690,2370,-74,-311.1522,0.4595,0.8079,0.9939,3767,20047.75,19910.25,163.07,2006.9,8349.27,-3867.7
53700,2422,-83,-259.059,-0.064,0.724,1.0075,4139,20028.49,19915.71,160.48,2050.6,8329.88,-3861.01
53710,2414,-115,-261.4791,-0.6354,0.7002,1.0181,3969,20009.53,19921.34,157.86,2044.0,8310.98,-3853.23
53720,2415,-140,-253.2679,-0.6125,0.7087,0.9947,3712,19991.85,19929.88,155.32,2044.0,8292.54,-3844.41
53730,2266,-151,-239.5329,-0.6403,0.6245,0.9945,3965,19974.26,19939.72,152.93,1918.8,8275.66,-3835.26
53740,2189,-158,-243.3625,0.4513,0.7865,0.9921,3818,19956.46,19949.83,150.49,1853.0,8259.78,-3825.69
53750,2244,-147,-219.9076,0.4574,0.6009,0.9978,3979,19938.89,19959.84,148.29,1900.2,8243.87,-3815.29
53760,2300,-103,-141.3251,0.4477,0.6226,0.991,4047,19921.83,19969.44,146.87,1946.3,8227.76,-3804.35
53770,2299,-71,-116.6591,0.4576,0.5892,0.9937,4144,19905.46,19978.91,145.7,1946.3,8211.77,-3793.24
53780,2352,-40,-105.062,0.0112,0.6534,1.0241,4075,19890.86,19990.87,144.65,1991.3,8195.49,-3781.77
53790,2354,-12,-106.8183,-0.6417,0.6399,1.0082,4115,19875.8,20002.89,143.58,1991.8,8179.27,-3770.19
53800,2279,-21,-198.5879,-0.6314,0.6453,0.998,3796,19860.25,20015.0,141.59,1928.5,8163.83,-3758.61
53810,2201,9,-152.2344,0.4567,0.8002,0.9935,4001,19844.32,20027.19,140.06,1863.1,8149.14,-3747.13
53820,2257,3,-180.5571,0.4251,0.6284,0.9904,4090,19828.44,20039.22,138.25,1910.1,8134.44,-3734.9
53830,2312,-9,-204.9544,0.1902,0.6636,1.0119,3855,19814.07,20052.01,136.2,1955.9,8119.87,-3721.82
53840,2332,-40,-228.3011,-0.6512,0.6533,1.0094,4058,19801.52,20066.46,133.91,1975.4,8105.84,-3707.92
53850,2259,-74,-250.4946,-0.6388,0.6214,0.9992,4320,19788.88,20081.31,131.41,1911.6,8093.01,-3693.73
53860,2180,-133,-333.0272,0.4376,0.7915,1.0064,3879,19776.17,20096.6,128.07,1845.6,8081.63,-3679.2
53870,2238,-131,-250.6452,0.4247,0.5936,0.9811,4072,19763.74,20111.97,125.56,1893.0,8070.81,-3663.65
53880,2290,-144,-229.3861,0.446,0.6053,1.0072,3823,19751.82,20127.03,123.27,1939.2,8060.52,-3647.2
53890,2343,-149,-203.6961,-0.04,0.6492,1.0004,4022,19742.04,20143.22,121.22,1984.4,8050.69,-3629.96
53900,2343,-138,-178.4198,-0.636,0.6477,0.9971,4092,19733.37,20160.43,119.44,1982.2,8041.4,-3612.43
53910,2266,-116,-152.793,-0.6389,0.6051,1.0016,4137,19724.47,20177.98,117.91,1918.6,8032.78,-3595.28
53920,2190,-115,-208.2082,0.4351,0.7948,1.0007,4006,19715.27,20195.8,115.82,1852.9,8024.92,-3578.48
53930,2243,-55,-122.8906,0.4501,0.6046,1.0127,4049,19705.67,20213.91,114.59,1900.1,8017.01,-3561.21
53940,2297,-21,-121.8458,0.4369,0.6414,1.0051,3945,19695.64,20232.29,113.37,1946.1,8009.03,-3543.48
53950,2353,0,-135.2522,0.14,0.668,0.9987,4099,19689.03,20252.6,112.01,1991.1,8001.08,-3525.21
53960,2367,9,-162.8708,-0.6482,0.6962,0.9961,4208,19682.06,20273.29,110.38,2004.7,7993.46,-3506.66
53970,2293,-27,-276.5153,0.4428,0.8047,0.9915,4130,19674.84,20294.39,107.61,1941.9,7986.89,-3488.38
53980,2401,-25,-236.7696,0.2695,0.6783,0.988,4326,19667.49,20316.0,105.24,2031.0,7980.94,-3468.94
53990,2429,-66,-276.3867,-0.6218,0.6991,0.9998,4066,19660.22,20338.14,102.47,2056.5,7976.1,-3448.95
54000,2356,-113,-301.8409,-0.6475,0.6414,0.9935,4096,19657.49,20361.69,99.45,1995.3,7972.73,-3429.29
54010,2282,-150,-306.3192,-0.6312,0.6212,0.9895,4006,19655.08,20385.72,96.39,1932.2,7970.79,-3410.06
54020,2206,-195,-367.4417,0.4699,0.7972,0.9921,4007,19652.96,20410.21,92.71,1866.9,7970.31,-3391.38
54030,2315,-171,-265.9118,0.4484,0.6524,0.9975,3871,19651.01,20435.09,90.05,1959.5,7970.81,-3371.78
54040,2367,-147,-220.6653,0.1218,0.6809,0.9873,3985,19651.16,20460.23,87.84,2004.2,7972.01,-3351.77
54050,2380,-106,-178.3271,-0.6303,0.6952,0.9876,3824,19654.09,20485.51,86.05,2015.7,7973.63,-3331.68
54060,2306,-86,-229.8685,-0.6496,0.6834,1.015,4241,19656.69,20511.09,83.75,1953.2,7975.66,-3312.26
54070,2285,-18,-146.57,0.4509,0.615,0.9935,3749,19658.88,20537.03,82.28,1935.0,7977.85,-3293.03
54080,2339,-1,-173.02,0.1845,0.6454,1.0079,4098,19661.08,20562.75,80.55,1980.2,7980.47,-3273.4
54090,2361,-8,-217.0922,-0.6526,0.6587,0.9979,3969,19667.57,20587.56,78.37,1998.3,7983.79,-3253.68
54100,2208,-47,-278.3785,0.4605,0.7923,1.0056,3807,19674.1,20612.42,75.59,1870.1,7987.89,-3235.43
54110,2262,-109,-373.4484,0.4734,0.6197,1.0019,3867,19680.89,20637.34,71.85,1916.9,7993.51,-3217.12
54120,2318,-134,-339.4059,0.4523,0.6322,1.0078,3728,19688.13,20662.42,68.45,1962.6,8000.68,-3198.85
54130,2371,-171,-334.3752,0.4384,0.6695,1.0056,3542,19699.25,20685.96,65.1,2007.2,8009.39,-3180.76
54140,2473,-181,-295.6509,0.4442,0.7363,1.0032,3975,19711.66,20708.33,62.14,2093.6,8019.6,-3162.47
54150,2521,-144,-177.0903,0.4528,0.5208,0.9834,3741,19724.09,20730.4,60.37,2135.5,8030.63,-3144.18
54160,2572,-61,6.3384,0.444,0.102,1.0065,4122,19736.45,20752.47,60.43,2176.6,8041.73,-3125.44
54170,2666,-14,44.6912,0.4564,0.1103,0.9992,3761,19748.79,20774.57,60.88,2256.5,8052.83,-3105.78
54180,2710,37,62.7736,0.4469,0.1171,0.9854,3719,19761.28,20796.82,61.5,2295.4,8063.56,-3085.5
54190,2757,76,53.9357,0.4658,0.1178,0.9872,4065,19773.38,20819.21,62.04,2333.7,8073.96,-3064.6
54200,2800,103,52.469,0.463,0.0209,1.0063,4155,19784.97,20841.31,62.56,2371.3,8084.13,-3043.17
54210,2887,129,107.3924,0.4634,0.7397,1.006,3791,19796.27,20863.14,63.63,2444.9,8094.17,-3020.88
54220,2932,119,132.9439,0.4528,0.7573,0.9856,4150,19807.58,20884.87,64.96,2480.8,8104.01,-2998.08
54230,2973,71,97.3668,0.2162,0.7862,1.0025,4124,19818.67,20906.67,65.93,2516.3,8113.86,-2974.91
54240,2993,15,80.9357,0.0222,0.801,0.9975,4254,19827.32,20929.73,66.73,2534.4,8123.85,-2951.62
54250,3037,-26,88.9583,0.4615,0.7217,1.0062,3906,19836.48,20952.99,67.62,2570.7,8133.95,-2927.97
54260,3078,-92,-7.8707,0.2045,-0.0021,1.0089,4291,19846.13,20976.62,67.54,2604.9,8144.46,-2904.11
54270,3095,-77,50.6533,-0.6206,0.2681,1.003,4399,19856.09,21000.6,68.04,2619.9,8154.85,-2880.04
54280,3036,12,222.0622,-0.0414,0.7848,1.0151,3907,19866.14,21025.03,70.26,2572.1,8163.94,-2855.99
54290,3032,71,267.24,-0.0016,0.7909,0.997,3889,19875.83,21050.12,72.93,2568.7,8171.55,-2831.47
54300,3036,133,286.938,0.0271,0.7963,0.9955,4340,19881.81,21076.79,75.8,2569.2,8177.47,-2806.46
54310,3078,176,273.6405,0.3068,0.5516,1.0168,4250,19887.42,21103.96,78.53,2605.4,8181.87,-2780.76
54320,3104,120,61.6307,-0.637,-0.0046,1.0085,4005,19892.74,21131.3,79.14,2627.9,8185.84,-2754.77
54330,3048,123,103.3881,-0.66,0.4598,1.009,3682,19897.99,21158.58,80.17,2580.3,8189.37,-2729.2
54340,2986,93,123.567,-0.0036,0.7963,0.9937,4269,19903.46,21185.77,81.41,2529.6,8192.58,-2704.12
54350,2985,28,94.5347,0.0024,0.7958,0.9948,3654,19907.47,21213.21,82.35,2528.9,8195.84,-2679.06
54360,2989,-20,98.9043,0.0176,0.8021,1.0182,4180,19909.84,21241.08,83.34,2529.8,8199.08,-2653.95
54370,3035,-64,71.8869,-0.1754,0.347,0.9887,3973,19912.58,21268.63,84.05,2566.9,8202.33,-2628.45
54380,3017,-92,-1.6194,-0.6389,0.012,0.9958,4183,19915.47,21296.01,84.03,2554.3,8205.59,-2603.1
54390,2899,24,234.8461,-0.0257,0.7908,1.0043,4039,19918.25,21323.42,86.38,2455.3,8207.5,-2578.63
54400,2900,94,296.9743,-0.0146,0.7943,0.9878,4082,19920.68,21350.96,89.34,2453.0,8207.75,-2554.07
54410,2896,151,310.9316,-0.0055,0.7751,0.9848,4125,19919.45,21378.83,92.45,2452.4,8206.22,-2529.6
54420,2902,184,291.0433,0.4549,0.8042,1.0028,3988,19916.58,21407.04,95.36,2456.2,8203.11,-2505.22
54430,2944,133,111.5382,0.4676,0.2996,1.0013,3977,19913.44,21435.12,96.47,2492.0,8199.36,-2480.57
54440,3027,95,48.0777,0.4598,0.6696,0.9997,4044,19910.32,21463.09,96.95,2562.1,8195.43,-2455.23
54450,3066,64,81.3219,0.4489,0.6919,0.9941,3958,19907.49,21491.06,97.76,2596.4,8191.45,-2429.58
54460,3106,1,59.3485,0.4484,0.7276,0.9932,3773,19903.9,21519.01,98.35,2630.3,8187.62,-2403.56
54470,3184,-46,72.6817,0.4533,0.7567,0.9907,4016,19898.63,21546.82,99.07,2696.8,8183.78,-2376.87
54480,3224,-72,77.0664,0.4525,0.7076,1.0176,4132,19893.75,21574.4,99.84,2729.5,8179.75,-2349.86
54490,3301,-78,46.0568,-0.2093,0.5129,1.0028,3956,19888.97,21601.91,100.3,2793.6,8175.34,-2322.25
54500,3282,29,229.1128,-0.001,0.8081,1.007,4317,19883.99,21629.41,102.59,2779.4,8169.54,-2295.07
54510,3280,93,260.2047,0.0073,0.7962,0.9963,4120,19878.46,21656.62,105.19,2777.9,8162.1,-2268.32
54520,3281,150,254.3778,0.0073,0.797,1.0034,3722,19869.59,21682.3,107.73,2778.2,8152.99,-2242.07
54530,3284,174,219.1023,0.4598,0.7934,0.9953,3899,19860.54,21707.27,109.92,2780.0,8142.58,-2216.27
54540,3322,119,45.2541,-0.2012,0.3085,0.995,4211,19851.53,21731.61,110.37,2811.7,8131.78,-2190.29
54550,3253,110,73.2394,-0.0241,0.8007,0.9966,4535,19842.79,21755.31,111.1,2753.7,8121.02,-2164.93
54560,3251,68,74.8343,-0.0213,0.7975,1.0094,4043,19834.49,21778.47,111.84,2751.6,8110.26,-2139.59
54570,3249,10,54.2869,0.0102,0.7858,0.9929,3889,19825.96,21800.87,112.38,2750.7,8099.67,-2114.2
54580,3249,-33,56.1718,0.0146,0.7937,0.996,4231,19816.03,21822.06,112.94,2750.9,8089.17,-2088.77
54590,3252,-61,76.2675,0.4578,0.7991,0.986,3912,19806.62,21842.82,113.7,2752.4,8078.59,-2063.34
54600,3325,-99,17.8011,0.474,-0.0097,1.0203,3748,19797.6,21863.1,113.88,2816.0,8067.8,-2037.32
54610,3363,-78,58.1566,-0.4494,0.6216,1.0073,3558,19788.86,21882.81,114.46,2847.3,8056.57,-2011.14
54620,3327,-11,163.477,-0.0054,0.8136,0.9999,3934,19780.26,21901.93,116.09,2815.8,8044.53,-1985.67
54630,3325,34,180.8201,-0.0053,0.8033,1.0076,3971,19771.73,21920.42,117.89,2814.5,8031.4,-1960.77
54640,3323,82,186.0629,-0.0031,0.8171,0.9892,3895,19762.27,21937.81,119.75,2814.2,8017.15,-1936.51
54650,3325,118,182.8183,0.0223,0.7947,1.0074,4134,19751.47,21954.44,121.58,2815.1,8001.85,-1912.87
54660,3327,148,171.1267,0.4339,0.8246,1.0062,4374,19740.24,21971.32,123.28,2817.0,7985.6,-1889.85
54670,3364,138,93.6244,-0.1596,0.1756,0.9977,3953,19728.71,21988.36,124.22,2848.3,7968.67,-1866.93
54680,3350,107,9.6528,-0.6336,0.3116,0.9758,3847,19717.27,22005.17,124.31,2836.9,7951.77,-1844.14
54690,3299,114,83.1148,-0.018,0.7992,1.0156,4044,19706.16,22021.59,125.14,2792.8,7934.93,-1821.84
54700,3297,72,58.7396,-0.0169,0.7993,0.9919,4356,19695.18,22038.09,125.72,2791.0,7918.09,-1799.57
54710,3295,27,44.5341,0.0375,0.8009,0.9871,3914,19684.0,22054.94,126.17,2790.3,7901.37,-1777.24
54720,3295,-18,42.1282,-0.0347,0.8213,1.0097,3697,19671.1,22070.79,126.58,2790.7,7884.78,-1754.81
54730,3291,-53,51.8554,-0.627,0.8009,1.0101,4370,19658.59,22086.56,127.1,2787.7,7868.26,-1732.36
54740,3239,-71,59.8917,-0.6242,0.4957,1.0055,3880,19646.6,22101.98,127.69,2742.8,7851.93,-1710.32
54750,3186,-105,-13.9303,-0.6386,0.0018,1.0156,3661,19634.98,22117.06,127.55,2697.2,7835.96,-1688.56
54760,3131,-61,77.7275,-0.6331,0.6622,1.0241,3661,19623.37,22132.14,128.33,2650.9,7819.94,-1667.43
54770,3075,-11,153.428,-0.6314,0.7103,1.0055,3743,19611.4,22147.53,129.86,2603.7,7803.51,-1647.22
54780,3016,34,178.065,-0.6439,0.6698,1.0132,3944,19599.01,22163.16,131.64,2555.6,7786.58,-1628.11
54790,2959,80,191.4642,-0.6287,0.6512,1.0071,3923,19585.31,22177.99,133.55,2506.6,7769.1,-1610.16
54800,2901,112,186.8767,-0.653,0.6051,0.9895,3999,19570.76,22191.68,135.41,2456.7,7751.2,-1593.33
54810,2842,131,167.6005,-0.6305,0.6114,1.0039,4035,19556.47,22204.82,137.09,2405.7,7733.04,-1577.54
54820,2779,117,91.0754,-0.6374,0.0556,0.9946,3958,19542.14,22217.78,137.99,2353.5,7714.95,-1562.48
54830,2716,87,10.8935,-0.6323,0.3895,0.9999,3823,19527.45,22231.0,138.1,2300.3,7697.23,-1547.81
54840,2652,119,130.4629,-0.6211,0.7238,0.9961,3848,19512.64,22244.36,139.4,2245.7,7679.66,-1533.81
54850,2587,83,103.2622,-0.6437,0.6777,1.0008,3750,19498.16,22257.6,140.43,2189.8,7662.41,-1520.31
54860,2586,48,83.9449,-0.6428,0.6641,0.9935,3981,19484.3,22270.55,141.27,2189.8,7645.11,-1506.88
54870,2518,13,77.8827,-0.6247,0.6306,0.9853,4040,19468.77,22281.29,142.04,2132.4,7628.26,-1493.82
54880,2448,-11,85.1646,-0.6599,0.5933,1.0013,3828,19452.97,22292.36,142.89,2073.5,7611.83,-1481.19
54890,2377,-8,149.5742,-0.6385,0.567,0.995,3976,19436.92,22303.86,144.39,2012.8,7595.67,-1469.18
54900,2304,-9,172.705,0.4499,0.8008,0.99,3931,19420.74,22315.63,146.11,1950.2,7579.71,-1457.94
54910,2358,-3,181.3649,0.435,0.6233,1.0047,3927,19404.76,22327.29,147.92,1995.1,7563.01,-1446.99
54920,2408,15,204.1604,0.3857,0.6625,1.0106,4154,19388.83,22337.9,149.96,2039.0,7545.51,-1436.51
54930,2453,46,224.1328,-0.6385,0.6746,1.0055,3864,19371.6,22345.87,152.2,2076.8,7527.19,-1426.72
54940,2382,83,241.2485,-0.6508,0.6482,0.9826,3971,19353.97,22353.79,154.61,2016.2,7508.91,-1418.2
54950,2308,143,325.2308,0.4544,0.7996,0.9981,4213,19335.81,22361.67,157.86,1953.7,7490.67,-1411.19
54960,2360,145,253.4679,0.4462,0.7206,1.0086,4276,19317.25,22369.45,160.39,1998.5,7471.65,-1405.07
54970,2415,156,232.0233,0.2178,0.6971,0.9969,3822,19298.7,22377.02,162.71,2042.4,7451.89,-1399.76
54980,2435,151,202.5283,-0.6275,0.7152,0.985,4126,19279.64,22382.54,164.73,2061.7,7431.79,-1395.14
54990,2363,131,173.6373,-0.6529,0.6789,0.9756,4028,19259.75,22386.28,166.46,2000.6,7412.17,-1391.2
55000,2290,101,146.376,-0.6338,0.6189,1.0127,3530,19239.61,22390.19,167.92,1937.7,7393.09,-1387.73
55010,2213,90,192.4459,0.4505,0.8153,0.9902,3505,19219.66,22394.27,169.84,1872.6,7374.59,-1384.76
55020,2267,30,112.21,0.4808,0.6323,0.9853,4057,19200.27,22398.49,170.96,1919.3,7355.62,-1381.84
55030,2322,6,112.7782,0.4343,0.6461,0.9954,3668,19181.53,22402.81,172.09,1964.9,7336.16,-1379.03
55040,2374,-14,126.0887,0.2147,0.6496,1.0003,3423,19162.62,22404.01,173.34,2009.5,7316.22,-1376.4
55050,2401,-19,150.8856,-0.6431,0.6738,0.9909,4090,19143.38,22404.95,174.85,2032.2,7296.01,-1374.15
55060,2329,11,222.6327,-0.654,0.7042,0.9937,3705,19123.66,22405.97,177.07,1970.2,7276.33,-1372.74
55070,2251,37,253.1561,0.4352,0.7838,1.0176,3916,19103.62,22406.96,-180.4,1906.3,7257.27,-1372.32
55080,2307,53,239.9911,0.4536,0.6267,0.9939,4149,19083.73,22407.8,-178.0,1952.2,7237.75,-1372.91
55090,2357,82,249.4105,-0.0083,0.6681,1.0074,4178,19064.42,22407.73,-175.51,1997.0,7217.86,-1374.59
55100,2360,112,249.5964,-0.6426,0.6472,1.0154,3838,19045.66,22404.38,-173.02,1997.4,7198.08,-1377.39
55110,2286,133,244.598,-0.6398,0.6142,1.0012,4048,19026.75,22400.76,-170.57,1934.3,7179.08,-1381.11
55120,2208,171,300.7769,0.4509,0.8101,1.0053,4041,19007.51,22396.89,-167.57,1869.1,7160.98,-1385.82
55130,2263,145,201.6923,0.4525,0.6004,1.005,3862,18988.29,22392.89,-165.55,1915.9,7142.63,-1391.37
55140,2317,132,169.1222,0.4629,0.6266,1.006,4260,18969.51,22388.96,-163.87,1961.6,7124.02,-1397.59
55150,2369,107,139.2338,-0.0649,0.6661,0.9959,3972,18951.47,22383.97,-162.48,2006.2,7105.1,-1404.28
55160,2363,77,118.4911,-0.6311,0.664,1.0097,4176,18933.97,22376.84,-161.29,2000.0,7086.32,-1411.17
55170,2287,45,107.8653,-0.6423,0.6417,0.9878,3934,18916.0,22369.75,-160.22,1937.1,7068.18,-1417.96
55180,2211,43,179.8517,0.468,0.7933,0.9976,4097,18897.59,22362.76,-158.43,1871.9,7050.78,-1424.85
55190,2267,-6,122.3144,0.4261,0.6023,1.0312,3927,18878.93,22355.94,-157.21,1918.7,7032.99,-1432.08
55200,2319,-16,141.3289,0.4508,0.6365,0.9972,3591,18860.5,22349.39,-155.79,1964.3,7014.93,-1439.8
55210,2373,-15,164.1315,0.2061,0.6823,1.011,3796,18843.42,22341.19,-154.16,2008.9,6996.66,-1448.19
55220,2396,2,192.1023,-0.6319,0.6748,1.0075,3831,18827.04,22331.55,-152.24,2028.7,6978.54,-1457.32
55230,2321,32,222.8951,0.4534,0.7996,1.0066,3704,18810.29,22321.58,-150.01,1966.7,6961.41,-1466.96
55240,2375,94,319.0506,0.46,0.7693,0.9996,4079,18793.21,22311.21,-146.82,2011.2,6944.59,-1477.98
55250,2425,106,263.764,0.1184,0.7026,0.9877,4126,18775.94,22300.42,-144.19,2054.8,6928.12,-1490.24
55260,2442,133,261.0644,-0.6485,0.7076,0.9882,3960,18758.88,22289.45,-141.58,2066.4,6912.26,-1503.51
55270,2370,150,245.7326,-0.6412,0.653,1.0122,3785,18744.08,22275.58,-139.13,2005.5,6897.57,-1517.19
55280,2294,155,224.407,-0.66,0.6273,1.0029,3789,18729.39,22260.91,-136.89,1942.6,6883.96,-1531.06
55290,2218,166,261.0159,0.4451,0.8147,0.9897,4185,18714.46,22245.91,-134.28,1877.7,6871.43,-1545.06
55300,2273,116,167.2773,0.4601,0.6113,0.9868,4334,18699.2,22230.69,-132.61,1924.3,6858.91,-1559.68
55310,2326,82,138.9723,0.4464,0.6347,0.9971,4128,18683.51,22215.31,-131.22,1969.8,6846.3,-1574.81
55320,2379,44,126.1232,-0.132,0.6878,1.01,3910,18669.24,22198.16,-129.96,2014.3,6833.53,-1590.39
55330,2365,12,130.1748,-0.6396,0.6525,0.9958,3796,18655.8,22179.69,-128.67,2001.4,6820.96,-1605.98
55340,2289,21,224.5218,-0.6335,0.65,1.0082,4032,18641.84,22161.05,-126.42,1938.4,6809.21,-1621.4
55350,2269,3,200.3483,0.4314,0.6312,0.9987,3958,18627.43,22142.11,-124.42,1920.1,6798.04,-1637.04
55360,2322,25,245.271,0.1724,0.6601,0.9793,4117,18612.71,22122.8,-121.97,1965.7,6787.35,-1653.55
55370,2341,64,285.8939,-0.6435,0.6535,0.9943,3810,18601.5,22101.43,-119.12,1981.9,6777.6,-1670.81
55380,2266,106,306.8992,-0.6459,0.6313,0.9946,4023,18591.42,22079.77,-116.05,1918.3,6769.32,-1688.11
55390,2190,167,382.3291,0.435,0.764,1.0068,3979,18581.71,22058.06,-112.23,1852.6,6762.71,-1705.44
55400,2300,161,289.0488,0.4479,0.6369,1.0053,4064,18572.34,22036.27,-109.35,1945.8,6756.91,-1724.04
55410,2352,165,252.6855,0.1088,0.6533,1.013,3507,18563.81,22014.6,-106.82,1990.8,6751.96,-1743.33
55420,2363,150,207.5498,-0.6604,0.651,0.993,4206,18559.22,21992.13,-104.75,2001.3,6747.71,-1762.89
55430,2290,116,168.6375,-0.6447,0.6273,0.9909,4090,18554.53,21969.64,-103.07,1938.3,6744.0,-1781.93
55440,2214,103,214.104,0.4243,0.7959,1.0091,3934,18549.53,21946.83,-100.93,1873.3,6740.87,-1800.41
55450,2268,37,134.0141,0.4537,0.6021,1.0172,4067,18544.17,21923.95,-99.59,1920.0,6737.8,-1819.37
55460,2321,8,139.0887,0.4507,0.6474,1.0038,4364,18539.76,21901.35,-98.2,1965.6,6734.87,-1838.8
55470,2424,-11,159.3326,-0.565,0.7012,0.9843,4208,18538.41,21878.93,-96.61,2053.7,6732.18,-1859.16
55480,2361,-2,194.0449,0.4249,0.7948,0.9923,4301,18536.92,21856.47,-94.68,1998.0,6730.17,-1879.06
55490,2413,46,302.9891,0.4299,0.8068,0.9995,4236,18535.41,21833.53,-91.65,2041.5,6729.28,-1899.47
55500,2461,58,270.8048,0.4554,0.7086,0.9948,3854,18534.05,21810.3,-88.94,2084.4,6729.57,-1920.31
55510,2512,99,291.5229,0.4576,0.725,0.9963,3807,18534.51,21787.35,-86.03,2126.5,6731.24,-1941.52
55520,2561,136,292.8202,0.4482,0.7757,0.9888,4186,18538.13,21764.79,-83.11,2167.7,6734.34,-1962.98
55530,2609,167,282.3354,0.43,0.7836,1.0028,4038,18542.12,21741.97,-80.29,2208.2,6738.87,-1984.6
55540,2701,126,113.2273,0.453,0.0756,0.9913,4049,18546.41,21718.77,-79.16,2287.0,6744.16,-2006.86
55550,2747,90,16.0213,0.4292,0.0703,0.9986,4054,18550.79,21695.48,-79.0,2325.4,6749.59,-2029.49
55560,2792,55,-24.8999,0.4354,0.0776,1.0053,4153,18555.21,21672.61,-79.25,2363.2,6754.83,-2052.55
55570,2836,9,-54.1084,0.4485,0.0792,0.9849,3926,18559.5,21650.07,-79.8,2400.4,6759.64,-2076.07
55580,2878,-42,-72.9573,-0.1582,0.0765,0.9872,4410,18563.52,21627.23,-80.53,2437.0,6763.84,-2100.08
55590,2802,-152,-266.048,-0.0523,0.7756,1.0054,4029,18567.25,21603.95,-83.19,2373.1,6766.51,-2123.65
55600,2801,-171,-241.9314,-0.0108,0.8099,1.0176,4545,18570.71,21580.6,-85.62,2370.8,6767.95,-2147.33
55610,2799,-162,-199.7632,-0.0145,0.7947,0.979,3907,18572.14,21557.52,-87.62,2370.2,6768.51,-2171.04
55620,2799,-135,-155.6088,-0.6366,0.7981,1.0164,4045,18571.58,21534.71,-89.18,2369.2,6768.51,-2194.74
55630,2736,-91,-121.5151,-0.6414,0.7631,0.996,4021,18571.18,21511.78,-90.39,2316.2,6768.28,-2217.91
55640,2672,-49,-117.0239,0.4493,0.8026,0.9904,4004,18571.08,21488.44,-91.57,2262.1,6767.92,-2240.53
55650,2717,-2,-96.1068,0.4586,0.729,0.9925,4025,18571.34,21464.86,-92.53,2300.9,6767.5,-2263.53
55660,2807,28,-112.9023,-0.5038,0.7686,0.9981,3644,18570.37,21441.7,-93.66,2376.6,6766.89,-2287.3
55670,2756,33,-142.6193,-0.6445,0.738,1.0101,4315,18567.46,21419.15,-95.09,2334.4,6765.86,-2310.62
55680,2693,12,-182.5513,-0.6423,0.7213,1.0236,3905,18564.58,21396.46,-96.92,2280.6,6764.1,-2333.36
55690,2628,-36,-252.7723,0.4517,0.8056,0.9929,4013,18561.54,21373.33,-99.45,2225.6,6761.23,-2355.43
55700,2676,-77,-269.9111,0.4433,0.7436,0.9803,3960,18558.2,21349.95,-102.15,2265.0,6756.96,-2377.69
55710,2721,-122,-279.5106,0.2978,0.7689,1.0055,3715,18553.28,21327.15,-104.95,2303.8,6751.17,-2399.99
55720,2730,-154,-264.1393,-0.65,0.796,0.9991,4251,18545.6,21305.63,-107.59,2312.4,6744.04,-2421.98
55730,2668,-164,-237.6391,0.4486,0.7937,1.0009,4087,18537.69,21284.25,-109.97,2258.2,6736.01,-2443.1
55740,2713,-164,-214.1776,0.4499,0.7592,0.9975,4184,18529.52,21262.54,-112.12,2297.0,6726.99,-2464.24
55750,2757,-131,-152.0458,0.4469,0.7338,1.0002,4071,18521.26,21240.52,-113.64,2335.3,6717.35,-2485.51
55760,2801,-87,-116.1492,0.0611,0.7627,0.9939,3668,18512.31,21218.86,-114.81,2372.9,6707.37,-2507.02
55770,2810,-38,-93.4399,-0.6634,0.7877,0.985,4201,18501.31,21198.63,-115.75,2379.1,6697.31,-2528.58
55780,2686,5,-91.4555,0.44,0.775,1.0194,4126,18490.7,21178.42,-116.66,2272.5,6687.69,-2549.19
55790,2731,19,-136.3787,0.425,0.7591,1.0051,3742,18480.16,21157.67,-118.03,2311.1,6677.64,-2570.02
55800,2776,27,-156.0213,0.2183,0.8068,0.9992,3880,18469.63,21136.47,-119.59,2349.2,6666.96,-2590.97
55810,2794,8,-198.1427,-0.0335,0.7894,1.0095,3610,18458.47,21115.77,-121.58,2366.2,6655.45,-2611.65
55820,2789,-27,-232.4001,-0.6282,0.8063,0.9927,3977,18444.89,21097.2,-123.91,2362.1,6642.99,-2631.71
55830,2727,-74,-256.1021,-0.6296,0.7576,0.9883,3941,18431.24,21078.97,-126.47,2309.0,6629.68,-2650.58
55840,2663,-125,-285.7361,0.4633,0.8018,0.988,4322,18417.14,21060.67,-129.33,2254.6,6615.52,-2668.13
55850,2754,-155,-263.407,0.4452,0.7606,0.9939,3833,18402.54,21042.3,-131.97,2331.9,6599.81,-2685.37
55860,2797,-170,-236.7292,-0.1217,0.8022,0.9936,3644,18387.32,21024.37,-134.34,2369.5,6583.01,-2702.07
55870,2788,-159,-197.2422,-0.6368,0.7804,0.9866,4055,18369.43,21008.79,-136.31,2360.4,6565.67,-2718.11
55880,2726,-127,-155.7189,-0.6279,0.752,1.0078,4230,18351.36,20992.98,-137.87,2307.3,6548.39,-2733.41
55890,2661,-86,-140.5064,0.4537,0.7886,0.9763,4514,18333.16,20976.76,-139.28,2252.9,6531.34,-2748.14
55900,2752,-29,-107.0996,0.4116,0.7796,0.9795,4205,18314.86,20959.95,-140.36,2330.2,6513.68,-2763.34
55910,2793,9,-114.8107,-0.1099,0.7976,1.0031,4242,18295.71,20943.52,-141.51,2364.3,6495.67,-2778.68
55920,2781,26,-146.9458,-0.6315,0.7821,1.008,3650,18274.55,20928.92,-142.98,2355.8,6477.5,-2793.67
55930,2654,4,-211.2479,0.4478,0.7987,0.9911,3521,18253.1,20913.9,-145.1,2248.1,6459.68,-2807.37
55940,2702,-32,-257.5353,0.4501,0.742,1.0054,3914,18231.16,20898.63,-147.68,2287.2,6440.83,-2820.34
55950,2746,-86,-300.2246,0.4347,0.7419,0.991,4263,18208.68,20883.37,-150.68,2325.6,6420.84,-2832.22
55960,2803,-145,-321.4391,-0.6274,0.8073,0.9901,4037,18183.76,20871.64,-153.9,2371.5,6399.59,-2842.79
55970,2741,-183,-309.3809,-0.6377,0.7626,0.9957,3637,18157.87,20860.8,-157.0,2320.5,6378.14,-2851.66
55980,2677,-187,-279.8304,0.4497,0.8008,0.9995,3756,18131.51,20850.12,-159.8,2266.5,6356.73,-2859.15
55990,2768,-151,-200.9017,0.4494,0.7417,0.9983,3894,18104.75,20839.34,-161.81,2343.3,6334.37,-2866.2
56000,2811,-92,-146.9276,-0.2596,0.7663,1.0038,4070,18076.69,20831.24,-163.28,2380.8,6311.59,-2873.09
56010,2724,-30,-119.4517,-0.6529,0.7419,0.9922,3884,18047.88,20823.96,-164.48,2307.0,6289.5,-2879.73
56020,2661,1,-158.1336,0.4492,0.8045,1.0041,4039,18018.8,20816.02,-166.06,2252.6,6267.85,-2885.98
56030,2750,12,-198.1254,0.2857,0.7846,0.9924,3805,17989.31,20807.54,-168.05,2329.9,6245.31,-2891.86
56040,2779,-25,-273.491,0.0113,0.7956,1.0063,3846,17958.68,20802.87,-170.79,2354.0,6222.26,-2896.63
56050,2785,-93,-341.8216,0.4553,0.8014,0.9994,3827,17927.26,20799.61,-174.21,2358.8,6198.88,-2899.66
56060,2873,-126,-270.6309,0.4723,0.4133,0.9984,4245,17895.38,20796.9,-176.92,2432.8,6174.6,-2901.14
56070,2916,-159,-225.8532,0.444,0.4457,1.0057,3555,17863.0,20794.97,-179.18,2468.9,6149.9,-2901.25
56080,3000,-155,-161.9096,0.4448,0.4495,1.0038,4333,17830.11,20795.95,-180.8,2539.6,6124.5,-2900.49
56090,3081,-87,-47.7932,0.459,0.0722,1.0004,4141,17796.82,20796.88,178.72,2608.4,6098.42,-2899.74
56100,3121,29,100.352,0.4633,0.0326,1.0112,3877,17763.07,20797.32,179.72,2642.2,6071.99,-2899.96
56110,3199,89,81.5112,0.4498,0.1543,1.0013,3853,17728.88,20797.04,180.53,2708.4,6044.93,-2901.14
56120,3273,112,29.3077,0.4443,0.1607,1.0027,3885,17694.26,20796.63,180.82,2773.0,6017.26,-2902.84
56130,3313,68,-60.4935,0.4425,0.1803,0.9806,3696,17659.18,20796.44,180.21,2804.8,5989.23,-2904.17
56140,3388,-9,-107.7765,0.4698,-0.0122,1.0011,4190,17623.65,20796.63,179.13,2867.2,5960.54,-2904.46
56150,3459,-96,-131.8538,0.4564,0.0182,0.9977,3981,17587.7,20797.59,177.81,2928.4,5931.27,-2903.42
56160,3527,-138,-90.6249,0.447,-0.0141,1.0,3911,17551.33,20799.31,176.9,2988.3,5901.47,-2901.41
56170,3598,-104,3.2081,0.4595,0.0078,0.9891,3655,17514.53,20801.35,176.93,3047.0,5871.06,-2899.38
56180,3665,-6,98.2506,0.4408,-0.0286,0.995,4133,17477.28,20803.07,177.91,3104.5,5840.04,-2898.4
56190,3701,98,138.9317,0.4588,-0.0032,1.0172,4029,17439.56,20803.99,179.3,3132.9,5808.71,-2898.93
56200,3765,144,97.2157,0.4489,0.0201,1.0084,3939,17401.37,20804.09,180.26,3189.0,5776.86,-2900.51
56210,3831,106,-5.4675,0.4566,0.0132,0.9915,4164,17362.73,20803.87,180.21,3244.1,5744.45,-2902.08
56220,3896,-2,-107.5636,0.4546,0.0094,1.0105,4221,17323.67,20804.05,179.13,3298.2,5711.46,-2902.45
56230,3959,-138,-198.0804,0.4431,0.4517,1.0035,4018,17284.17,20805.16,177.14,3351.5,5677.98,-2900.79
56240,4022,-188,-175.9294,0.4501,0.4758,0.9832,3977,17244.27,20807.33,175.38,3403.9,5644.06,-2897.58
56250,4083,-126,-59.8348,0.4676,0.4828,1.0201,3857,17204.06,20811.43,174.78,3455.6,5609.65,-2894.14
56260,4141,23,95.7553,0.4587,-0.0217,0.9945,3685,17163.39,20814.97,175.73,3506.5,5574.65,-2892.02
56270,4201,146,142.053,0.4529,0.0022,1.0153,3992,17122.19,20817.5,177.15,3556.6,5539.08,-2891.64
56280,4260,153,52.9786,0.4416,-0.0061,1.0129,4169,17080.5,20819.31,177.68,3606.1,5502.99,-2891.92
56290,4316,48,-76.7133,0.4616,0.0018,0.982,3869,17038.38,20821.23,176.91,3654.9,5466.45,-2891.22
56300,4403,-95,-152.8249,0.4433,-0.0114,1.0195,4005,16995.93,20824.08,175.38,3726.9,5429.27,-2888.52
56310,4456,-171,-115.1331,0.4385,-0.0019,0.9951,4413,16953.51,20828.0,174.22,3774.1,5391.77,-2884.29
56320,4515,-124,8.5023,0.4521,0.0115,1.0082,3706,16911.13,20832.34,174.3,3820.7,5353.76,-2880.08
56330,4567,22,126.1782,0.4689,-0.0035,0.9952,3828,16868.7,20836.15,175.56,3866.8,5315.17,-2877.54
56340,4622,132,107.0658,0.4346,0.5018,1.0066,4418,16826.2,20838.87,176.63,3912.4,5276.04,-2876.7
56350,4674,133,-38.3119,0.4534,0.6513,1.0075,3829,16783.63,20840.78,176.24,3957.4,5236.45,-2876.03
56360,4727,25,-172.2176,0.4518,0.6852,0.9935,3956,16741.22,20844.8,174.52,4001.9,5196.5,-2873.66
56370,4806,-109,-191.3457,0.4448,0.0095,0.9918,4109,16698.91,20849.71,172.6,4067.8,5156.09,-2868.8
56380,4857,-184,-119.0837,0.4516,0.005,0.9923,4305,16656.73,20855.69,171.41,4111.1,5115.49,-2862.2
56390,4906,-138,2.5671,0.4492,0.0128,0.9903,4103,16614.61,20862.13,171.43,4153.9,5074.47,-2855.57
56400,4956,13,122.4392,0.4541,0.0105,1.012,3844,16572.43,20868.09,172.65,4196.4,5032.79,-2850.66
56410,5006,154,151.5868,0.4389,0.0158,1.0096,4146,16530.12,20872.96,174.16,4238.4,4990.49,-2847.92
56420,5031,183,67.9011,0.0102,-0.0068,0.9984,4009,16487.7,20876.96,174.84,4259.0,4947.91,-2846.18
56430,5031,77,-65.8481,0.0,-0.0122,1.0061,4143,16445.29,20880.96,174.18,4259.0,4905.39,-2843.47
56440,5030,-89,-150.3261,-0.0001,-0.0195,0.9918,4070,16403.03,20885.8,172.67,4259.0,4863.09,-2838.51
56450,5030,-202,-168.1173,-0.0015,0.7456,0.9919,3937,16361.4,20891.66,170.99,4259.0,4821.08,-2831.43
56460,5030,-185,-101.4937,-0.0182,0.7241,0.9951,3722,16320.49,20898.0,169.97,4259.0,4779.21,-2823.53
56470,5031,-46,15.6311,0.0038,0.7342,1.0045,3815,16280.44,20905.71,170.13,4259.0,4737.19,-2816.55
56480,5031,117,106.8768,-0.0117,-0.0075,1.0033,4053,16240.84,20912.36,171.19,4259.0,4694.9,-2811.43
56490,5030,186,87.7609,-0.0087,-0.0061,0.9909,4233,16201.69,20918.06,172.07,4259.0,4652.46,-2807.61
56500,5030,125,-24.1605,-0.0082,0.0,1.0034,3762,16163.12,20923.45,171.82,4259.0,4610.06,-2803.44
56510,5030,-13,-116.5128,-0.0114,-0.0166,0.9972,3606,16125.25,20929.25,170.65,4259.0,4567.89,-2797.54
56520,5030,-139,-135.1495,-0.0198,-0.0073,1.017,4201,16088.15,20935.82,169.3,4259.0,4526.03,-2789.66
56530,5029,-183,-74.4686,0.0119,-0.0095,1.0015,3940,16051.78,20942.99,168.55,4259.0,4484.39,-2780.68
56540,5030,-121,25.3064,0.0196,-0.0121,1.0123,3663,16016.05,20950.2,168.8,4259.0,4442.66,-2772.09
56550,5031,1,107.2061,-0.0105,-0.0108,0.982,4247,15980.84,20956.87,169.87,4259.0,4400.65,-2765.04
56560,5029,123,129.2345,0.0082,-0.0003,1.0143,3694,15946.1,20962.66,171.16,4259.0,4358.38,-2759.91
56570,5030,170,60.1848,-0.572,0.1535,1.0065,3916,15911.89,20967.69,171.76,4259.0,4315.97,-2755.82
56580,4964,117,-77.041,-0.6202,0.7088,1.019,3796,15878.23,20972.38,170.98,4201.8,4274.17,-2751.23
56590,4893,19,-155.6813,-0.6301,0.7114,0.9806,4023,15845.35,20978.07,169.42,4142.3,4233.21,-2745.03
56600,4859,-96,-193.663,-0.6332,0.684,0.9805,4135,15813.34,20984.94,167.48,4112.3,4192.93,-2736.66
56610,4786,-159,-125.0853,-0.6361,-0.009,0.9826,3749,15782.1,20992.32,166.23,4051.5,4153.61,-2726.83
56620,4712,-164,-45.6228,-0.6371,-0.0002,1.0038,3902,15751.52,20999.98,165.77,3989.9,4115.04,-2716.54
56630,4678,-114,28.3941,-0.636,-0.0191,1.0037,4123,15721.61,21007.52,166.05,3958.7,4076.66,-2706.69
56640,4601,-19,87.3491,-0.6383,0.0026,1.0218,4012,15692.18,21014.62,166.92,3895.5,4038.65,-2698.16
56650,4565,79,110.0545,-0.6425,0.0021,0.9949,3871,15663.29,21021.04,168.02,3863.5,4000.63,-2691.18
56660,4527,143,91.7074,-0.6224,-0.0062,1.0091,3597,15634.83,21026.83,168.93,3831.3,3962.73,-2685.44
56670,4447,154,42.4329,-0.6379,0.0154,0.9945,4378,15606.97,21032.15,169.35,3766.0,3925.4,-2680.35
56680,4409,117,-17.8445,-0.6206,-0.0063,1.005,3917,15579.66,21037.3,169.17,3733.0,3888.43,-2675.07
56690,4331,43,-68.6213,-0.6496,-0.0009,0.9963,4246,15553.02,21042.55,168.48,3665.9,3852.26,-2669.01
56700,4290,-37,-95.0186,-0.6438,0.0023,1.0012,3771,15527.09,21048.05,167.53,3631.9,3816.66,-2661.84
56710,4249,-105,-92.1594,-0.6482,-0.0006,1.0001,4195,15501.83,21053.86,166.6,3597.6,3781.63,-2653.59
56720,4167,-141,-63.4599,-0.6354,-0.0254,0.9991,3661,15477.24,21059.87,165.97,3528.0,3747.47,-2644.73
56730,4127,-150,-53.0928,-0.6301,0.4881,1.0082,4079,15453.35,21065.91,165.43,3492.7,3713.74,-2635.53
56740,4084,-122,-29.6117,-0.6392,0.4978,0.99,3990,15430.05,21071.78,165.13,3457.0,3680.38,-2626.4
56750,4043,-62,8.1462,-0.6383,0.4845,1.0103,4274,15407.32,21077.41,165.21,3421.0,3647.25,-2617.77
56760,4000,3,29.0085,-0.6198,0.468,1.0005,4028,15385.37,21083.6,165.5,3384.5,3614.32,-2609.87
56770,3954,60,30.9498,-0.6369,0.4468,0.9936,3894,15363.76,21089.35,165.81,3347.7,3581.61,-2602.7
56780,3866,107,37.1778,-0.6503,0.0195,1.0088,4224,15342.19,21094.78,166.17,3272.8,3549.51,-2596.28
56790,3822,131,37.4501,-0.6271,0.0085,1.0041,4040,15320.62,21100.0,166.55,3234.7,3517.68,-2590.34
56800,3775,115,0.6429,-0.6393,-0.0022,0.9966,3988,15299.35,21105.08,166.55,3196.1,3486.25,-2584.47
56810,3730,79,-34.0037,-0.6337,0.0109,1.0032,3989,15278.68,21110.08,166.2,3157.1,3455.27,-2578.31
56820,3683,28,-59.9645,-0.6313,0.0151,0.9948,3701,15258.5,21115.14,165.6,3117.5,3424.82,-2571.57
56830,3634,-25,-75.5658,-0.6421,0.0022,0.9995,4292,15238.3,21120.47,164.84,3077.5,3394.96,-2564.14
56840,3584,-74,-77.5452,-0.6297,0.0144,1.0206,3756,15217.84,21126.16,164.06,3037.0,3365.72,-2556.03
56850,3538,-107,-63.161,-0.6503,0.0016,1.005,3625,15197.54,21132.09,163.43,2995.8,3337.03,-2547.38
56860,3491,-120,-36.3041,-0.6378,-0.0074,1.0137,3839,15177.75,21138.05,163.06,2954.2,3308.83,-2538.47
56870,3438,-110,-4.6898,-0.6323,0.0122,1.0094,4152,15158.32,21143.99,163.01,2911.9,3281.08,-2529.65
56880,3389,-78,27.4516,-0.6503,-0.0068,0.998,3811,15138.69,21149.94,163.29,2869.0,3253.64,-2521.24
56890,3339,-35,56.2804,-0.6336,0.0049,1.0059,3693,15118.59,21155.88,163.85,2825.4,3226.45,-2513.47
56900,3285,17,75.6855,-0.6395,-0.0105,0.9921,4231,15098.08,21161.68,164.6,2781.2,3199.51,-2506.54
56910,3230,64,79.4433,-0.6217,-0.0279,1.0091,3951,15077.52,21167.18,165.39,2736.3,3172.85,-2500.46
56920,3178,95,66.3089,-0.6384,-0.0078,0.9895,4011,15057.39,21172.3,166.05,2690.6,3146.48,-2495.09
56930,3122,106,42.6062,-0.634,-0.0082,0.9973,4048,15037.41,21177.18,166.47,2644.1,3120.49,-2490.18
56940,3066,102,13.9125,-0.6455,-0.0038,0.9959,4116,15017.09,21182.04,166.61,2596.8,3094.95,-2485.49
56950,3010,100,49.3837,-0.6466,0.2656,0.9901,3835,14996.35,21187.01,167.1,2548.6,3069.85,-2481.0
56960,2951,59,18.9143,-0.6531,0.3787,0.9976,4101,14975.55,21192.16,167.29,2499.4,3045.28,-2476.43
56970,2833,15,-1.3341,-0.6534,0.3454,1.0124,3752,14955.17,21197.12,167.27,2398.2,3021.76,-2471.76
56980,2772,-23,-6.8277,-0.6389,0.3459,0.9876,3800,14935.16,21201.09,167.2,2345.9,2998.8,-2466.87
56990,2708,-52,1.5532,-0.6542,0.3002,0.9936,3713,14915.25,21205.31,167.21,2292.4,2976.43,-2461.82
57000,2642,-42,90.5643,-0.1626,0.7981,0.9938,4254,14894.95,21209.83,168.11,2237.7,2954.57,-2457.04
57010,2627,-18,174.7514,-0.0101,0.8067,1.004,4132,14874.22,21214.57,169.86,2224.8,2932.71,-2452.89
57020,2624,6,213.6075,0.0077,0.7869,1.0037,4031,14853.15,21219.39,171.99,2222.3,2910.72,-2449.64
57030,2625,38,243.0289,-0.5863,0.7906,1.001,3904,14832.03,21221.41,174.42,2222.0,2888.59,-2447.51
57040,2563,77,259.1592,-0.6144,0.7355,0.9879,4015,14811.16,21221.8,177.01,2170.6,2866.91,-2446.67
57050,2494,114,267.797,-0.6421,0.76,0.9793,3791,14790.15,21221.92,179.68,2112.7,2845.8,-2447.12
57060,2424,159,309.1253,0.4516,0.8032,0.9909,4262,14768.71,21221.75,-177.23,2053.2,2825.35,-2448.92
57070,2475,166,258.3138,0.4449,0.7421,0.9902,3623,14747.06,21221.34,-174.65,2095.9,2804.6,-2451.91
57080,2525,164,223.7854,-0.1431,0.7805,0.9983,3785,14725.8,21220.06,-172.42,2137.7,2783.58,-2455.86
57090,2512,140,183.632,-0.6479,0.7638,1.0046,3830,14705.49,21215.42,-170.58,2125.5,2762.79,-2460.38
57100,2442,105,150.4682,-0.6538,0.7217,0.9849,4150,14685.47,21210.94,-169.08,2066.3,2742.66,-2465.14
57110,2369,80,159.7876,0.4455,0.805,1.0041,4000,14665.17,21206.62,-167.48,2005.4,2723.22,-2470.08
57120,2420,29,110.3543,0.4547,0.6616,0.9895,3750,14644.42,21202.49,-166.38,2049.1,2703.39,-2475.23
57130,2471,-3,116.2174,0.4397,0.7043,1.0019,4102,14623.6,21198.64,-165.22,2091.9,2683.17,-2480.63
57140,2519,-19,132.1799,0.2031,0.7195,1.0091,3982,14603.89,21192.82,-163.9,2133.8,2662.64,-2486.43
57150,2541,-22,159.1049,-0.6405,0.7398,1.0044,3588,14584.67,21185.77,-162.32,2151.0,2642.07,-2492.76
57160,2472,0,194.7555,-0.6307,0.6822,0.9849,4200,14565.05,21178.59,-160.37,2092.6,2622.3,-2499.64
57170,2452,47,275.031,0.4594,0.6974,1.0036,4373,14545.0,21171.16,-157.62,2075.6,2603.09,-2507.53
57180,2501,73,267.7857,0.4411,0.7465,1.0,3756,14524.92,21163.5,-154.95,2117.8,2584.01,-2516.71
57190,2549,108,274.6182,-0.3023,0.7824,1.0165,3856,14505.53,21155.42,-152.21,2159.2,2565.16,-2527.24
57200,2518,138,264.81,-0.6392,0.7622,0.9911,4196,14488.44,21144.07,-149.56,2131.4,2547.2,-2538.72
57210,2448,156,248.3645,-0.6501,0.7151,1.0047,4036,14471.47,21132.52,-147.08,2072.4,2530.36,-2550.81
57220,2376,169,261.1937,0.435,0.7872,1.0037,4078,14454.25,21120.59,-144.47,2011.7,2514.61,-2563.35
57230,2428,146,194.7374,0.4694,0.7018,0.9976,4041,14436.79,21108.44,-142.53,2055.2,2498.97,-2576.7
57240,2478,120,161.553,0.4293,0.7403,1.0161,3962,14419.28,21096.34,-140.91,2097.9,2483.31,-2590.67
57250,2527,81,132.4094,0.3693,0.7567,0.9877,4075,14403.39,21082.98,-139.59,2139.7,2467.51,-2605.1
57260,2569,43,115.9076,-0.6335,0.7767,1.0083,3805,14388.82,21068.62,-138.44,2175.0,2451.55,-2619.89
57270,2499,7,116.25,-0.6482,0.7415,0.9764,3994,14373.96,21054.36,-137.28,2117.2,2436.12,-2634.36
57280,2433,2,159.3467,0.4424,0.7772,1.0079,3984,14358.6,21039.98,-135.69,2057.8,2421.36,-2648.74
57290,2480,-19,155.3007,0.471,0.7208,1.0108,3712,14342.8,21025.46,-134.14,2100.4,2406.6,-2663.69
57300,2531,-7,189.9346,0.4591,0.7374,1.0036,3694,14326.96,21010.97,-132.24,2142.2,2392.06,-2679.44
57310,2579,16,219.2343,-0.4271,0.7528,1.0034,4152,14314.42,20994.26,-130.05,2183.1,2377.96,-2696.12
57320,2535,51,243.0598,-0.6527,0.7366,0.9824,3862,14302.18,20977.58,-127.62,2146.7,2364.97,-2713.22
57330,2465,107,298.7078,-0.6548,0.6934,1.009,4316,14289.94,20960.49,-124.64,2088.1,2353.47,-2730.63
57340,2396,133,278.6667,0.441,0.7997,1.0285,4121,14277.7,20942.87,-121.86,2027.8,2343.38,-2748.23
57350,2448,155,267.1026,0.4512,0.7148,0.9977,3689,14265.64,20925.04,-119.19,2071.1,2334.1,-2766.77
57360,2497,163,235.8899,0.3691,0.7411,1.0012,3845,14255.73,20906.52,-116.83,2113.4,2325.56,-2786.12
57370,2467,150,197.2196,-0.6516,0.7402,1.0042,4036,14248.0,20887.53,-114.86,2089.0,2317.81,-2805.53
57380,2395,125,163.8679,0.4403,0.7931,0.9983,4185,14240.29,20868.66,-113.23,2028.8,2310.75,-2824.54
57390,2450,105,168.2604,0.4563,0.7117,0.9967,3986,14232.29,20849.48,-111.55,2072.0,2303.91,-2844.13
57400,2496,53,119.5759,0.4538,0.7163,0.9855,3582,14223.92,20830.05,-110.35,2114.3,2297.08,-2864.13
57410,2547,17,115.0943,-0.1962,0.7687,0.9857,4142,14215.34,20810.85,-109.21,2155.8,2290.25,-2884.58
57420,2524,-9,123.0506,-0.6396,0.7397,0.9962,4418,14209.98,20791.05,-107.98,2136.2,2283.68,-2904.92
57430,2452,-17,145.4498,-0.6252,0.7053,0.9997,3817,14204.86,20771.09,-106.53,2077.4,2277.66,-2924.8
57440,2385,7,217.0152,0.4476,0.7815,1.002,3737,14199.51,20750.69,-104.36,2016.8,2272.49,-2944.33
57450,2433,13,218.4713,0.4494,0.6878,1.0039,4030,14194.07,20729.88,-102.18,2060.2,2268.05,-2964.45
57460,2484,48,250.2338,0.4437,0.7115,1.0105,3684,14188.77,20708.98,-99.68,2102.8,2264.62,-2985.21
57470,2532,83,265.51,-0.0297,0.7402,0.9978,4504,14185.34,20688.25,-97.03,2144.5,2262.36,-3006.53
57480,2530,120,266.906,-0.6574,0.7523,0.9974,3824,14184.64,20667.5,-94.36,2142.5,2261.41,-3027.93
57490,2461,146,260.3071,-0.6296,0.6902,1.0009,4155,14184.21,20646.55,-91.76,2083.8,2261.68,-3048.77
57500,2389,174,280.6045,0.4644,0.7803,1.0014,4167,14184.0,20625.2,-88.96,2023.4,2263.11,-3068.95
57510,2440,160,220.473,0.4414,0.7242,0.9878,3779,14183.91,20603.75,-86.76,2066.7,2265.42,-3089.49
57520,2490,137,182.821,0.4398,0.7546,0.9957,3982,14183.82,20582.66,-84.93,2109.1,2268.36,-3110.37
57530,2541,106,147.9816,0.1074,0.793,0.9992,4090,14187.14,20562.41,-83.46,2150.7,2271.75,-3131.62
57540,2552,68,125.9531,-0.6322,0.7916,0.9905,3630,14190.75,20542.4,-82.2,2161.0,2275.36,-3152.93
57550,2485,41,143.4001,-0.6428,0.7466,1.0007,3726,14194.15,20522.03,-80.77,2102.8,2279.13,-3173.63
57560,2414,3,123.0994,0.4357,0.8137,1.0227,4029,14197.35,20501.16,-79.54,2043.0,2282.96,-3193.71
57570,2464,-17,136.3684,0.446,0.6672,1.0034,3781,14200.36,20479.89,-78.18,2085.9,2287.16,-3214.15
57580,2562,-18,166.2334,-0.3936,0.7441,1.0003,4006,14204.41,20459.08,-76.52,2169.2,2292.07,-3235.29
57590,2520,-1,195.4501,-0.6471,0.6966,0.9994,3941,14210.87,20439.43,-74.57,2133.8,2297.64,-3255.89
57600,2450,32,225.6209,-0.6228,0.6906,1.0051,3766,14217.43,20419.81,-72.32,2074.9,2304.0,-3275.64
57610,2380,88,294.2579,0.4301,0.7949,0.9822,3815,14224.34,20399.79,-69.38,2014.2,2311.38,-3294.39
57620,2430,115,285.1456,0.4541,0.7123,0.9931,3778,14231.64,20379.52,-66.53,2057.7,2320.1,-3313.03
57630,2481,147,279.905,0.4556,0.7541,1.0101,4222,14239.19,20359.44,-63.73,2100.3,2330.17,-3331.47
57640,2531,164,254.3645,-0.5371,0.8121,0.9944,3972,14249.75,20341.4,-61.19,2142.1,2341.46,-3349.69
57650,2473,159,220.9429,-0.6255,0.7621,0.9995,3405,14260.97,20324.18,-58.99,2093.4,2353.23,-3367.02
57660,2402,149,203.7396,0.4589,0.7918,1.0233,3821,14272.27,20306.9,-56.95,2033.3,2365.25,-3383.44
57670,2451,119,166.8662,0.4319,0.7079,1.0028,4224,14283.71,20289.24,-55.29,2076.4,2377.87,-3399.92
57680,2503,73,123.2547,0.4404,0.7076,1.0001,4192,14295.19,20271.15,-54.06,2118.6,2390.9,-3416.63
57690,2551,35,111.15,0.0209,0.7309,0.9997,3922,14307.34,20253.46,-52.95,2160.0,2404.3,-3433.58
57700,2555,1,112.8929,-0.6476,0.7286,0.9884,4056,14321.42,20237.53,-51.82,2163.1,2417.81,-3450.47
57710,2486,-17,130.5024,-0.6362,0.709,1.0026,3809,14335.32,20221.39,-50.52,2105.0,2431.17,-3466.74
57720,2415,2,206.1821,0.4542,0.7795,1.0158,4142,14349.37,20204.85,-48.46,2045.2,2444.64,-3482.14
57730,2467,6,215.7292,0.445,0.751,0.9997,4158,14363.42,20188.23,-46.31,2088.1,2459.0,-3497.32
57740,2551,32,244.3227,-0.3117,0.798,1.0033,4268,14377.21,20172.06,-43.87,2160.2,2474.6,-3512.27
57750,2519,68,261.3279,-0.6426,0.7635,1.002,3872,14393.1,20159.08,-41.26,2132.8,2490.82,-3526.12
57760,2449,106,272.1438,-0.6391,0.7357,0.9946,3949,14409.53,20146.78,-38.54,2073.8,2507.38,-3538.6
57770,2378,147,300.1782,0.4086,0.7755,0.9939,4118,14426.5,20134.43,-35.54,2013.1,2524.22,-3549.64
57780,2430,158,261.865,0.4298,0.6746,1.0021,3886,14443.96,20122.04,-32.92,2056.7,2542.03,-3559.95
57790,2480,161,227.4982,0.4346,0.7235,1.0008,3559,14461.85,20109.57,-30.65,2099.3,2560.67,-3569.63
57800,2529,147,194.6717,0.1924,0.7372,1.0031,4120,14480.85,20098.24,-28.71,2141.1,2580.0,-3578.88
57810,2549,116,160.5508,-0.634,0.7292,1.0197,3854,14501.51,20088.93,-27.1,2159.3,2599.65,-3587.8
57820,2480,74,133.456,-0.6395,0.7199,1.0087,4091,14522.41,20079.25,-25.77,2101.1,2618.87,-3596.26
57830,2410,47,161.5861,0.4618,0.7931,1.0172,4055,14543.54,20069.1,-24.16,2041.2,2637.65,-3604.24
57840,2511,2,141.4007,0.4242,0.7447,0.993,4031,14564.93,20058.42,-22.75,2126.2,2657.3,-3612.36
57850,2560,-11,173.149,-0.2761,0.76,1.0091,4351,14587.31,20048.94,-21.02,2167.5,2677.51,-3620.22
57860,2529,2,219.7069,-0.6405,0.771,0.9868,4078,14611.11,20041.92,-18.83,2142.2,2697.75,-3627.26
57870,2461,51,302.5316,-0.6383,0.7144,0.996,4225,14635.4,20034.82,-15.81,2083.5,2717.81,-3632.92
57880,2441,90,316.1256,0.4185,0.6846,0.9951,4187,14660.21,20027.84,-12.65,2066.4,2738.04,-3637.16
57890,2491,138,337.4798,0.4508,0.7289,1.0002,3949,14685.61,20021.12,-9.27,2108.8,2758.94,-3639.92
57900,2538,176,333.3284,0.3435,0.7417,0.9908,3950,14712.14,20018.9,-5.95,2150.4,2780.4,-3641.15
57910,2511,189,300.2503,-0.0632,0.8091,0.9996,4022,14739.23,20017.86,-2.95,2124.0,2801.67,-3641.05
57920,2503,180,282.6202,0.4495,0.7864,0.9981,4001,14766.74,20016.95,-0.12,2119.0,2822.84,-3639.91
57930,2551,123,200.1887,0.4133,0.7685,0.9958,3976,14794.59,20015.87,1.88,2160.4,2844.38,-3638.24
57940,2532,68,165.6116,-0.6428,0.7613,1.0193,4136,14822.75,20017.53,3.53,2143.6,2865.73,-3636.31
57950,2463,21,162.4146,-0.6514,0.7227,0.9987,3989,14851.3,20021.05,5.15,2084.9,2886.48,-3634.23
57960,2443,18,227.7824,0.454,0.6914,0.9901,3932,14880.31,20024.15,7.43,2067.8,2907.01,-3631.58
57970,2492,17,251.7762,0.4511,0.7127,1.0049,4273,14909.59,20027.05,9.94,2110.2,2927.81,-3628.04
57980,2590,61,317.4581,0.3781,0.7836,0.9883,3640,14938.23,20033.2,13.11,2192.6,2949.16,-3622.97
57990,2630,122,366.4845,0.4673,0.8072,0.9976,4272,14966.55,20042.11,16.77,2226.6,2970.34,-3616.11
58000,2723,141,276.0426,0.4452,0.2012,1.0012,3946,14995.09,20051.67,19.53,2304.8,2991.74,-3607.53
58010,2767,131,146.4106,0.4435,0.2013,0.9899,3933,15023.83,20061.86,20.99,2342.9,3013.14,-3597.97
58020,2855,118,83.0909,0.429,0.2308,1.0252,3937,15052.22,20073.27,21.82,2417.3,3035.04,-3587.72
58030,2897,67,12.9491,0.4664,0.2542,1.0188,4085,15080.49,20084.94,21.95,2453.7,3057.33,-3577.48
58040,2982,-21,-86.5075,0.4534,0.0069,0.9934,4288,15108.93,20096.21,21.08,2524.8,3080.61,-3567.69
58050,3023,-89,-110.948,0.4471,-0.002,0.9947,4082,15137.7,20106.97,19.96,2559.7,3104.57,-3558.7
58060,3102,-162,-197.1052,0.4324,0.6248,1.022,3913,15166.31,20117.13,17.99,2628.0,3129.58,-3550.64
58070,3144,-156,-157.1033,0.4416,0.6173,0.9962,4125,15194.38,20126.86,16.42,2661.4,3155.16,-3543.23
58080,3222,-101,-90.371,0.4765,0.6653,0.9974,3976,15222.76,20134.19,15.51,2727.2,3181.41,-3535.78
58090,3260,-29,-45.989,0.4333,0.6708,1.0125,4043,15251.13,20141.36,15.04,2759.5,3207.9,-3528.01
58100,3335,76,73.7264,0.4555,0.0072,1.0047,3714,15279.39,20149.07,15.78,2822.9,3234.73,-3519.21
58110,3371,124,76.6815,0.466,-0.0038,1.0012,4151,15307.78,20157.32,16.54,2854.1,3261.61,-3509.59
58120,3441,69,-104.3106,0.3165,0.7813,0.9843,4188,15336.52,20165.93,15.5,2915.5,3289.2,-3500.18
58130,3469,-3,-209.061,0.0051,0.8014,1.0018,3558,15365.6,20174.54,13.4,2937.3,3317.42,-3492.0
58140,3470,-79,-255.9457,0.0231,0.7893,1.011,3740,15395.13,20180.18,10.84,2937.5,3346.08,-3485.57
58150,3471,-149,-264.9634,0.4329,0.7863,1.0003,3949,15424.86,20184.57,8.19,2939.0,3375.12,-3481.02
58160,3542,-140,-109.8998,0.4478,0.0097,1.0156,3725,15454.65,20188.46,7.09,2998.7,3404.9,-3477.35
58170,3577,-117,-14.9792,0.4575,0.0056,1.003,4094,15484.73,20192.13,6.93,3028.1,3434.99,-3473.81
58180,3611,-100,-68.7542,-0.0284,0.7956,0.9851,3860,15515.16,20195.94,6.24,3058.2,3465.37,-3470.29
58190,3611,-29,-43.2788,0.0023,0.7847,1.0013,3883,15545.54,20200.2,5.81,3057.0,3495.7,-3466.48
58200,3611,46,-35.3615,0.002,0.8012,0.9995,4141,15575.82,20202.31,5.45,3057.3,3525.98,-3462.25
58210,3613,77,-70.85,0.4472,0.8066,0.9979,4146,15606.05,20204.57,4.74,3058.7,3556.29,-3458.03
58220,3605,109,-2.8346,-0.6523,0.0163,1.0144,4433,15636.05,20207.05,4.71,3053.5,3586.53,-3453.76
58230,3558,54,-55.6131,-0.6402,0.0126,0.9846,4396,15665.46,20209.35,4.15,3012.6,3616.44,-3450.13
58240,3460,-77,-238.5561,-0.0342,0.8129,0.998,3868,15694.33,20211.21,1.76,2929.1,3645.68,-3448.33
58250,3459,-143,-250.5122,0.0005,0.7945,0.9948,4034,15722.57,20212.51,-0.75,2927.9,3674.97,-3448.34
58260,3459,-173,-218.8003,0.024,0.7872,0.9918,4144,15750.21,20210.84,-2.94,2927.6,3704.23,-3449.81
58270,3462,-169,-164.3024,0.4482,0.8077,0.9992,4055,15777.13,20208.47,-4.59,2930.0,3733.45,-3452.26
58280,3495,-99,-21.1995,0.451,0.2455,1.0038,4094,15803.43,20206.17,-4.8,2960.0,3762.96,-3454.69
58290,3530,-17,73.609,0.4536,0.014,1.0062,4305,15829.16,20204.16,-4.07,2989.8,3792.8,-3456.36
58300,3594,30,53.3631,-0.6341,0.5994,0.9961,4174,15854.25,20202.57,-3.54,3042.7,3823.21,-3457.3
58310,3545,50,-35.707,-0.017,0.8247,0.993,3878,15878.71,20201.42,-3.9,3001.7,3853.22,-3457.98
58320,3544,76,-60.4185,-0.0072,0.7919,0.9955,4190,15902.62,20200.6,-4.5,3000.5,3883.23,-3458.66
58330,3542,74,-96.8984,0.0323,0.8008,1.002,3509,15925.74,20197.92,-5.47,3000.3,3913.22,-3459.76
58340,3546,46,-134.5526,0.0019,0.7927,1.0019,4132,15948.24,20194.94,-6.82,3001.0,3943.19,-3461.69
58350,3547,10,-142.6194,0.4474,0.8072,1.0107,3920,15970.12,20191.88,-8.25,3002.5,3973.08,-3464.64
58360,3617,-10,-73.9847,0.4541,0.0102,0.9925,4060,15991.31,20188.67,-9.0,3061.0,4003.47,-3468.43
58370,3649,-61,-77.3889,-0.1702,-0.0002,1.0004,4575,16011.84,20185.28,-9.77,3089.8,4034.01,-3473.08
58380,3634,-113,-106.7094,-0.6269,0.68,1.0013,4179,16031.73,20181.73,-10.84,3077.4,4064.28,-3478.63
58390,3587,-153,-140.091,-0.0211,0.8046,1.0038,3869,16050.98,20178.1,-12.25,3036.9,4093.97,-3485.07
58400,3585,-154,-110.4186,0.0056,0.8035,1.0005,4359,16069.6,20174.48,-13.35,3035.8,4123.5,-3492.18
58410,3585,-137,-80.0801,-0.0,0.7928,1.0004,3899,16087.46,20170.45,-14.16,3035.8,4152.93,-3499.66
58420,3584,-109,-53.5432,-0.0728,0.8049,1.0181,4125,16104.41,20165.37,-14.69,3035.7,4182.32,-3507.26
58430,3582,-69,-34.6154,-0.6372,0.7959,0.9936,4057,16121.26,20160.46,-15.04,3031.2,4211.71,-3514.76
58440,3532,-24,-22.9054,-0.6332,0.7608,0.9954,4324,16138.45,20155.63,-15.28,2990.0,4240.74,-3521.94
58450,3481,48,60.2488,-0.6411,0.1415,0.9986,3932,16156.03,20150.91,-14.68,2948.2,4269.5,-3528.38
58460,3432,86,62.2573,-0.6365,-0.0046,1.0003,3738,16173.69,20146.4,-14.06,2905.9,4297.99,-3534.11
58470,3382,106,46.2877,-0.6296,-0.0045,1.0074,3938,16191.0,20142.14,-13.6,2862.9,4326.16,-3539.31
58480,3329,91,-31.4488,-0.6374,0.6282,1.0111,4067,16207.88,20138.1,-13.92,2819.2,4353.88,-3544.45
58490,3277,69,-86.9836,-0.6258,0.7157,0.989,3754,16224.73,20134.11,-14.79,2774.9,4381.1,-3549.92
58500,3278,46,-113.5019,-0.6457,0.6997,1.0014,3766,16242.06,20129.97,-15.92,2774.9,4408.18,-3556.04
58510,3224,12,-138.4737,-0.6323,0.7085,1.011,3926,16259.67,20125.18,-17.31,2729.9,4434.61,-3562.89
58520,3171,-32,-158.2434,-0.6406,0.6591,0.9975,3714,16277.17,20118.64,-18.9,2684.1,4460.31,-3570.64
58530,3114,-77,-167.1526,-0.6308,0.6339,0.9966,3843,16294.77,20111.83,-20.57,2637.5,4485.21,-3579.3
58540,3059,-108,-159.1598,-0.6402,0.6217,1.0106,3804,16312.04,20104.91,-22.17,2590.0,4509.33,-3588.77
58550,3002,-94,-52.1923,-0.6453,0.0691,1.0166,3851,16329.04,20097.89,-22.69,2541.7,4532.82,-3598.48
58560,2943,-101,-31.8693,-0.6382,-0.0027,0.9942,4025,16346.18,20090.66,-23.02,2492.4,4555.76,-3608.25
58570,2883,-92,-5.7663,-0.6371,0.0074,1.0067,4039,16363.52,20083.27,-23.08,2442.2,4578.21,-3617.87
58580,2825,-57,57.3009,-0.6353,0.2042,1.0124,3923,16380.66,20076.0,-22.51,2390.9,4600.32,-3626.99
58590,2762,-25,84.7172,-0.6359,0.227,1.0111,3999,16397.35,20069.03,-21.66,2338.4,4622.14,-3635.44
58600,2698,9,98.215,-0.6371,0.1932,0.995,4000,16413.63,20062.4,-20.68,2284.8,4643.66,-3643.09
58610,2633,43,105.4164,-0.6175,0.1982,1.0028,3800,16430.07,20056.36,-19.63,2229.8,4664.88,-3649.93
58620,2636,74,107.2358,-0.6403,0.2115,1.0058,3739,16447.18,20050.76,-18.56,2229.8,4686.32,-3656.13
58630,2567,95,99.183,-0.6418,0.1917,0.9862,3919,16464.77,20045.21,-17.57,2173.5,4707.36,-3661.61
58640,2498,156,223.5855,-0.6419,0.5499,1.0142,3679,16482.84,20039.68,-15.34,2115.7,4728.06,-3666.0
58650,2429,150,200.7138,-0.6404,0.757,0.9969,3989,16501.08,20034.19,-13.34,2056.3,4748.33,-3669.52
58660,2354,132,171.7886,-0.6493,0.6891,0.9885,3923,16519.15,20028.73,-11.62,1995.0,4768.06,-3672.39
58670,2283,103,146.5927,-0.638,0.6696,1.0018,4064,16537.72,20025.67,-10.16,1931.9,4787.24,-3674.82
58680,2206,74,128.4549,-0.6386,0.6072,0.998,4136,16556.7,20023.76,-8.88,1866.6,4805.8,-3676.94
58690,2126,46,130.7712,-0.6491,0.5713,1.0081,4408,16575.53,20021.65,-7.57,1799.0,4823.7,-3678.8
58700,2040,51,209.5968,0.4607,0.8062,1.0004,3991,16593.82,20019.37,-5.48,1728.7,4840.92,-3680.16
58710,2102,-3,122.4823,0.4447,0.5482,1.0031,4053,16611.53,20016.97,-4.26,1779.1,4858.68,-3681.36
58720,2160,-13,137.3144,0.1186,0.5937,1.0145,3696,16628.83,20014.48,-2.89,1828.3,4876.96,-3682.27
58730,2176,-9,159.2925,-0.646,0.5831,1.0045,3924,16646.18,20014.54,-1.3,1841.8,4895.38,-3682.72
58740,2094,6,187.5976,-0.6496,0.5384,1.0161,3931,16664.01,20015.6,0.58,1773.2,4913.12,-3682.54
58750,2094,31,219.0472,-0.6389,0.5537,1.0036,4219,16682.36,20016.76,2.76,1773.2,4930.83,-3681.58
58760,2011,103,351.3822,0.4534,0.8068,0.9942,3799,16701.08,20018.1,6.28,1701.9,4947.72,-3679.44
58770,2071,91,253.4442,0.4437,0.5465,1.0119,4373,16719.62,20019.63,8.81,1753.1,4964.96,-3676.26
58780,2128,116,254.1044,0.4494,0.5941,1.0025,3785,16738.02,20021.38,11.35,1802.9,4982.47,-3672.0
58790,2187,139,249.6498,0.4463,0.627,1.0026,4284,16756.07,20026.38,13.84,1851.4,5000.2,-3666.65
58800,2244,151,234.9445,-0.1813,0.6559,1.0045,4284,16774.19,20032.47,16.19,1898.6,5018.11,-3660.29
58810,2219,161,242.8447,-0.6392,0.7084,0.9917,4083,16792.19,20038.64,18.61,1878.2,5035.52,-3653.2
58820,2139,153,240.7977,0.4323,0.7962,0.9926,4121,16809.68,20044.65,21.01,1811.0,5052.01,-3645.69
58830,2195,105,139.3418,0.4498,0.5826,1.0027,3935,16826.59,20050.39,22.41,1859.2,5068.79,-3637.68
58840,2252,78,117.8386,-0.4472,0.6408,1.0267,4081,16843.12,20055.86,23.58,1906.3,5085.9,-3629.26
58850,2199,48,106.4588,-0.6525,0.5902,1.0041,4019,16858.52,20063.93,24.64,1861.8,5102.54,-3620.92
58860,2118,24,105.7144,-0.6277,0.5591,1.0,4455,16874.18,20072.48,25.7,1794.0,5118.51,-3612.76
58870,2119,11,136.5384,-0.6602,0.5444,1.0087,4181,16890.37,20081.08,27.06,1794.0,5134.39,-3604.41
58880,2036,29,222.5704,0.4618,0.771,0.9925,3932,16906.97,20089.69,29.28,1723.5,5149.4,-3595.91
58890,2097,-6,161.596,0.4528,0.5663,1.0022,3992,16923.54,20098.16,30.9,1774.1,5164.65,-3586.8
58900,2154,2,187.4233,0.4362,0.5898,1.0032,4015,16940.08,20106.57,32.77,1823.4,5179.99,-3576.93
58910,2210,24,217.3175,0.4386,0.6323,1.0092,4093,16954.89,20118.07,34.94,1871.3,5195.28,-3566.13
58920,2265,55,245.0652,-0.189,0.6608,0.9969,4007,16969.76,20130.32,37.39,1918.1,5210.34,-3554.26
58930,2243,114,334.7594,-0.2413,0.8073,0.999,4140,16984.86,20143.03,40.73,1899.0,5224.4,-3541.49
58940,2212,134,311.9208,0.4462,0.783,0.9941,3970,17000.13,20156.23,43.85,1872.3,5237.39,-3528.0
58950,2267,146,267.7033,0.0109,0.6326,0.9846,3975,17015.54,20169.89,46.52,1919.0,5249.86,-3513.4
58960,2265,160,251.3045,-0.6582,0.6419,1.0129,4055,17029.8,20185.22,49.03,1917.8,5261.54,-3498.18
58970,2188,152,223.9981,-0.6345,0.5937,1.0067,3809,17042.42,20202.64,51.27,1852.0,5272.21,-3483.02
58980,2107,142,228.076,-0.6433,0.5359,0.9881,3786,17055.27,20220.37,53.54,1783.8,5281.96,-3468.08
58990,2024,124,236.0197,0.4454,0.7976,1.0016,4317,17068.47,20238.31,55.9,1712.9,5290.85,-3453.43
59000,2142,62,142.5325,0.4524,0.5773,0.9697,3993,17082.15,20256.46,57.32,1813.4,5300.1,-3437.82
59010,2199,29,140.2135,0.2121,0.5923,1.0098,3842,17094.29,20276.07,58.72,1861.6,5309.43,-3421.71
59020,2226,5,157.5283,-0.6255,0.624,1.001,4166,17105.01,20297.1,60.29,1884.7,5318.65,-3405.27
59030,2145,45,302.5297,0.4572,0.7974,0.9982,3767,17116.17,20318.43,63.32,1817.8,5326.8,-3389.03
59040,2203,27,248.9729,0.4483,0.7123,1.0057,3812,17127.63,20340.18,65.8,1865.8,5334.42,-3371.99
59050,2266,64,300.1479,-0.6229,0.6621,0.991,4124,17139.11,20362.48,68.8,1918.6,5341.16,-3354.03
59060,2189,110,339.2407,-0.6448,0.614,1.0031,4434,17145.65,20387.11,72.19,1852.8,5346.4,-3336.25
59070,2106,163,381.6902,-0.6357,0.5658,1.0195,4152,17151.91,20412.3,76.01,1784.6,5349.98,-3318.78
59080,2084,205,421.7496,0.4431,0.5583,0.9978,4193,17157.85,20437.99,80.22,1764.7,5352.02,-3301.25
59090,2143,179,307.1735,0.4624,0.575,0.9774,4294,17163.61,20464.14,83.29,1814.2,5353.02,-3283.13
59100,2199,156,256.1123,0.2876,0.6052,1.0037,4040,17164.64,20491.3,85.85,1862.4,5353.26,-3264.5
59110,2153,118,219.5486,0.433,0.7879,1.0035,4045,17165.02,20518.92,88.04,1823.4,5352.99,-3246.27
59120,2212,73,198.7302,0.4347,0.5199,0.9798,3916,17165.84,20546.95,90.02,1871.3,5352.39,-3227.55
59130,2266,-2,111.0639,0.4483,0.4742,1.0063,4321,17167.18,20575.41,91.13,1918.0,5351.76,-3208.38
59140,2372,-14,150.7723,0.4656,0.5129,0.9947,3885,17164.74,20604.23,92.64,2008.3,5350.78,-3188.31
59150,2425,6,214.5563,0.4445,0.5549,0.9944,3624,17162.2,20633.53,94.78,2051.9,5349.04,-3167.84
59160,2522,-19,85.6947,0.4457,-0.0027,0.9997,4222,17159.45,20663.29,95.63,2136.5,5346.68,-3146.61
59170,2573,40,106.0422,0.4586,-0.0047,0.9997,4094,17156.21,20693.42,96.69,2177.6,5343.44,-3125.07
59180,2665,102,139.4324,0.4363,0.1857,0.9898,4078,17152.32,20723.95,98.08,2257.4,5339.13,-3102.92
59190,2712,158,210.1447,0.4575,0.4182,0.9968,3846,17147.89,20754.83,100.18,2296.3,5333.68,-3080.6
59200,2802,135,140.9979,0.4631,0.4538,1.0192,3832,17142.34,20785.91,101.59,2372.2,5327.49,-3057.69
59210,2888,72,69.7857,0.4581,0.4796,0.9946,4165,17134.94,20816.55,102.28,2445.8,5321.13,-3034.08
59220,2930,-21,-24.5229,0.4504,0.299,1.005,4172,17128.18,20846.78,102.03,2481.7,5315.27,-3009.97
59230,3016,-105,-103.9941,0.4447,0.0014,0.998,3913,17122.03,20877.03,100.99,2552.1,5310.14,-2984.95
59240,3054,-115,-54.6609,0.46,-0.0097,1.001,3812,17116.32,20907.37,100.44,2586.6,5305.41,-2959.52
59250,3133,-42,125.319,0.4502,0.5901,1.0076,3953,17110.68,20937.93,101.69,2654.2,5299.92,-2933.56
59260,3173,42,230.8155,0.4514,0.5915,1.0016,3460,17104.68,20968.86,103.99,2687.3,5292.92,-2907.61
59270,3251,121,266.3696,0.4417,0.6243,0.9891,3604,17095.53,20999.39,106.65,2752.4,5284.0,-2881.58
59280,3326,172,247.5947,0.429,0.4318,1.0218,3809,17085.33,21029.44,109.13,2816.1,5273.27,-2855.53
59290,3362,123,48.7167,0.4481,0.005,0.9955,3824,17074.86,21059.04,109.61,2847.3,5262.01,-2829.37
59300,3437,73,-34.6437,0.4544,0.0099,0.9994,4167,17064.38,21088.64,109.26,2908.9,5250.83,-2802.5
59310,3470,12,-47.2789,0.4454,0.189,1.0049,3971,17054.24,21118.4,108.79,2939.2,5240.22,-2775.1
59320,3541,-33,21.5023,0.453,0.6884,0.9904,3864,17044.58,21148.65,109.0,2998.8,5229.85,-2746.96
59330,3577,-78,50.5554,0.4387,0.715,0.9948,4121,17034.23,21178.62,109.5,3028.2,5219.57,-2718.47
59340,3644,-72,114.2133,0.4512,0.7336,1.0096,3851,17022.92,21207.62,110.64,3086.2,5208.63,-2689.6
59350,3712,-41,112.6106,0.4476,0.004,0.9896,3821,17011.67,21236.22,111.77,3143.1,5196.66,-2660.54
59360,3745,21,101.4262,-0.0567,0.0063,1.0111,4106,17000.08,21264.58,112.78,3171.1,5183.55,-2631.67
59370,3693,97,112.2026,-0.6399,0.1688,1.0106,3855,16987.93,21292.72,113.9,3128.2,5169.51,-2603.72
59380,3647,180,206.2886,-0.0234,0.7953,0.9908,4205,16975.19,21320.9,115.96,3088.3,5154.31,-2576.83
59390,3645,170,159.8278,0.0073,0.7838,1.01,3982,16962.05,21349.32,117.55,3086.1,5138.31,-2550.42
59400,3645,108,87.6721,-0.0017,0.7801,1.0024,4052,16946.24,21376.8,118.42,3086.3,5122.17,-2524.11
59410,3680,14,31.1062,0.4666,0.6385,1.0093,4083,16930.84,21404.23,118.73,3115.9,5106.26,-2497.32
59420,3714,-110,-110.3426,0.43,-0.0086,1.0054,4015,16916.07,21431.82,117.63,3144.2,5091.26,-2469.68
59430,3779,-139,-66.206,-0.344,-0.0016,1.0051,3959,16901.74,21459.65,116.96,3200.0,5076.66,-2441.2
59440,3708,-83,69.648,-0.0363,0.7951,1.0011,3997,16887.51,21487.67,117.66,3140.1,5061.96,-2413.44
59450,3707,22,221.5751,-0.0134,0.7973,0.9962,4184,16872.86,21515.99,119.87,3138.7,5045.85,-2386.5
59460,3709,114,263.6963,0.0221,0.7888,0.9965,4076,16856.07,21543.47,122.5,3138.1,5027.98,-2360.67
59470,3707,178,250.86,0.4614,0.789,1.009,3747,16837.71,21569.73,125.01,3139.0,5008.54,-2336.02
59480,3772,154,93.3052,-0.1789,0.0007,1.0012,4296,16819.22,21595.42,125.94,3194.9,4988.14,-2311.43
59490,3715,88,-27.1169,-0.6358,0.0099,1.014,4045,16800.68,21621.06,125.66,3145.6,4968.28,-2287.02
59500,3669,11,-72.2507,-0.6347,0.0797,0.994,4092,16782.4,21646.93,124.94,3105.9,4949.38,-2262.37
59510,3619,-25,34.5327,-0.0116,0.7955,0.9965,4489,16764.45,21673.4,125.28,3064.1,4931.1,-2237.78
59520,3617,-74,61.0312,0.0146,0.7952,0.9947,3816,16746.14,21700.0,125.89,3063.3,4912.96,-2213.09
59530,3620,-68,126.1937,0.4543,0.8068,1.0216,3753,16726.41,21725.12,127.15,3064.3,4894.38,-2188.69
59540,3686,-30,143.1683,0.4426,0.0051,0.9906,4093,16706.88,21749.87,128.57,3121.6,4874.63,-2164.52
59550,3721,22,103.791,0.4474,0.0177,0.9757,4165,16687.07,21774.29,129.61,3149.8,4853.83,-2140.86
59560,3745,100,114.8923,-0.6595,0.2532,0.9872,4294,16666.76,21798.33,130.76,3170.0,4831.97,-2117.89
59570,3699,189,218.4749,-0.0154,0.7999,0.9965,3985,16645.85,21822.22,132.94,3130.6,4809.21,-2096.35
59580,3694,168,153.842,0.0043,0.8015,1.0093,4063,16624.33,21846.02,134.47,3128.7,4785.9,-2075.48
59590,3695,96,78.3157,0.01,0.7768,0.9967,4325,16601.04,21867.89,135.25,3128.9,4762.55,-2054.66
59600,3731,-1,4.123,0.4558,0.5578,0.9958,3746,16578.46,21889.79,135.29,3158.1,4739.36,-2033.2
59610,3795,-116,-108.1893,0.4561,0.0065,1.0157,3884,16556.36,21912.1,134.21,3213.7,4716.62,-2010.5
59620,3826,-141,-60.1758,-0.6366,0.0118,0.9906,4264,16534.6,21934.76,133.6,3240.4,4694.18,-1987.11
59630,3735,-57,127.9275,-0.0187,0.8034,0.9823,3625,16512.8,21957.65,134.88,3162.9,4671.71,-1964.84
59640,3735,30,226.6293,-0.0098,0.8021,0.9865,3395,16490.5,21980.66,137.14,3161.8,4648.1,-1943.8
59650,3736,123,261.8852,0.0268,0.7604,0.9967,4308,16465.87,22001.24,139.76,3161.9,4623.12,-1924.39
59660,3767,179,236.4454,0.4665,0.3734,0.989,3988,16440.94,22020.96,142.12,3190.9,4596.83,-1906.32
59670,3802,134,41.5621,0.4351,0.0145,1.0041,3928,16415.85,22040.29,142.53,3218.6,4570.03,-1888.46
59680,3808,83,-34.7269,-0.6435,-0.0019,1.0157,4061,16390.72,22059.63,142.18,3223.1,4543.41,-1870.25
59690,3760,29,-1.56,-0.6389,0.6183,0.9876,3755,16365.65,22079.4,142.16,3184.4,4517.46,-1851.82
59700,3715,-36,27.2607,0.0076,0.7888,1.0156,4019,16340.87,22099.76,142.43,3144.2,4492.1,-1833.21
59710,3713,-80,57.2473,0.0228,0.7943,1.0,4421,16315.33,22118.43,143.0,3144.0,4466.83,-1814.48
59720,3715,-71,120.9832,0.4423,0.8103,1.0014,4224,16290.05,22136.51,144.21,3146.0,4441.23,-1796.17
59730,3782,-57,70.7293,0.4356,0.018,1.0123,3930,16264.82,22154.44,144.91,3201.8,4414.78,-1778.11
59740,3816,23,103.5565,-0.4968,0.0027,1.0005,4016,16239.35,22172.01,145.95,3229.4,4387.46,-1760.86
59750,3732,123,174.3998,-0.3023,0.81,1.004,3925,16213.41,22189.17,147.69,3159.9,4359.93,-1745.35
59760,3709,190,219.852,-0.0223,0.7841,1.0189,4369,16186.81,22206.11,149.88,3140.8,4331.8,-1731.37
59770,3709,167,151.3734,0.0027,0.7973,0.9872,4375,16158.92,22221.67,151.39,3140.0,4303.29,-1718.16
59780,3709,96,77.3707,0.0244,0.7977,1.0132,3982,16130.06,22236.35,152.16,3140.7,4274.77,-1705.0
59790,3744,-36,-68.6862,0.4611,0.0068,0.9934,4172,16101.03,22251.73,151.47,3170.4,4246.44,-1690.78
59800,3811,-125,-111.5395,-0.319,0.0093,0.9881,3790,16071.97,22267.92,150.36,3225.8,4218.18,-1675.2
59810,3788,-117,10.3861,-0.6353,0.205,1.0048,4287,16042.78,22284.75,150.46,3207.1,4190.2,-1659.48
59820,3741,-29,182.812,-0.0056,0.7849,0.9845,3930,16013.66,22301.62,152.28,3166.8,4162.01,-1645.02
59830,3740,60,248.1323,0.0132,0.7784,1.0002,3818,15983.96,22316.12,154.76,3166.4,4133.01,-1632.3
59840,3742,147,267.626,0.4407,0.7763,1.0043,4185,15953.69,22328.89,157.44,3167.4,4103.2,-1621.57
59850,3808,149,115.9071,-0.1674,-0.0004,0.9915,4052,15923.22,22341.08,158.59,3222.8,4072.48,-1611.73
59860,3748,120,14.1816,-0.6349,-0.0208,1.0019,3946,15892.5,22353.03,158.73,3174.4,4042.2,-1602.2
59870,3703,76,11.8816,-0.6387,0.3638,0.992,4038,15861.48,22365.28,158.85,3135.1,4012.38,-1592.52
59880,3654,8,38.7192,-0.0271,0.7968,1.0329,4044,15830.33,22378.2,159.23,3094.0,3983.09,-1582.54
59890,3655,-63,44.6676,0.0181,0.8184,0.9982,4300,15798.55,22389.56,159.67,3093.9,3953.92,-1572.2
59900,3656,-78,104.9247,0.4516,0.7876,0.9864,4074,15766.62,22400.56,160.72,3095.1,3924.64,-1562.1
59910,3723,-80,41.0054,0.4319,0.0132,0.9796,3661,15734.62,22411.64,161.13,3151.8,3894.7,-1552.21
59920,3789,17,119.0812,0.4423,0.232,1.0076,4343,15702.16,22422.43,162.31,3207.5,3863.86,-1543.36
59930,3852,157,265.998,0.449,0.7644,1.0151,4056,15669.05,22432.67,164.97,3262.3,3831.97,-1536.52
59940,3886,198,225.8074,0.4576,0.7893,0.9989,3909,15635.05,22441.31,167.23,3289.3,3799.46,-1531.37
59950,3944,164,139.519,0.4497,0.7956,1.0163,4010,15600.11,22448.0,168.62,3339.9,3766.35,-1526.91
59960,4008,34,-47.1523,-0.61,0.0071,1.0109,4365,15564.84,22455.07,168.14,3392.5,3732.84,-1521.58
59970,3921,-91,-133.5179,-0.6371,0.1351,0.9981,3847,15529.3,22462.96,166.81,3319.9,3700.33,-1514.84
59980,3875,-91,47.8238,-0.0081,0.7833,0.9949,4190,15493.52,22471.72,167.28,3281.0,3668.25,-1507.88
59990,3875,-59,146.7369,-0.0038,0.8152,0.9999,4162,15457.13,22479.86,168.74,3280.5,3636.02,-1501.71
60000,3876,39,248.858,0.4461,0.7833,1.0041,3781,15419.83,22485.71,171.23,3281.4,3603.48,-1497.45
60010,3938,108,178.8215,0.4542,0.0022,1.0026,4047,15381.98,22490.82,173.01,3335.0,3570.23,-1494.96
60020,4002,159,121.8118,-0.1098,0.0162,0.9835,3940,15343.58,22495.12,174.23,3387.7,3536.35,-1493.75
60030,3993,173,154.529,-0.0019,0.8006,0.9914,4141,15304.72,22499.1,175.77,3380.1,3502.53,-1493.48
60040,3991,60,50.0056,0.0237,0.788,1.0027,3652,15265.34,22501.61,176.27,3379.5,3468.74,-1492.87
60050,4023,-61,-1.0538,0.4357,0.7603,0.9943,4241,15225.48,22503.71,176.26,3406.3,3434.71,-1491.39
60060,4083,-160,-89.406,0.4507,0.0233,1.0134,4140,15185.18,22506.73,175.36,3457.9,3400.22,-1488.79
60070,4144,-77,81.4756,0.4382,0.4652,1.0115,3912,15144.45,22510.0,176.17,3508.7,3365.18,-1486.84
60080,4203,75,230.9974,0.4563,0.5436,1.0003,3945,15103.22,22512.56,178.48,3558.9,3329.59,-1487.12
60090,4262,186,243.5398,0.4483,0.5762,1.0081,4312,15061.47,22512.11,180.91,3608.3,3293.6,-1489.83
60100,4319,169,88.1555,0.4703,0.0458,1.0018,3874,15019.3,22510.9,181.79,3657.1,3257.2,-1493.48
60110,4404,44,-80.8351,0.456,-0.0166,1.0089,4111,14976.76,22509.8,180.98,3729.0,3220.0,-1496.13
60120,4460,-99,-153.532,0.462,0.0185,1.0227,4038,14934.23,22509.64,179.44,3776.2,3182.24,-1496.81
60130,4516,-175,-111.2384,0.4653,0.0096,1.0045,4176,14892.16,22510.52,178.32,3822.8,3144.0,-1495.98
60140,4570,-121,9.5228,0.4532,0.0228,1.0079,4220,14850.7,22511.78,178.42,3868.9,3105.3,-1495.3
60150,4625,12,119.2746,0.4517,-0.0001,1.0092,3846,14809.86,22512.53,179.61,3914.4,3066.15,-1496.22
60160,4677,140,144.4441,0.4609,-0.0085,0.9999,3957,14769.64,22512.28,181.05,3959.4,3026.65,-1499.16
60170,4728,175,74.0522,0.4555,-0.0098,0.9956,4009,14730.03,22511.24,181.79,4003.9,2986.8,-1503.15
60180,4781,100,-40.365,0.4529,-0.0197,0.9915,4380,14691.05,22510.1,181.38,4047.9,2946.46,-1506.61
60190,4835,-39,-125.158,0.4721,-0.0159,1.0045,3946,14652.67,22509.57,180.13,4091.4,2905.56,-1508.3
60200,4885,-153,-132.1743,0.4521,-0.0037,1.0012,3979,14614.53,22509.94,178.8,4134.5,2864.19,-1508.11
60210,4933,-176,-59.6007,0.4454,-0.0063,1.0188,3982,14576.39,22511.0,178.2,4177.1,2822.42,-1507.07
60220,4959,-94,49.7577,0.4706,0.0057,0.9911,3882,14538.02,22512.1,178.7,4198.3,2780.42,-1506.74
60230,5005,50,131.206,0.4003,0.0073,0.9908,4067,14499.19,22512.56,180.01,4240.3,2738.08,-1508.36
60240,5030,184,188.0776,-0.015,0.5132,0.9934,4092,14460.29,22512.09,-178.12,4259.0,2695.66,-1512.33
60250,5012,199,109.3417,-0.6185,0.5106,1.0143,3954,14421.98,22510.51,-177.03,4244.6,2653.52,-1517.47
60260,4942,105,0.424,-0.6328,0.4899,0.9796,3827,14384.33,22508.22,-177.02,4185.7,2611.93,-1522.11
60270,4874,-50,-115.7409,-0.6367,-0.0032,0.9895,3732,14347.23,22506.61,-178.18,4126.1,2570.76,-1524.92
60280,4800,-156,-123.0768,-0.6484,0.0012,1.007,3865,14310.28,22505.86,-179.42,4065.5,2530.12,-1525.94
60290,4728,-166,-48.0339,-0.6378,-0.0021,1.012,4155,14273.3,22505.69,-179.9,4004.1,2490.07,-1526.28
60300,4653,-82,55.1502,-0.6219,0.0046,0.9944,4059,14236.05,22505.5,-179.35,3941.6,2450.68,-1527.36
60310,4619,51,129.0521,-0.6339,-0.0152,0.9765,3743,14198.39,22504.67,-178.06,3910.0,2411.67,-1530.19
60320,4543,179,200.0753,-0.6197,0.6251,0.9995,3932,14160.29,22502.93,-176.06,3846.1,2373.52,-1535.17
60330,4506,204,167.1394,0.0001,0.7959,1.0112,3895,14121.8,22500.42,-174.4,3813.2,2335.89,-1541.54
60340,4504,111,56.319,0.0142,0.8028,1.0175,4042,14083.14,22495.56,-173.84,3813.4,2298.27,-1547.83
60350,4532,-45,-76.826,0.4622,0.1753,0.9868,4098,14044.65,22491.45,-174.61,3837.4,2260.22,-1552.76
60360,4584,-160,-122.1731,0.4556,0.0063,0.9955,3937,14006.43,22488.29,-175.83,3883.3,2221.54,-1556.1
60370,4598,-155,-35.0035,-0.6429,0.0005,1.0101,4026,13968.18,22485.68,-176.18,3892.4,2182.7,-1558.98
60380,4522,-55,74.0572,-0.6389,-0.0159,0.9971,3957,13929.8,22482.93,-175.45,3828.2,2144.59,-1562.8
60390,4444,78,139.7118,-0.6426,-0.0045,0.9947,4058,13891.08,22479.38,-174.05,3762.9,2107.38,-1568.35
60400,4366,185,183.8448,-0.0098,0.7995,0.9906,3598,13852.03,22474.87,-172.22,3696.4,2071.15,-1575.74
60410,4365,189,149.0734,0.0059,0.8083,1.0117,4250,13813.14,22469.87,-170.73,3695.0,2035.15,-1584.2
60420,4363,78,38.632,0.4563,0.7964,1.0077,4171,13775.19,22462.62,-170.35,3695.7,1999.11,-1592.33
60430,4422,-67,-65.7555,0.4598,-0.0054,0.9966,4106,13737.74,22456.22,-171.01,3743.3,1962.32,-1599.25
60440,4476,-163,-105.2513,0.4417,0.0071,0.9774,4201,13700.65,22450.74,-172.06,3790.3,1924.83,-1604.91
60450,4505,-139,-11.9208,0.4427,0.0018,0.9979,3898,13663.57,22445.67,-172.19,3813.6,1887.07,-1610.43
60460,4558,-34,88.3282,0.4482,-0.0062,0.9937,3869,13626.47,22440.33,-171.31,3859.8,1849.08,-1617.19
60470,4613,95,138.634,-0.1761,0.0106,1.01,4056,13589.15,22434.17,-169.92,3905.4,1810.99,-1625.88
60480,4566,181,141.335,-0.6278,0.3914,0.9956,3941,13551.53,22427.08,-168.51,3864.9,1773.7,-1636.1
60490,4525,180,126.2535,-0.0092,0.8038,1.01,4399,13513.57,22419.51,-167.25,3832.0,1736.98,-1647.1
60500,4524,64,21.11,0.0189,0.8132,0.9952,3808,13475.83,22410.43,-167.04,3832.0,1700.14,-1657.6
60510,4555,-72,-45.237,0.4451,0.42,1.0082,4131,13438.58,22401.69,-167.5,3855.7,1662.73,-1666.96
60520,4607,-170,-97.3567,0.455,0.0136,1.0103,3972,13401.57,22393.86,-168.48,3901.4,1624.57,-1675.15
60530,4662,-133,1.8082,-0.2327,0.0017,0.9904,3767,13364.55,22386.37,-168.46,3946.5,1585.97,-1683.45
60540,4611,-17,100.1884,-0.6432,0.0017,1.018,3839,13327.53,22378.52,-167.46,3903.7,1548.1,-1692.98
60550,4575,112,140.5347,-0.6371,-0.0048,0.9947,4016,13290.32,22369.76,-166.06,3871.8,1511.05,-1704.27
60560,4497,175,110.3396,-0.6293,-0.0198,0.9737,4129,13252.86,22360.08,-164.96,3807.2,1475.03,-1716.67
60570,4420,165,114.4893,-0.0137,0.7897,0.9781,4034,13215.07,22350.0,-163.82,3741.5,1439.86,-1729.5
60580,4421,42,13.5218,0.0076,0.8043,0.9744,4011,13177.52,22338.85,-163.69,3740.9,1404.48,-1741.72
60590,4421,-79,-21.4913,0.4598,0.7999,1.0064,3760,13140.55,22327.7,-163.9,3742.1,1368.77,-1752.94
60600,4474,-167,-81.4779,0.4475,-0.0026,0.993,3846,13103.86,22317.45,-164.72,3789.1,1332.3,-1763.26
60610,4531,-113,23.9537,0.4256,-0.0088,0.9773,3929,13067.26,22307.43,-164.48,3835.6,1295.46,-1774.0
60620,4587,12,114.854,0.4558,-0.0254,1.0152,3821,13030.78,22296.95,-163.34,3881.5,1258.64,-1786.35
60630,4574,131,138.0671,-0.6257,0.0084,0.9984,3990,12994.27,22285.53,-161.96,3874.2,1222.55,-1800.43
60640,4500,168,77.1219,-0.629,0.164,0.997,3806,12957.56,22273.24,-161.19,3809.6,1187.43,-1815.24
60650,4459,144,88.703,-0.0099,0.778,1.0123,4360,12920.51,22260.68,-160.31,3776.1,1152.77,-1830.24
60660,4460,16,-1.8896,0.0231,0.7764,0.9944,3710,12883.78,22247.57,-160.33,3775.9,1117.8,-1844.5
60670,4489,-97,-13.5533,0.4471,0.6205,1.0094,3933,12847.74,22234.25,-160.47,3799.8,1082.23,-1857.9
60680,4543,-163,-51.841,0.4726,0.012,1.0054,3799,12812.0,22221.78,-160.99,3846.2,1045.95,-1870.74
60690,4571,-94,43.5079,0.4615,0.0116,0.9956,3918,12776.53,22209.47,-160.56,3869.1,1009.66,-1884.21
60700,4622,36,123.4735,0.4313,-0.0054,0.9913,3832,12741.27,22196.63,-159.33,3914.6,973.6,-1899.41
60710,4632,146,131.7391,-0.6374,-0.0095,0.984,3875,12706.15,22182.89,-158.01,3921.8,938.19,-1916.29
60720,4556,165,61.6453,-0.6409,-0.0061,1.0123,4104,12670.87,22168.37,-157.4,3858.1,903.71,-1933.62
60730,4480,120,48.498,-0.0118,0.8066,0.9909,3972,12635.21,22153.63,-156.92,3793.2,869.81,-1950.67
60740,4479,-4,-9.275,0.0043,0.7915,1.0041,3728,12599.31,22138.8,-157.01,3792.4,835.53,-1966.87
60750,4481,-105,-9.8346,0.4425,0.7917,1.0123,3937,12564.07,22123.21,-157.12,3793.4,800.83,-1982.25
60760,4535,-149,-14.0163,0.44,0.0137,1.0082,3730,12529.09,22108.43,-157.26,3839.8,765.54,-1997.41
60770,4591,-78,57.138,0.4648,-0.0182,0.9969,4202,12494.36,22093.73,-156.69,3885.6,730.13,-2013.47
60780,4642,53,129.3784,-0.3337,-0.017,1.0039,3698,12460.03,22078.5,-155.4,3931.0,695.11,-2031.3
60790,4623,150,124.3159,-0.6212,-0.0182,1.0034,4037,12426.59,22062.72,-154.16,3914.2,661.02,-2050.56
60800,4547,161,50.1765,-0.6337,-0.0032,1.0172,3898,12393.94,22046.68,-153.66,3850.3,627.82,-2070.08
60810,4471,107,7.8934,-0.6276,0.7247,1.0029,4113,12361.86,22030.91,-153.59,3785.4,595.05,-2089.06
60820,4431,9,-4.1322,0.0089,0.8122,0.9764,3873,12330.13,22015.91,-153.63,3752.0,562.19,-2107.16
60830,4432,-87,-12.3765,0.0067,0.7955,0.998,4010,12299.43,22000.22,-153.76,3751.9,528.91,-2124.5
60840,4432,-121,36.3798,0.4305,0.7795,0.9731,3713,12269.23,21984.91,-153.4,3753.2,495.52,-2141.67
60850,4488,-121,15.3548,0.4345,0.0282,1.0139,3810,12239.48,21970.01,-153.25,3800.1,461.8,-2159.21
60860,4515,-23,88.0167,0.4524,-0.0021,1.0183,3999,12210.4,21955.1,-152.37,3823.4,428.45,-2177.91
60870,4569,81,118.3084,0.4634,0.0112,0.9958,4078,12182.2,21939.97,-151.19,3869.4,395.51,-2198.2
60880,4606,150,97.3359,-0.6466,0.0033,0.9853,4537,12154.8,21924.57,-150.22,3900.4,363.0,-2219.76
60890,4568,159,37.8412,-0.614,0.0053,0.9948,4034,12128.16,21909.17,-149.84,3868.5,331.05,-2241.58
60900,4491,105,-33.0226,-0.6273,0.2228,0.9894,3883,12102.02,21894.05,-150.18,3803.8,299.4,-2262.68
60910,4454,47,1.0414,-0.0176,0.8067,1.024,3853,12076.31,21879.56,-150.17,3771.1,267.7,-2283.11
60920,4452,-44,-15.8075,-0.1277,0.7947,0.9994,3709,12050.87,21865.79,-150.33,3769.9,235.57,-2302.83
60930,4444,-106,0.8705,-0.6386,0.7845,0.9988,4220,12026.61,21851.34,-150.32,3763.1,203.2,-2322.03
60940,4404,-122,45.9664,-0.6354,0.7841,0.9966,3949,12002.74,21837.27,-149.87,3730.0,171.13,-2341.08
60950,4328,-109,38.1219,-0.6537,-0.008,0.9933,4037,11979.39,21823.58,-149.49,3662.9,139.79,-2360.1
60960,4285,-51,64.9631,-0.6399,0.0045,1.0109,3818,11956.68,21810.04,-148.84,3628.9,109.2,-2379.61
60970,4244,30,92.0834,-0.6402,0.0074,0.9924,4091,11934.67,21796.5,-147.92,3594.5,79.55,-2399.92
60980,4164,98,91.7404,-0.6313,0.0006,0.9921,4223,11913.42,21782.93,-147.01,3524.9,51.12,-2420.77
60990,4122,135,67.2524,-0.6268,-0.0085,1.0023,4039,11892.9,21769.43,-146.34,3489.5,23.45,-2442.06
61000,4080,138,27.8127,-0.621,-0.0041,1.0064,3938,11872.99,21756.08,-146.06,3453.8,-3.74,-2463.39
61010,4036,110,-15.703,-0.6534,-0.0205,0.9975,4214,11853.47,21742.97,-146.23,3417.7,-30.75,-2484.35
61020,3994,56,-53.7722,-0.6446,-0.0079,1.0145,4031,11833.96,21730.04,-146.77,3381.2,-57.86,-2504.58
61030,3907,18,-5.7931,-0.638,0.6206,1.0043,4037,11814.32,21717.36,-146.83,3307.1,-84.66,-2523.96
61040,3862,-45,-12.6014,-0.638,0.6131,0.9897,3851,11794.43,21704.94,-146.96,3269.4,-111.5,-2542.65
61050,3817,-87,1.4682,-0.6221,0.5833,1.0006,4462,11774.59,21692.12,-146.94,3231.2,-138.25,-2560.79
61060,3771,-103,33.2915,-0.6455,0.5856,0.9974,4206,11755.07,21678.76,-146.61,3192.6,-164.72,-2578.67
61070,3726,-87,75.0446,-0.6471,0.5713,0.9769,4116,11735.52,21665.5,-145.87,3153.5,-190.64,-2596.68
61080,3678,-68,48.5016,-0.6222,0.2154,1.0002,3943,11716.01,21652.16,-145.39,3114.0,-215.94,-2614.85
61090,3583,-9,74.0887,-0.6415,-0.012,0.999,4151,11696.61,21638.59,-144.65,3033.3,-240.11,-2633.19
61100,3532,51,88.8236,-0.6257,-0.0039,0.9886,3725,11677.27,21624.65,-143.76,2992.1,-263.36,-2651.99
61110,3484,98,81.2324,-0.6378,-0.0155,0.9887,3963,11658.26,21610.49,-142.95,2950.4,-285.77,-2671.19
61120,3435,119,54.3014,-0.6487,0.0078,1.0029,4242,11639.53,21596.2,-142.41,2908.0,-307.5,-2690.53
61130,3384,111,15.1296,-0.6228,0.0063,1.0085,3722,11620.88,21581.79,-142.26,2865.1,-328.82,-2709.69
61140,3280,76,-27.7332,-0.6239,0.0069,1.0078,3788,11602.19,21567.38,-142.54,2777.2,-349.66,-2728.06
61150,3227,25,-64.1027,-0.6102,-0.018,0.9774,3910,11583.33,21553.09,-143.19,2732.2,-370.56,-2745.67
61160,3172,-49,-128.7157,-0.6437,0.3048,1.0047,3716,11564.43,21539.16,-144.48,2686.4,-391.74,-2762.18
61170,3118,-98,-142.8327,-0.6449,0.3103,0.9926,4003,11545.44,21525.6,-145.91,2639.8,-413.18,-2777.59
61180,3062,-127,-123.5777,-0.6399,0.287,1.0182,4252,11526.15,21512.48,-147.15,2592.4,-434.73,-2792.01
61190,3005,-130,-89.0257,-0.6456,0.3029,1.0054,4348,11506.18,21500.35,-148.04,2544.2,-456.19,-2805.71
61200,2887,-102,-47.4529,-0.6469,0.2617,1.0107,4295,11486.02,21488.16,-148.52,2444.7,-476.87,-2818.76
61210,2829,-89,-85.1399,-0.6558,0.7947,0.9891,4380,11465.91,21475.85,-149.38,2393.5,-497.2,-2831.43
61220,2766,-60,-112.9648,-0.03,0.7938,1.0001,4061,11446.06,21463.37,-150.51,2341.1,-517.15,-2843.69
61230,2761,-16,-104.4306,0.0101,0.8091,1.0094,4053,11426.3,21450.76,-151.56,2339.1,-537.11,-2855.86
61240,2761,16,-116.5187,0.0338,0.7961,1.0067,3995,11404.88,21441.21,-152.72,2339.0,-557.16,-2867.89
61250,2763,26,-147.3003,0.0439,0.7706,1.0042,4310,11383.38,21431.34,-154.2,2340.8,-577.44,-2879.58
61260,2810,17,-184.7372,-0.1787,0.8021,0.9861,3635,11361.88,21421.36,-156.05,2378.7,-598.42,-2890.81
61270,2791,-16,-225.8798,-0.0275,0.777,0.9983,4283,11340.47,21411.5,-158.31,2363.6,-619.75,-2901.01
61280,2787,-63,-259.2582,-0.005,0.8017,1.0049,3826,11318.95,21401.84,-160.91,2361.7,-641.59,-2909.94
61290,2791,-111,-275.6308,0.0233,0.7888,0.9935,4149,11296.12,21396.05,-163.67,2361.5,-663.98,-2917.49
61300,2790,-149,-272.6053,0.0154,0.7898,1.0126,4069,11272.97,21390.75,-166.4,2363.3,-686.79,-2923.65
61310,2840,-169,-242.2899,-0.5756,0.7838,1.0028,3865,11249.68,21385.72,-168.82,2404.0,-710.31,-2928.68
61320,2782,-162,-209.8327,-0.0325,0.7964,0.9994,3837,11226.52,21380.9,-170.92,2357.1,-733.53,-2932.71
61330,2781,-139,-166.9891,0.0011,0.7922,0.9987,4236,11203.41,21376.07,-172.6,2355.1,-756.84,-2936.11
61340,2782,-96,-129.5807,0.0119,0.8043,0.9997,3753,11179.86,21374.41,-173.9,2354.9,-780.19,-2939.23
61350,2782,-44,-106.1861,0.0396,0.7952,1.0016,3747,11156.29,21373.06,-174.96,2356.6,-803.54,-2942.28
61360,2787,0,-98.2048,0.1881,0.8004,0.9872,4392,11132.95,21371.36,-175.95,2360.1,-826.95,-2945.29
61370,2756,22,-122.8657,-0.0079,0.7924,1.0118,3633,11109.81,21369.36,-177.18,2333.7,-850.13,-2948.02
61380,2754,27,-156.4663,-0.0082,0.7968,0.9997,3987,11086.66,21367.14,181.25,2331.5,-873.35,-2950.27
61390,2753,11,-197.9644,0.0167,0.8005,1.0006,3967,11063.49,21367.66,179.27,2331.3,-896.63,-2951.71
61400,2756,-29,-238.7655,0.05,0.7858,0.9922,4055,11040.19,21369.5,176.88,2332.9,-919.96,-2951.97
61410,2759,-75,-266.5158,0.4372,0.8052,1.011,3752,11016.61,21371.63,174.21,2336.5,-943.3,-2950.84
61420,2804,-124,-280.6556,-0.2662,0.794,1.0019,3754,10992.91,21374.13,171.4,2374.2,-966.89,-2948.16
61430,2773,-160,-271.1386,0.0056,0.7798,0.981,4074,10969.28,21376.97,168.69,2349.5,-990.01,-2944.08
61440,2774,-172,-242.3112,0.01,0.8103,1.0071,4126,10946.17,21382.43,166.26,2349.2,-1012.92,-2938.83
61450,2777,-161,-201.1186,0.0598,0.8029,0.9954,3972,10923.42,21389.62,164.25,2350.8,-1035.64,-2932.74
61460,2780,-126,-149.2789,0.4429,0.8117,0.9915,3962,10900.86,21396.69,162.75,2354.3,-1058.25,-2926.19
61470,2825,-81,-119.9762,-0.4658,0.7905,0.9991,4268,10878.57,21403.44,161.55,2391.6,-1081.17,-2919.33
61480,2778,-32,-102.6933,0.0079,0.7976,0.9967,4128,10856.28,21409.87,160.52,2351.4,-1103.68,-2912.53
61490,2775,7,-105.2812,0.0251,0.81,1.0078,4249,10834.5,21417.65,159.46,2351.0,-1126.15,-2905.64
61500,2780,28,-127.2641,0.0295,0.7955,0.9929,4014,10813.26,21427.19,158.19,2352.5,-1148.58,-2898.48
61510,2782,27,-164.5109,0.4403,0.7884,0.9887,4141,10791.71,21436.68,156.54,2355.9,-1170.85,-2890.77
61520,2826,5,-202.306,-0.3025,0.795,0.9922,4200,10770.0,21446.22,154.51,2393.2,-1193.15,-2882.07
61530,2798,-40,-246.1514,-0.0198,0.789,1.0064,3944,10748.31,21455.92,152.05,2367.1,-1214.74,-2872.3
61540,2793,-90,-271.7881,0.0172,0.784,1.0029,3669,10727.42,21467.05,149.33,2364.4,-1235.64,-2861.24
61550,2794,-134,-277.4659,0.0332,0.7977,1.019,4366,10708.01,21480.78,146.55,2365.8,-1255.8,-2848.87
61560,2799,-163,-260.3879,-0.1607,0.7966,0.9778,4041,10688.87,21494.73,143.94,2369.1,-1275.26,-2835.32
61570,2783,-169,-227.4307,-0.3679,0.7899,0.9892,4040,10670.14,21508.66,141.66,2355.5,-1293.96,-2820.97
61580,2747,-154,-189.8745,-0.0439,0.8012,1.0111,4195,10651.6,21522.55,139.76,2325.8,-1311.93,-2806.2
61590,2744,-119,-149.9984,0.0187,0.7959,1.004,3895,10633.58,21536.98,138.26,2323.3,-1329.61,-2791.11
61600,2745,-75,-119.7611,0.0407,0.7998,1.0053,3663,10617.44,21553.67,137.06,2324.4,-1347.15,-2775.86
61610,2749,-25,-106.735,0.4608,0.7994,0.9938,3569,10600.89,21570.31,135.99,2327.8,-1364.68,-2760.55
61620,2794,15,-105.3828,0.1686,0.773,1.0039,3829,10583.83,21586.95,134.93,2365.5,-1382.44,-2744.91
61630,2812,34,-134.6324,-0.028,0.8067,0.9978,4016,10566.46,21603.49,133.58,2379.9,-1400.11,-2728.94
61640,2807,23,-175.9964,0.0096,0.8099,0.9913,3907,10549.3,21620.27,131.82,2377.6,-1417.27,-2712.49
61650,2810,-10,-220.2321,0.0334,0.7929,0.9931,3827,10534.81,21639.38,129.61,2378.5,-1433.7,-2695.27
61660,2814,-53,-254.2987,-0.0226,0.8051,0.9808,4089,10520.57,21658.49,127.07,2381.6,-1449.18,-2677.15
61670,2811,-100,-266.4593,-0.6301,0.7787,0.9885,3772,10506.82,21677.48,124.4,2380.6,-1463.5,-2658.14
61680,2748,-145,-275.5212,-0.0159,0.7826,0.9921,3877,10493.46,21696.52,121.64,2327.9,-1476.29,-2638.7
61690,2746,-167,-255.7721,-0.0092,0.791,1.0041,3788,10480.37,21715.71,119.08,2325.3,-1487.98,-2618.6
61700,2747,-168,-221.1404,0.0144,0.7844,1.0014,4053,10470.86,21736.98,116.86,2324.7,-1498.79,-2598.0
61710,2750,-146,-180.5643,0.3815,0.797,0.9966,3852,10461.38,21758.45,115.06,2329.4,-1509.01,-2577.06
61720,2788,-106,-137.6886,0.1261,0.7962,1.0075,3807,10451.8,21779.82,113.68,2362.2,-1519.05,-2555.7
61730,2801,-57,-106.5835,-0.0355,0.7897,1.0125,4288,10442.04,21800.93,112.61,2371.7,-1529.03,-2534.18
61740,2799,-12,-98.907,-0.0071,0.8058,1.0163,3916,10431.96,21821.88,111.62,2369.3,-1538.95,-2512.66
61750,2798,19,-111.0339,0.0141,0.8111,1.0047,3683,10424.61,21843.9,110.5,2368.7,-1548.72,-2491.07
61760,2800,30,-141.3308,0.0496,0.8008,1.0076,4188,10417.55,21866.26,109.09,2370.0,-1558.14,-2469.3
61770,2803,20,-179.4467,-0.6405,0.7766,0.9922,3793,10410.23,21889.05,107.29,2374.1,-1566.92,-2447.24
61780,2742,-25,-242.2515,-0.0222,0.7896,1.0008,3860,10402.84,21912.33,104.86,2321.3,-1574.42,-2425.27
61790,2740,-78,-282.7,-0.0114,0.8031,0.9995,3958,10395.56,21936.11,102.03,2318.6,-1580.52,-2402.88
61800,2739,-129,-303.818,0.0094,0.794,1.002,4167,10392.01,21961.08,98.99,2317.9,-1585.06,-2380.14
61810,2744,-168,-299.2758,0.4612,0.7866,1.0056,3802,10389.65,21986.73,96.0,2322.4,-1588.07,-2357.1
61820,2789,-180,-259.0253,0.4416,0.7804,1.0094,3804,10387.58,22012.83,93.4,2360.2,-1589.85,-2333.54
61830,2831,-163,-207.7681,0.0363,0.7867,1.0075,3882,10385.61,22039.31,91.32,2397.4,-1590.79,-2309.58
61840,2831,-119,-158.1427,0.0069,0.8031,0.9997,4129,10384.36,22066.19,89.74,2398.8,-1591.28,-2285.61
61850,2834,-61,-121.8746,0.0316,0.796,0.987,4106,10386.31,22093.57,88.52,2399.9,-1591.63,-2261.62
61860,2838,-6,-109.0674,-0.3097,0.799,0.998,4324,10387.8,22121.36,87.42,2402.7,-1591.96,-2237.59
61870,2745,16,-154.7405,-0.029,0.7981,1.0052,4024,10388.85,22149.67,85.87,2324.7,-1591.99,-2214.34
61880,2743,7,-211.2008,-0.0097,0.786,1.009,4088,10389.64,22178.5,83.76,2322.0,-1591.26,-2191.12
61890,2743,-37,-279.5177,0.0337,0.7829,1.0076,4024,10395.04,22207.18,80.96,2322.3,-1589.24,-2167.97
61900,2747,-98,-335.9233,0.4447,0.7828,1.0058,3877,10401.34,22236.22,77.6,2325.5,-1585.53,-2145.01
61910,2756,-162,-353.3052,-0.032,0.7993,0.9938,3944,10408.26,22265.56,74.06,2332.9,-1579.92,-2122.36
61920,2751,-196,-337.2479,-0.0074,0.7995,1.0025,4375,10415.72,22294.77,70.68,2330.1,-1572.68,-2100.22
61930,2752,-190,-277.9563,0.0448,0.7988,1.0016,3864,10427.58,22322.16,67.9,2330.3,-1564.24,-2078.49
61940,2757,-148,-209.0487,0.4502,0.7958,1.0011,3528,10440.08,22349.21,65.81,2333.3,-1555.13,-2056.99
61950,2844,-68,-111.3516,0.4571,0.6862,0.9978,4063,10452.27,22376.38,64.69,2408.1,-1545.66,-2034.85
61960,2888,-2,-86.2621,0.4591,0.7102,0.9953,3971,10464.05,22404.01,63.83,2444.6,-1536.15,-2012.32
61970,2972,35,-108.9089,0.4677,0.7584,1.0029,4056,10478.5,22430.41,62.73,2516.0,-1526.26,-1989.17
61980,3012,34,-162.044,0.4293,0.7602,1.0167,3884,10493.02,22456.27,61.11,2550.9,-1515.72,-1965.94
61990,3094,55,-66.0151,0.4646,-0.0201,1.0077,4010,10507.28,22481.64,60.45,2619.5,-1504.49,-1942.26
62000,3132,3,-84.7757,0.4456,0.0112,1.0107,3765,10521.66,22506.6,59.6,2653.1,-1492.42,-1918.65
62010,3212,-65,-106.4855,0.4406,0.0702,1.0142,4057,10536.46,22531.3,58.53,2719.0,-1479.14,-1894.91
62020,3251,-152,-200.8715,0.4404,0.7001,1.0015,3990,10551.74,22555.8,56.52,2751.4,-1464.5,-1871.6
62030,3286,-175,-191.6979,0.4607,0.7173,1.0009,4145,10567.47,22580.35,54.6,2783.4,-1448.73,-1848.66
62040,3362,-138,-128.5874,0.4428,0.7303,0.9892,4075,10585.28,22604.01,53.31,2846.3,-1432.19,-1825.48
62050,3398,-70,-70.9912,0.4518,0.7344,1.0003,3955,10603.91,22627.57,52.6,2877.3,-1415.51,-1802.04
62060,3469,47,62.0192,0.4616,0.0071,0.9916,3831,10622.14,22651.46,53.21,2938.2,-1399.23,-1777.59
62070,3504,116,95.7986,0.4573,-0.0119,0.9892,3978,10639.7,22675.38,54.17,2968.2,-1383.59,-1752.37
62080,3575,128,46.3659,-0.0823,0.0115,0.9921,4048,10656.91,22699.47,54.63,3027.3,-1368.05,-1726.38
62090,3569,54,-123.6935,-0.6339,0.5356,0.9871,4128,10674.08,22723.61,53.39,3021.2,-1351.91,-1700.82
62100,3518,-38,-230.2785,-0.0183,0.8088,0.9848,4198,10691.61,22747.79,51.09,2978.6,-1334.65,-1676.54
62110,3518,-118,-263.4385,0.0247,0.8044,0.9852,3871,10711.45,22770.59,48.45,2978.3,-1315.84,-1653.44
62120,3519,-173,-250.471,0.4433,0.7961,0.9884,3759,10732.49,22792.34,45.94,2980.5,-1295.66,-1631.52
62130,3555,-146,-93.2915,0.4477,0.2755,1.0153,4005,10753.42,22813.4,45.01,3010.0,-1274.72,-1609.87
62140,3555,-94,19.2059,-0.6368,-0.0028,0.9969,3858,10774.14,22834.15,45.19,3008.0,-1253.92,-1588.1
62150,3504,-20,77.1549,-0.6255,-0.0005,1.0056,4231,10794.65,22855.05,45.96,2966.5,-1234.03,-1566.08
62160,3402,13,0.6215,-0.0142,0.7926,1.0039,4325,10814.81,22876.29,45.97,2881.7,-1215.11,-1544.37
62170,3403,50,-60.523,0.0044,0.7938,0.9958,3824,10834.76,22898.11,45.36,2879.9,-1196.32,-1522.51
62180,3400,66,-108.6848,0.0098,0.8132,0.9814,3915,10856.26,22918.98,44.27,2879.4,-1177.36,-1500.84
62190,3405,31,-179.224,0.4485,0.7969,1.0002,4046,10878.87,22939.39,42.47,2880.6,-1157.64,-1479.79
62200,3474,-1,-132.9342,0.4152,-0.0089,1.0073,4001,10901.66,22959.6,41.14,2941.5,-1136.73,-1459.1
62210,3509,-57,-109.3786,0.4515,-0.0066,0.9875,3856,10924.43,22979.12,40.05,2971.4,-1114.84,-1439.02
62220,3580,-116,-98.9766,-0.4601,-0.0013,1.0001,3961,10947.48,22998.14,39.05,3030.5,-1091.8,-1419.31
62230,3545,-169,-158.3019,-0.618,0.6391,1.0131,4082,10970.81,23016.86,37.47,3001.6,-1068.28,-1400.63
62240,3495,-150,-137.6244,-0.0078,0.8121,1.0047,4027,10994.32,23035.6,36.09,2958.8,-1044.71,-1382.72
62250,3493,-76,-76.3525,0.0037,0.8048,0.995,4344,11019.26,23052.88,35.32,2958.6,-1021.19,-1364.8
62260,3496,1,-43.486,0.4301,0.7964,1.0104,3850,11044.2,23069.64,34.89,2961.0,-997.84,-1346.6
62270,3532,96,54.8129,0.4493,0.1693,1.0106,3958,11068.37,23086.54,35.43,2990.8,-974.74,-1327.6
62280,3602,130,51.4443,-0.5702,0.0069,0.9949,4098,11092.01,23103.55,35.94,3049.4,-951.53,-1307.79
62290,3558,97,-12.2115,-0.631,0.0005,1.0103,3927,11115.56,23120.61,35.82,3013.0,-928.53,-1288.33
62300,3462,-11,-176.6645,-0.0492,0.7983,0.9894,3979,11139.27,23137.53,34.05,2929.5,-905.34,-1270.38
62310,3458,-106,-259.1238,-0.0029,0.7988,0.9857,4011,11163.48,23154.22,31.45,2927.9,-881.09,-1253.98
62320,3460,-166,-257.6703,0.0294,0.788,0.9883,4084,11189.42,23168.85,28.87,2927.7,-855.84,-1239.11
62330,3459,-184,-216.0982,0.4493,0.8099,1.0065,4029,11216.44,23182.27,26.71,2929.0,-829.92,-1225.45
62340,3530,-122,-46.9847,0.4496,-0.0088,1.0034,3610,11243.23,23195.42,26.24,2988.9,-803.36,-1211.72
62350,3566,-36,70.142,0.4475,0.0035,0.9969,4141,11269.63,23208.61,26.93,3018.3,-776.88,-1197.2
62360,3625,44,105.9709,-0.623,0.0003,1.0003,4054,11295.81,23222.2,27.99,3071.2,-750.54,-1181.46
62370,3578,72,9.405,-0.6378,0.7412,0.9809,3903,11321.77,23236.31,28.08,3030.5,-724.84,-1165.41
62380,3530,75,-87.6879,0.0145,0.7777,0.9997,3996,11347.8,23250.96,27.2,2988.3,-699.41,-1149.67
62390,3529,46,-155.9443,0.0119,0.7951,0.9887,4051,11375.01,23264.19,25.64,2988.2,-673.56,-1134.66
62400,3532,-22,-220.8133,0.4658,0.7868,1.0077,3800,11402.76,23276.13,23.43,2990.8,-646.97,-1120.99
62410,3566,-62,-160.1759,0.456,0.072,0.986,3823,11430.13,23287.39,21.82,3020.3,-619.51,-1108.42
62420,3600,-106,-101.673,-0.2519,-0.0031,0.9959,4109,11457.29,23297.98,20.8,3049.5,-591.36,-1096.73
62430,3535,-130,-62.2475,-0.6382,0.0008,0.9983,4287,11484.55,23308.14,20.18,2992.8,-563.45,-1085.87
62440,3485,-139,-93.0994,-0.6385,0.4082,0.9901,3886,11511.86,23318.15,19.24,2951.1,-535.78,-1075.6
62450,3433,-100,-93.4153,-0.0048,0.8005,0.9914,3967,11539.3,23328.37,18.31,2907.3,-508.47,-1065.64
62460,3433,-23,-53.8781,-0.0044,0.782,0.9849,4174,11567.52,23337.4,17.77,2906.8,-481.25,-1055.44
62470,3435,41,-51.998,0.4541,0.8098,1.0027,4022,11596.48,23345.72,17.24,2908.7,-454.11,-1044.97
62480,3472,102,-0.981,0.4507,0.4096,0.9935,4051,11625.75,23354.63,17.23,2939.0,-426.79,-1034.07
62490,3542,108,1.8405,0.4425,0.0026,1.0019,44286,11655.43,23363.87,17.24,2998.7,0.0,0.0
62500,3575,74,-31.8517,-0.525,0.0028,1.0161,44569,11672.52,23369.13,16.92,3028.1,28.24,10.92
